{
    "type": "FeatureCollection",
    "name": "PRIME_AREA",
    "crs": {
        "type": "name",
        "properties": {
            "name": "urn:ogc:def:crs:EPSG::26331"
        }
    },
    "features": [
        {
            "type": "Feature",
            "properties": {
                "Layer": "IFO",
                "Linetype": null,
                "EntityHand": "45",
                "Text": "P",
                "AREA_DEL": "PRIME",
                "polygon": null,
                "x": 522330.411,
                "y": 750943.319
            },
            "geometry": {
                "type": "MultiPolygon",
                "coordinates": [
                    [
                        [
                            [
                                520992.544,
                                753603.748
                            ],
                            [
                                520483.115,
                                754240.049000000231899
                            ],
                            [
                                520851.975,
                                754374.139
                            ],
                            [
                                521382.231,
                                754629.555
                            ],
                            [
                                521188.44700000010198,
                                755199.912000000127591
                            ],
                            [
                                521950.244,
                                755243.561
                            ],
                            [
                                522038.309,
                                754274.214000000152737
                            ],
                            [
                                522385.604000000108499,
                                754022.842
                            ],
                            [
                                522043.341,
                                753495.07
                            ],
                            [
                                522039.323,
                                753143.314
                            ],
                            [
                                522644.201,
                                752392.267000000108965
                            ],
                            [
                                522824.054,
                                751903.041
                            ],
                            [
                                523047.609,
                                751365.165000000153668
                            ],
                            [
                                523048.054,
                                751353.540000000153668
                            ],
                            [
                                523340.409,
                                750963.249
                            ],
                            [
                                523351.858,
                                750951.908
                            ],
                            [
                                523630.312,
                                750457.905000000144355
                            ],
                            [
                                523615.760000000125729,
                                750159.499
                            ],
                            [
                                523626.935,
                                750148.559
                            ],
                            [
                                523868.71200000011595,
                                749490.083
                            ],
                            [
                                523879.853,
                                749468.851
                            ],
                            [
                                523878.494,
                                748985.495
                            ],
                            [
                                523878.894,
                                748964.736
                            ],
                            [
                                523814.669,
                                748492.72
                            ],
                            [
                                523805.04,
                                748452.189
                            ],
                            [
                                523784.757,
                                748421.821
                            ],
                            [
                                523983.932,
                                747998.058
                            ],
                            [
                                524170.138281973195262,
                                747629.728592516272329
                            ],
                            [
                                524147.386,
                                746887.69400000013411
                            ],
                            [
                                524133.869835314922966,
                                746628.353966276044957
                            ],
                            [
                                523271.895,
                                747182.928
                            ],
                            [
                                522534.637,
                                748099.915000000153668
                            ],
                            [
                                522284.832,
                                748289.558
                            ],
                            [
                                522170.469,
                                748807.743
                            ],
                            [
                                522010.15,
                                749034.333
                            ],
                            [
                                522267.513,
                                749410.266
                            ],
                            [
                                522508.649,
                                749505.828
                            ],
                            [
                                522332.649,
                                749793.69400000013411
                            ],
                            [
                                522026.341,
                                750031.604
                            ],
                            [
                                521612.979,
                                750062.945
                            ],
                            [
                                521112.574,
                                750357.419000000110827
                            ],
                            [
                                520876.007,
                                751701.650000000139698
                            ],
                            [
                                520906.449,
                                752406.372
                            ],
                            [
                                520970.902,
                                752916.710999999893829
                            ],
                            [
                                520619.449,
                                753227.999
                            ],
                            [
                                520992.544,
                                753603.748
                            ]
                        ]
                    ]
                ]
            }
        },
        {
            "type": "Feature",
            "properties": {
                "Layer": "OTA_OJODU_ALAGBADO",
                "Linetype": null,
                "EntityHand": "B4",
                "Text": "P",
                "AREA_DEL": "PRIME",
                "polygon": null,
                "x": 528331.876,
                "y": 740194.486
            },
            "geometry": {
                "type": "MultiPolygon",
                "coordinates": [
                    [
                        [
                            [
                                521392.846,
                                726897.296
                            ],
                            [
                                521392.846,
                                726897.296
                            ],
                            [
                                520718.417,
                                727814.83400000014808
                            ],
                            [
                                520550.61,
                                728395.068
                            ],
                            [
                                520542.175,
                                728667.412
                            ],
                            [
                                520957.403,
                                729285.509
                            ],
                            [
                                521351.37,
                                730060.123000000137836
                            ],
                            [
                                521500.582000000111293,
                                731192.623
                            ],
                            [
                                521605.554,
                                732500.896
                            ],
                            [
                                521595.461,
                                732527.996
                            ],
                            [
                                519677.333,
                                733226.198
                            ],
                            [
                                518679.483,
                                733573.433
                            ],
                            [
                                517476.915,
                                733950.08
                            ],
                            [
                                517820.682,
                                734479.089999999850988
                            ],
                            [
                                517510.385,
                                735495.542
                            ],
                            [
                                516432.258,
                                735478.762
                            ],
                            [
                                516124.07,
                                736245.734
                            ],
                            [
                                516186.826,
                                736974.338
                            ],
                            [
                                515937.81,
                                737339.547000000136904
                            ],
                            [
                                516441.433,
                                738126.515
                            ],
                            [
                                516877.918,
                                738731.059
                            ],
                            [
                                517858.472,
                                739448.485000000102445
                            ],
                            [
                                518644.748,
                                739729.385
                            ],
                            [
                                519715.319,
                                740223.210999999893829
                            ],
                            [
                                521007.495,
                                740811.06
                            ],
                            [
                                521550.065,
                                740962.788
                            ],
                            [
                                521585.922,
                                741264.87900000018999
                            ],
                            [
                                522188.912,
                                742502.539000000106171
                            ],
                            [
                                523158.662,
                                743732.572
                            ],
                            [
                                523646.287,
                                744784.399
                            ],
                            [
                                524074.952000000106636,
                                745497.874
                            ],
                            [
                                524147.386,
                                746887.69400000013411
                            ],
                            [
                                524227.349,
                                749495.578
                            ],
                            [
                                525133.657,
                                749950.423
                            ],
                            [
                                526105.27,
                                749531.665000000153668
                            ],
                            [
                                526253.714,
                                750051.583000000100583
                            ],
                            [
                                526721.463,
                                750540.146
                            ],
                            [
                                527885.253,
                                750141.753000000142492
                            ],
                            [
                                528658.549,
                                750815.353
                            ],
                            [
                                530587.308,
                                749668.676
                            ],
                            [
                                531641.628000000142492,
                                749066.703
                            ],
                            [
                                532679.0,
                                748740.113000000128523
                            ],
                            [
                                532929.794,
                                748251.488
                            ],
                            [
                                532138.729,
                                747936.391
                            ],
                            [
                                531062.582,
                                746950.922
                            ],
                            [
                                533013.025,
                                747692.950999999884516
                            ],
                            [
                                533040.735,
                                746840.53
                            ],
                            [
                                533723.408999999868684,
                                747109.271
                            ],
                            [
                                534349.55,
                                746525.442
                            ],
                            [
                                534765.223,
                                746497.656
                            ],
                            [
                                535695.748000000137836,
                                746100.578
                            ],
                            [
                                536302.48,
                                745855.064
                            ],
                            [
                                536743.558,
                                744886.536
                            ],
                            [
                                537491.693,
                                744746.120000000111759
                            ],
                            [
                                537807.872,
                                744229.824000000138767
                            ],
                            [
                                538157.662,
                                743678.522
                            ],
                            [
                                538951.719000000157394,
                                743494.182999999844469
                            ],
                            [
                                539443.31,
                                742857.401
                            ],
                            [
                                539602.458,
                                742273.030000000144355
                            ],
                            [
                                539763.784,
                                741461.276
                            ],
                            [
                                540451.885,
                                740866.006
                            ],
                            [
                                540433.069,
                                740561.259
                            ],
                            [
                                540304.010000000125729,
                                740232.568
                            ],
                            [
                                541118.113000000128523,
                                739761.229
                            ],
                            [
                                541136.235,
                                739146.618
                            ],
                            [
                                541324.024,
                                739004.022
                            ],
                            [
                                541425.922,
                                738570.999
                            ],
                            [
                                541610.625,
                                737640.109999999869615
                            ],
                            [
                                541757.645000000135042,
                                737394.965
                            ],
                            [
                                541820.918,
                                737191.519
                            ],
                            [
                                542027.655,
                                736809.47
                            ],
                            [
                                542194.729,
                                736558.932000000146218
                            ],
                            [
                                542284.646,
                                736523.625000000116415
                            ],
                            [
                                542354.039,
                                736443.23700000019744
                            ],
                            [
                                542366.101,
                                736335.504
                            ],
                            [
                                542011.008,
                                736368.452
                            ],
                            [
                                541753.593,
                                736380.763
                            ],
                            [
                                541674.991,
                                735800.248
                            ],
                            [
                                542052.836,
                                734581.553
                            ],
                            [
                                542710.62,
                                734154.625
                            ],
                            [
                                542464.484,
                                733785.248060785699636
                            ],
                            [
                                541878.641,
                                733765.343
                            ],
                            [
                                541090.258,
                                734002.914000000222586
                            ],
                            [
                                540261.302,
                                734914.699000000138767
                            ],
                            [
                                539099.458,
                                735236.662000000127591
                            ],
                            [
                                538959.703,
                                735434.166
                            ],
                            [
                                539028.255000000121072,
                                735626.207
                            ],
                            [
                                539263.804000000120141,
                                735822.07100000011269
                            ],
                            [
                                538612.531,
                                736173.054
                            ],
                            [
                                538237.72600000014063,
                                737316.499
                            ],
                            [
                                538178.175999999861233,
                                737450.275000000139698
                            ],
                            [
                                538076.676,
                                737535.0
                            ],
                            [
                                537747.859999999869615,
                                737340.424000000231899
                            ],
                            [
                                537147.514,
                                737347.582000000169501
                            ],
                            [
                                536437.221,
                                737307.467
                            ],
                            [
                                535442.929,
                                737628.050999999861233
                            ],
                            [
                                535057.683,
                                737725.224
                            ],
                            [
                                534672.143,
                                737719.324000000138767
                            ],
                            [
                                534440.047,
                                737885.987
                            ],
                            [
                                533958.696,
                                738246.173
                            ],
                            [
                                533478.151,
                                738319.423
                            ],
                            [
                                533055.168,
                                738631.519
                            ],
                            [
                                532439.407,
                                738742.855
                            ],
                            [
                                532439.398,
                                738826.974
                            ],
                            [
                                532190.879,
                                738846.964000000152737
                            ],
                            [
                                531887.865,
                                738925.589000000152737
                            ],
                            [
                                531555.686,
                                739078.248
                            ],
                            [
                                531305.847,
                                739340.556
                            ],
                            [
                                531084.655,
                                739551.57
                            ],
                            [
                                530978.809000000124797,
                                739691.106
                            ],
                            [
                                530822.463,
                                739839.551
                            ],
                            [
                                530225.314000000129454,
                                740309.805
                            ],
                            [
                                529917.288,
                                740293.273
                            ],
                            [
                                529810.009,
                                740432.732
                            ],
                            [
                                529648.743,
                                740469.029
                            ],
                            [
                                529451.198,
                                740514.622
                            ],
                            [
                                529351.882,
                                740519.527
                            ],
                            [
                                529223.16,
                                740500.522000000113621
                            ],
                            [
                                529114.944,
                                740452.011
                            ],
                            [
                                528963.780000000144355,
                                740412.286
                            ],
                            [
                                528866.7410000001546,
                                740379.17
                            ],
                            [
                                528571.616,
                                740140.474
                            ],
                            [
                                528524.639,
                                739513.476
                            ],
                            [
                                528491.385,
                                739333.523
                            ],
                            [
                                528448.323,
                                739177.446
                            ],
                            [
                                528503.668,
                                738625.94
                            ],
                            [
                                527891.143,
                                737792.492
                            ],
                            [
                                527252.355,
                                736917.71
                            ],
                            [
                                526419.736,
                                736228.731
                            ],
                            [
                                526385.884,
                                731559.843
                            ],
                            [
                                525616.912,
                                730690.904
                            ],
                            [
                                525177.342,
                                730223.739
                            ],
                            [
                                524892.469999999855645,
                                729642.588
                            ],
                            [
                                523608.338,
                                728909.495
                            ],
                            [
                                522625.832000000111293,
                                727862.363
                            ],
                            [
                                521392.85,
                                726897.296
                            ],
                            [
                                521392.846,
                                726897.296
                            ]
                        ]
                    ]
                ]
            }
        },
        {
            "type": "Feature",
            "properties": {
                "Layer": "SAGAMU",
                "Linetype": null,
                "EntityHand": "1EC",
                "Text": "P",
                "AREA_DEL": "PRIME",
                "polygon": null,
                "x": 570797.179,
                "y": 756304.248
            },
            "geometry": {
                "type": "MultiPolygon",
                "coordinates": [
                    [
                        [
                            [
                                569549.667,
                                754916.286
                            ],
                            [
                                569442.978,
                                754807.852
                            ],
                            [
                                568611.103,
                                755271.085999999893829
                            ],
                            [
                                568482.433,
                                755876.006
                            ],
                            [
                                568655.223,
                                756860.006
                            ],
                            [
                                569148.692999999853782,
                                757397.277000000118278
                            ],
                            [
                                569302.355,
                                757777.755
                            ],
                            [
                                568826.092,
                                758634.813
                            ],
                            [
                                569702.976,
                                758915.455999999772757
                            ],
                            [
                                570111.208,
                                759184.901
                            ],
                            [
                                571209.531,
                                758325.47
                            ],
                            [
                                571113.111000000149943,
                                757795.012
                            ],
                            [
                                571551.035,
                                757812.884
                            ],
                            [
                                572327.604,
                                757459.472
                            ],
                            [
                                572655.344,
                                757445.19600000011269
                            ],
                            [
                                573028.053,
                                756520.32
                            ],
                            [
                                573449.474,
                                755936.682000000146218
                            ],
                            [
                                573083.009,
                                755477.524
                            ],
                            [
                                572400.122,
                                754919.12900000018999
                            ],
                            [
                                572930.707,
                                754474.163
                            ],
                            [
                                572614.594000000157394,
                                753949.099999999860302
                            ],
                            [
                                571687.780999999842606,
                                754041.338
                            ],
                            [
                                570957.094999999855645,
                                754270.17
                            ],
                            [
                                570621.028,
                                754101.243000000133179
                            ],
                            [
                                570133.075,
                                754130.785000000149012
                            ],
                            [
                                569549.667,
                                754916.286
                            ]
                        ]
                    ]
                ]
            }
        },
        {
            "type": "Feature",
            "properties": {
                "Layer": "OGIJO",
                "Linetype": null,
                "EntityHand": "20B",
                "Text": "P",
                "AREA_DEL": "PRIME",
                "polygon": null,
                "x": 556245.269,
                "y": 741016.5
            },
            "geometry": {
                "type": "MultiPolygon",
                "coordinates": [
                    [
                        [
                            [
                                554914.910000000149012,
                                742988.037000000127591
                            ],
                            [
                                555400.919,
                                742744.047
                            ],
                            [
                                555669.046,
                                743305.125
                            ],
                            [
                                556383.464,
                                741821.150000000139698
                            ],
                            [
                                556438.286,
                                741697.758
                            ],
                            [
                                556639.981,
                                741545.823
                            ],
                            [
                                556643.704,
                                741525.403
                            ],
                            [
                                556643.704,
                                741525.403
                            ],
                            [
                                556916.249,
                                741159.564
                            ],
                            [
                                556936.612,
                                741140.667000000132248
                            ],
                            [
                                557018.906,
                                740029.066
                            ],
                            [
                                557040.065,
                                739585.689000000129454
                            ],
                            [
                                556967.798,
                                738994.333
                            ],
                            [
                                556898.535000000149012,
                                738636.285000000149012
                            ],
                            [
                                556897.955,
                                738630.312
                            ],
                            [
                                556866.973,
                                738639.124
                            ],
                            [
                                556889.565,
                                738633.256
                            ],
                            [
                                556909.818,
                                738633.352
                            ],
                            [
                                556936.169,
                                738636.463
                            ],
                            [
                                556957.389,
                                738645.544000000227243
                            ],
                            [
                                556315.142,
                                738643.383
                            ],
                            [
                                556412.37,
                                739429.838000000105239
                            ],
                            [
                                556414.148,
                                739505.173
                            ],
                            [
                                556411.247,
                                739520.516
                            ],
                            [
                                556414.425,
                                739516.68
                            ],
                            [
                                556404.797,
                                739524.377
                            ],
                            [
                                556356.085,
                                739953.847000000183471
                            ],
                            [
                                556311.825,
                                740328.497
                            ],
                            [
                                556225.169,
                                740544.35
                            ],
                            [
                                556178.865,
                                740775.181
                            ],
                            [
                                556009.829,
                                740993.639000000199303
                            ],
                            [
                                555850.697,
                                741185.261
                            ],
                            [
                                555717.53,
                                741397.635
                            ],
                            [
                                555714.195,
                                741404.656
                            ],
                            [
                                555574.375000000116415,
                                741664.085
                            ],
                            [
                                555577.393,
                                741675.795999999856576
                            ],
                            [
                                555570.166,
                                741692.123000000137836
                            ],
                            [
                                555556.133,
                                741708.923
                            ],
                            [
                                555550.144,
                                741722.648
                            ],
                            [
                                555251.577,
                                742172.066
                            ],
                            [
                                554914.910000000149012,
                                742988.037000000127591
                            ]
                        ]
                    ]
                ]
            }
        },
        {
            "type": "Feature",
            "properties": {
                "Layer": "OFADA_MOWE_AREPO_MAGBORO_ASESE",
                "Linetype": "Continuous",
                "EntityHand": "321",
                "Text": "P",
                "AREA_DEL": "PRIME",
                "polygon": null,
                "x": 546479.441,
                "y": 746262.553
            },
            "geometry": {
                "type": "MultiPolygon",
                "coordinates": [
                    [
                        [
                            [
                                546630.787000000127591,
                                758794.587000000174157
                            ],
                            [
                                547880.572,
                                759180.441
                            ],
                            [
                                548664.755,
                                757798.958
                            ],
                            [
                                549156.458,
                                757033.822
                            ],
                            [
                                550165.271,
                                755256.045999999856576
                            ],
                            [
                                550830.44,
                                754182.352
                            ],
                            [
                                550943.945,
                                754133.954000000143424
                            ],
                            [
                                551368.845,
                                753327.905999999842606
                            ],
                            [
                                551809.691,
                                753188.171
                            ],
                            [
                                551739.654,
                                752584.021
                            ],
                            [
                                551552.341,
                                751909.315
                            ],
                            [
                                551168.832,
                                751603.71
                            ],
                            [
                                550664.207,
                                751326.305
                            ],
                            [
                                550935.837,
                                751229.314
                            ],
                            [
                                550703.743,
                                750814.967
                            ],
                            [
                                550600.161,
                                750587.646
                            ],
                            [
                                550261.85,
                                750284.403
                            ],
                            [
                                549753.842,
                                750000.423
                            ],
                            [
                                549257.674,
                                749794.960999999893829
                            ],
                            [
                                548911.866,
                                749297.057
                            ],
                            [
                                548463.513999999850057,
                                749594.469
                            ],
                            [
                                547639.506,
                                749137.876
                            ],
                            [
                                547339.117,
                                748945.101
                            ],
                            [
                                548017.352,
                                748860.379
                            ],
                            [
                                548520.893,
                                749123.142
                            ],
                            [
                                548878.885,
                                748899.848000000114553
                            ],
                            [
                                548707.025000000139698,
                                747746.387
                            ],
                            [
                                548677.164,
                                747424.167000000132248
                            ],
                            [
                                549051.991,
                                746733.483
                            ],
                            [
                                548396.753000000142492,
                                747135.649
                            ],
                            [
                                547924.259,
                                747388.749
                            ],
                            [
                                548437.293,
                                746614.657000000122935
                            ],
                            [
                                548142.183,
                                746362.392
                            ],
                            [
                                547574.36,
                                747303.364
                            ],
                            [
                                547290.725,
                                747301.592999999877065
                            ],
                            [
                                546940.56900000013411,
                                747266.621
                            ],
                            [
                                547439.003000000142492,
                                746628.129
                            ],
                            [
                                547599.945,
                                746077.69
                            ],
                            [
                                547786.599,
                                745845.87
                            ],
                            [
                                547582.046,
                                745317.469
                            ],
                            [
                                548071.269,
                                744664.184000000124797
                            ],
                            [
                                548606.45,
                                743888.518
                            ],
                            [
                                548297.518,
                                743855.474
                            ],
                            [
                                548890.969,
                                743216.794000000110827
                            ],
                            [
                                548762.165000000153668,
                                743136.871
                            ],
                            [
                                548207.876,
                                743342.65
                            ],
                            [
                                547799.973,
                                743421.442
                            ],
                            [
                                547470.510000000125729,
                                743628.674000000115484
                            ],
                            [
                                547446.039,
                                743292.870000000111759
                            ],
                            [
                                547290.173,
                                743266.207
                            ],
                            [
                                547147.286,
                                743326.381
                            ],
                            [
                                546975.003000000142492,
                                743193.55
                            ],
                            [
                                547288.301,
                                742929.277
                            ],
                            [
                                547273.09,
                                742654.749
                            ],
                            [
                                547452.95,
                                742408.908
                            ],
                            [
                                547736.956,
                                742739.561000000103377
                            ],
                            [
                                547844.355,
                                742621.214000000152737
                            ],
                            [
                                547720.25,
                                742409.502
                            ],
                            [
                                547701.579000000143424,
                                742198.182
                            ],
                            [
                                548299.302000000141561,
                                740954.55
                            ],
                            [
                                547750.572,
                                741032.314
                            ],
                            [
                                547439.961,
                                741111.483000000123866
                            ],
                            [
                                547239.089,
                                740940.499000000185333
                            ],
                            [
                                546874.192000000155531,
                                741292.625999999814667
                            ],
                            [
                                546555.34,
                                741856.884000000194646
                            ],
                            [
                                546444.062000000150874,
                                742043.127
                            ],
                            [
                                546614.282,
                                741510.05
                            ],
                            [
                                546772.467999999877065,
                                741257.945
                            ],
                            [
                                546900.249,
                                740871.189000000129454
                            ],
                            [
                                546593.763999999850057,
                                740814.325
                            ],
                            [
                                546943.115000000107102,
                                740264.943
                            ],
                            [
                                547244.536,
                                740388.424000000231899
                            ],
                            [
                                547412.413,
                                740850.361
                            ],
                            [
                                547882.521,
                                740726.815
                            ],
                            [
                                548474.996,
                                740593.502
                            ],
                            [
                                548433.406,
                                740302.33
                            ],
                            [
                                548448.184,
                                740024.621
                            ],
                            [
                                547854.863,
                                739868.394
                            ],
                            [
                                547712.133,
                                739725.016
                            ],
                            [
                                547843.999,
                                739499.712
                            ],
                            [
                                548291.1,
                                738604.785000000149012
                            ],
                            [
                                548127.247,
                                738414.764
                            ],
                            [
                                547642.463,
                                739206.666
                            ],
                            [
                                547464.202,
                                739395.510000000125729
                            ],
                            [
                                547160.642,
                                739249.181
                            ],
                            [
                                546984.152,
                                739129.717
                            ],
                            [
                                547038.032,
                                738817.786
                            ],
                            [
                                547049.661,
                                738461.602
                            ],
                            [
                                547148.664,
                                737530.42899999989
                            ],
                            [
                                547149.505,
                                737103.498000000137836
                            ],
                            [
                                546879.91599999985,
                                737026.224
                            ],
                            [
                                546461.399,
                                737256.08400000014808
                            ],
                            [
                                546127.479,
                                737309.561
                            ],
                            [
                                545966.024,
                                736886.848
                            ],
                            [
                                546022.078,
                                735907.711
                            ],
                            [
                                546174.513,
                                735531.06
                            ],
                            [
                                547000.116,
                                735494.059000000124797
                            ],
                            [
                                546920.863,
                                733938.493
                            ],
                            [
                                543548.119,
                                733699.75400000018999
                            ],
                            [
                                543532.937999999849126,
                                733701.362
                            ],
                            [
                                543318.91,
                                733828.915000000153668
                            ],
                            [
                                543108.221,
                                733869.179
                            ],
                            [
                                542774.754,
                                733814.84
                            ],
                            [
                                542521.374,
                                733787.181
                            ],
                            [
                                542521.374,
                                733787.181
                            ],
                            [
                                542464.484,
                                733785.248060785699636
                            ],
                            [
                                542710.62,
                                734154.625
                            ],
                            [
                                542052.836,
                                734581.553
                            ],
                            [
                                541674.991,
                                735800.248
                            ],
                            [
                                541753.593,
                                736380.763
                            ],
                            [
                                542011.008,
                                736368.452
                            ],
                            [
                                542366.101,
                                736335.504
                            ],
                            [
                                542761.763,
                                736221.34
                            ],
                            [
                                542738.251,
                                736176.419000000110827
                            ],
                            [
                                542796.957,
                                736089.062000000150874
                            ],
                            [
                                543493.359,
                                736564.517
                            ],
                            [
                                543493.458,
                                736573.57
                            ],
                            [
                                544241.28899999987,
                                737862.72
                            ],
                            [
                                544486.608,
                                738889.065
                            ],
                            [
                                544446.842,
                                740176.876
                            ],
                            [
                                543432.675,
                                741450.454
                            ],
                            [
                                543167.386,
                                741627.751
                            ],
                            [
                                542688.737,
                                742097.174000000231899
                            ],
                            [
                                542906.811,
                                742652.292
                            ],
                            [
                                542773.756,
                                743068.052
                            ],
                            [
                                543088.327,
                                743710.876
                            ],
                            [
                                543804.458,
                                743764.43
                            ],
                            [
                                544332.803,
                                743879.348
                            ],
                            [
                                544293.645000000135042,
                                744312.289000000106171
                            ],
                            [
                                543929.45900000014808,
                                744407.57
                            ],
                            [
                                543337.258,
                                744263.613000000128523
                            ],
                            [
                                542868.072999999858439,
                                743980.001
                            ],
                            [
                                542779.531,
                                744262.373000000137836
                            ],
                            [
                                542958.414,
                                744393.816
                            ],
                            [
                                542524.837,
                                744665.465999999898486
                            ],
                            [
                                542833.089000000152737,
                                744771.578
                            ],
                            [
                                543186.521,
                                745977.256
                            ],
                            [
                                544399.51,
                                747301.745
                            ],
                            [
                                544712.972,
                                748049.028
                            ],
                            [
                                544406.417,
                                748354.315
                            ],
                            [
                                544006.181,
                                748899.162
                            ],
                            [
                                544382.841,
                                749315.546
                            ],
                            [
                                544244.282,
                                749800.487
                            ],
                            [
                                544359.714000000152737,
                                750141.554
                            ],
                            [
                                544548.445,
                                750684.032000000122935
                            ],
                            [
                                544942.531,
                                751562.467
                            ],
                            [
                                545353.285000000149012,
                                751562.758
                            ],
                            [
                                545610.476,
                                751884.196
                            ],
                            [
                                545121.712999999872409,
                                751955.757
                            ],
                            [
                                544833.541,
                                752418.879
                            ],
                            [
                                544628.488,
                                753007.262
                            ],
                            [
                                544460.979,
                                753693.585999999893829
                            ],
                            [
                                545293.778,
                                754201.565
                            ],
                            [
                                546265.108,
                                754572.039000000106171
                            ],
                            [
                                546856.503,
                                755247.373000000137836
                            ],
                            [
                                547507.417,
                                755943.585999999893829
                            ],
                            [
                                547238.331,
                                757600.403
                            ],
                            [
                                546630.787000000127591,
                                758794.587000000174157
                            ]
                        ]
                    ]
                ]
            }
        },
        {
            "type": "Feature",
            "properties": {
                "Layer": "OTA_OJODU",
                "Linetype": null,
                "EntityHand": null,
                "Text": "P",
                "AREA_DEL": "PRIME",
                "polygon": null,
                "x": 538352.033,
                "y": 785267.667
            },
            "geometry": {
                "type": "MultiPolygon",
                "coordinates": [
                    [
                        [
                            [
                                538381.507152314763516,
                                785312.07782681484241
                            ],
                            [
                                538365.324557956308126,
                                785207.745377213461325
                            ],
                            [
                                538326.617019901750609,
                                785210.95038856274914
                            ],
                            [
                                538336.729379436816089,
                                785291.185649418737739
                            ],
                            [
                                538329.939907804713584,
                                785327.699792910600081
                            ],
                            [
                                538347.074385255691595,
                                785335.460320114740171
                            ],
                            [
                                538364.238000000128523,
                                785307.601
                            ],
                            [
                                538381.507152314763516,
                                785312.07782681484241
                            ]
                        ]
                    ]
                ]
            }
        },
        {
            "type": "Feature",
            "properties": {
                "Layer": "IJEBU_ODE",
                "Linetype": null,
                "EntityHand": null,
                "Text": "P",
                "AREA_DEL": "PRIME",
                "polygon": null,
                "x": 601425.207,
                "y": 754082.764
            },
            "geometry": {
                "type": "MultiPolygon",
                "coordinates": [
                    [
                        [
                            [
                                599974.419000000110827,
                                751200.689000000129454
                            ],
                            [
                                598509.315,
                                751691.357
                            ],
                            [
                                598454.457,
                                752932.248000000137836
                            ],
                            [
                                598944.761,
                                753097.135
                            ],
                            [
                                598527.934,
                                753842.585
                            ],
                            [
                                599007.955,
                                754308.090999999898486
                            ],
                            [
                                599474.617,
                                754348.374
                            ],
                            [
                                599996.731,
                                754039.692999999853782
                            ],
                            [
                                599829.713,
                                754456.16
                            ],
                            [
                                598910.609,
                                754728.685
                            ],
                            [
                                598562.826,
                                755227.139
                            ],
                            [
                                599019.786,
                                755439.782
                            ],
                            [
                                599594.851,
                                755932.465
                            ],
                            [
                                599887.567,
                                756094.630000000121072
                            ],
                            [
                                600402.247,
                                756062.457
                            ],
                            [
                                601020.008,
                                755971.677
                            ],
                            [
                                601699.134,
                                755742.160000000149012
                            ],
                            [
                                601902.146,
                                755912.638
                            ],
                            [
                                602605.204,
                                756707.438
                            ],
                            [
                                602911.442999999853782,
                                757004.358
                            ],
                            [
                                603138.295,
                                757068.51900000020396
                            ],
                            [
                                603324.6,
                                756902.708000000100583
                            ],
                            [
                                604044.298,
                                757101.49
                            ],
                            [
                                604521.668,
                                756843.631
                            ],
                            [
                                604373.603,
                                756399.04
                            ],
                            [
                                603861.549,
                                755604.947
                            ],
                            [
                                603602.483,
                                755353.707999999867752
                            ],
                            [
                                603210.323,
                                754777.516
                            ],
                            [
                                603214.477,
                                754756.544000000110827
                            ],
                            [
                                603997.466000000131316,
                                754660.95
                            ],
                            [
                                604419.793,
                                754877.540000000153668
                            ],
                            [
                                604431.717,
                                753547.435
                            ],
                            [
                                602448.319,
                                751995.520000000135042
                            ],
                            [
                                601701.038,
                                752045.24
                            ],
                            [
                                601338.945,
                                752037.217999999877065
                            ],
                            [
                                600867.729,
                                751948.489
                            ],
                            [
                                600816.329,
                                751926.475
                            ],
                            [
                                600392.253,
                                751563.982
                            ],
                            [
                                600179.583,
                                751328.397
                            ],
                            [
                                599974.419000000110827,
                                751200.689000000129454
                            ]
                        ]
                    ]
                ]
            }
        },
        {
            "type": "Feature",
            "properties": {
                "Layer": "Prime",
                "Linetype": null,
                "EntityHand": null,
                "Text": null,
                "AREA_DEL": null,
                "polygon": null,
                "x": null,
                "y": null
            },
            "geometry": {
                "type": "MultiPolygon",
                "coordinates": [
                    [
                        [
                            [
                                540079.887,
                                786346.337
                            ],
                            [
                                538675.037,
                                785765.317
                            ],
                            [
                                537751.908,
                                785708.177
                            ],
                            [
                                537235.788,
                                785053.064000000129454
                            ],
                            [
                                537104.925,
                                785110.208
                            ],
                            [
                                536745.075,
                                785912.435
                            ],
                            [
                                536600.792000000132248,
                                786110.229
                            ],
                            [
                                534989.325,
                                785102.737
                            ],
                            [
                                534269.502,
                                784641.307000000146218
                            ],
                            [
                                532817.599,
                                784686.538
                            ],
                            [
                                532919.772,
                                785379.652
                            ],
                            [
                                532997.931,
                                786845.21
                            ],
                            [
                                531739.976,
                                786938.968000000109896
                            ],
                            [
                                531753.634,
                                786944.7
                            ],
                            [
                                531524.372,
                                787069.169000000110827
                            ],
                            [
                                531565.516,
                                787566.727
                            ],
                            [
                                531603.023,
                                787719.841
                            ],
                            [
                                531436.564000000129454,
                                787985.122
                            ],
                            [
                                531429.623,
                                788796.048
                            ],
                            [
                                531424.751,
                                788838.896
                            ],
                            [
                                531423.872313744737767,
                                788878.119440487469546
                            ],
                            [
                                531427.604,
                                788882.182000000146218
                            ],
                            [
                                531423.731000000145286,
                                788882.069
                            ],
                            [
                                531415.986000000149943,
                                788881.844000000157394
                            ],
                            [
                                531415.294106865650974,
                                788881.780203932779841
                            ],
                            [
                                531407.931,
                                788893.558999999891967
                            ],
                            [
                                531450.699,
                                789070.55
                            ],
                            [
                                531495.537,
                                789234.159
                            ],
                            [
                                531574.175,
                                789513.604
                            ],
                            [
                                531627.849,
                                789874.554
                            ],
                            [
                                531607.449,
                                790658.979
                            ],
                            [
                                531312.679,
                                791444.187
                            ],
                            [
                                531725.825,
                                793262.029
                            ],
                            [
                                533616.939000000129454,
                                793906.705999999889173
                            ],
                            [
                                534146.625,
                                792961.827
                            ],
                            [
                                535352.344,
                                791992.309000000124797
                            ],
                            [
                                535480.049,
                                792244.479
                            ],
                            [
                                536460.294000000110827,
                                791531.516
                            ],
                            [
                                537391.463,
                                795207.995000000111759
                            ],
                            [
                                537656.242,
                                795236.669000000110827
                            ],
                            [
                                538585.487,
                                795627.156
                            ],
                            [
                                539311.499,
                                795560.447999999858439
                            ],
                            [
                                539971.814,
                                795679.686
                            ],
                            [
                                540811.112,
                                796204.543
                            ],
                            [
                                541195.32,
                                796325.234
                            ],
                            [
                                541230.727,
                                796336.407
                            ],
                            [
                                541313.188,
                                796410.3
                            ],
                            [
                                541478.209,
                                796267.324
                            ],
                            [
                                541483.976,
                                796267.293
                            ],
                            [
                                541606.398,
                                796327.8
                            ],
                            [
                                541765.227,
                                796302.075999999884516
                            ],
                            [
                                541777.408,
                                796293.614
                            ],
                            [
                                541938.184,
                                796149.25
                            ],
                            [
                                542019.302000000141561,
                                796061.3
                            ],
                            [
                                542232.989,
                                795980.43099999987
                            ],
                            [
                                542361.852,
                                795925.318
                            ],
                            [
                                542528.961,
                                795838.067000000155531
                            ],
                            [
                                542645.699000000138767,
                                795691.33400000014808
                            ],
                            [
                                543028.277,
                                795589.896999999880791
                            ],
                            [
                                543537.373000000137836,
                                795207.728000000119209
                            ],
                            [
                                544057.565,
                                795195.445
                            ],
                            [
                                544347.123,
                                795135.225
                            ],
                            [
                                544701.482,
                                795144.657
                            ],
                            [
                                545045.418,
                                795199.115000000107102
                            ],
                            [
                                545302.762,
                                795354.176
                            ],
                            [
                                545447.797000000136904,
                                795600.01
                            ],
                            [
                                545522.165000000153668,
                                795767.555
                            ],
                            [
                                545720.341,
                                795600.17
                            ],
                            [
                                546022.851,
                                795397.17
                            ],
                            [
                                546304.792000000132248,
                                795155.955999999889173
                            ],
                            [
                                546615.924,
                                794779.593000000109896
                            ],
                            [
                                546757.727,
                                794607.292
                            ],
                            [
                                546561.951,
                                794280.072
                            ],
                            [
                                546390.488000000128523,
                                794068.616
                            ],
                            [
                                546201.434,
                                793859.124
                            ],
                            [
                                546192.609,
                                793730.317000000155531
                            ],
                            [
                                546201.300999999861233,
                                793698.222
                            ],
                            [
                                546723.263999999850057,
                                791254.396
                            ],
                            [
                                545429.170999999856576,
                                790353.759
                            ],
                            [
                                545438.542000000132248,
                                789691.411
                            ],
                            [
                                545452.817,
                                789062.398
                            ],
                            [
                                545491.689,
                                788662.371
                            ],
                            [
                                545458.266,
                                788368.219
                            ],
                            [
                                544828.981000000145286,
                                788138.557
                            ],
                            [
                                544777.144,
                                788008.335999999893829
                            ],
                            [
                                544577.126,
                                787757.359
                            ],
                            [
                                544433.24,
                                787589.071
                            ],
                            [
                                544377.947999999858439,
                                787431.285000000149012
                            ],
                            [
                                544416.455,
                                787399.472999999881722
                            ],
                            [
                                544309.479,
                                787258.379
                            ],
                            [
                                544425.250000000116415,
                                787127.61
                            ],
                            [
                                544756.367,
                                787015.597
                            ],
                            [
                                544701.16,
                                786836.564
                            ],
                            [
                                544488.395000000135042,
                                786678.818
                            ],
                            [
                                544402.193,
                                786635.569
                            ],
                            [
                                544262.270000000135042,
                                786623.417
                            ],
                            [
                                544113.787,
                                786666.971
                            ],
                            [
                                543918.728,
                                786359.618
                            ],
                            [
                                543367.931,
                                786649.129999999888241
                            ],
                            [
                                542976.731,
                                786386.036
                            ],
                            [
                                542155.52399999986,
                                786773.799000000115484
                            ],
                            [
                                541949.935,
                                786491.838
                            ],
                            [
                                541524.664,
                                786031.043
                            ],
                            [
                                541215.008,
                                785376.935
                            ],
                            [
                                541021.303,
                                784844.125
                            ],
                            [
                                540659.61,
                                785091.122
                            ],
                            [
                                540480.972,
                                785236.983
                            ],
                            [
                                540364.779,
                                785812.644
                            ],
                            [
                                540216.237,
                                785894.761
                            ],
                            [
                                540113.949000000138767,
                                786062.651
                            ],
                            [
                                540079.887,
                                786346.337
                            ],
                            [
                                539550.9910000001546,
                                786985.775000000139698
                            ],
                            [
                                539441.398,
                                786928.905
                            ],
                            [
                                539403.628,
                                786928.25400000018999
                            ],
                            [
                                539370.019,
                                786950.969000000157394
                            ],
                            [
                                539255.37,
                                787190.374
                            ],
                            [
                                539199.304,
                                787213.002
                            ],
                            [
                                538982.335,
                                787123.559000000124797
                            ],
                            [
                                538707.8,
                                787020.685
                            ],
                            [
                                538693.879,
                                786751.141
                            ],
                            [
                                538492.401,
                                786710.558
                            ],
                            [
                                538442.299,
                                786707.476
                            ],
                            [
                                538431.728000000119209,
                                786723.253000000142492
                            ],
                            [
                                538452.264,
                                786779.684000000124797
                            ],
                            [
                                538460.328,
                                786873.673
                            ],
                            [
                                538457.238,
                                786924.794000000110827
                            ],
                            [
                                538335.734,
                                786925.279
                            ],
                            [
                                538310.912,
                                786913.277
                            ],
                            [
                                538218.96100000012666,
                                786875.722
                            ],
                            [
                                538122.163,
                                786837.092
                            ],
                            [
                                538081.094,
                                786812.272000000113621
                            ],
                            [
                                538074.594,
                                786810.957
                            ],
                            [
                                538065.328,
                                786806.718
                            ],
                            [
                                538020.733000000123866,
                                786784.555
                            ],
                            [
                                537984.83400000014808,
                                786895.872
                            ],
                            [
                                537914.514,
                                787015.825
                            ],
                            [
                                537757.629,
                                787217.066
                            ],
                            [
                                537613.24,
                                787404.153
                            ],
                            [
                                537436.526,
                                787606.742
                            ],
                            [
                                537401.38,
                                787580.183
                            ],
                            [
                                537184.206,
                                787859.31
                            ],
                            [
                                537149.782,
                                787873.421
                            ],
                            [
                                537091.165,
                                787885.950999999884516
                            ],
                            [
                                537025.222,
                                787896.394
                            ],
                            [
                                536952.289,
                                787902.14
                            ],
                            [
                                536952.198,
                                788037.922
                            ],
                            [
                                536893.631,
                                788171.403
                            ],
                            [
                                536796.086,
                                788285.17
                            ],
                            [
                                536735.925,
                                788376.664000000106171
                            ],
                            [
                                536699.561,
                                788542.876
                            ],
                            [
                                536715.311,
                                788630.549000000115484
                            ],
                            [
                                536746.77,
                                788660.921
                            ],
                            [
                                536763.519,
                                788681.527000000118278
                            ],
                            [
                                536841.176,
                                788762.742
                            ],
                            [
                                536920.037,
                                788862.83400000014808
                            ],
                            [
                                537165.527,
                                789063.95
                            ],
                            [
                                537254.25,
                                789122.869
                            ],
                            [
                                537261.723,
                                789124.17
                            ],
                            [
                                537290.986,
                                789141.919000000227243
                            ],
                            [
                                537328.209,
                                789160.741
                            ],
                            [
                                537374.424,
                                789189.546
                            ],
                            [
                                537417.445,
                                789226.643
                            ],
                            [
                                537451.57,
                                789248.137
                            ],
                            [
                                537489.983,
                                789284.353
                            ],
                            [
                                537544.711,
                                789325.117
                            ],
                            [
                                537714.802,
                                789048.062000000150874
                            ],
                            [
                                537821.189,
                                788960.574
                            ],
                            [
                                537952.916,
                                788873.626
                            ],
                            [
                                538061.44,
                                788807.509
                            ],
                            [
                                538185.099,
                                788736.693
                            ],
                            [
                                538286.145,
                                788668.263
                            ],
                            [
                                538400.748000000137836,
                                788606.335
                            ],
                            [
                                538609.025,
                                788592.678
                            ],
                            [
                                538749.735,
                                788577.023
                            ],
                            [
                                538921.81900000013411,
                                788497.349
                            ],
                            [
                                539072.013999999850057,
                                788330.614
                            ],
                            [
                                539191.562999999849126,
                                788111.337
                            ],
                            [
                                539337.313,
                                787863.463
                            ],
                            [
                                539476.044,
                                787634.274
                            ],
                            [
                                539507.280000000144355,
                                787579.472999999881722
                            ],
                            [
                                539517.493,
                                787568.871
                            ],
                            [
                                539805.29,
                                787398.137
                            ],
                            [
                                539713.716,
                                787226.167
                            ],
                            [
                                539550.9910000001546,
                                786985.775000000139698
                            ],
                            [
                                540079.887,
                                786346.337
                            ]
                        ]
                    ]
                ]
            }
        }
    ]
}