{
"type": "FeatureCollection",
"name": "SPECIAL_PRIME",
"crs": { "type": "name", "properties": { "name": "urn:ogc:def:crs:EPSG::26331" } },
"features": [
{ "type": "Feature", "properties": { "Layer": "ABEOKUTA_SPECIAL_PRIME", "Linetype": null, "EntityHand": "239", "Text": "S", "AREA_DEL": "SPECIAL_PRIME", "polygon": null, "x": 538156.501, "y": 787954.26, "distance": 0.0, "angle": 100.8863562561734 }, "geometry": { "type": "Point", "coordinates": [ 537544.711, 789325.117 ] } },
{ "type": "Feature", "properties": { "Layer": "ABEOKUTA_SPECIAL_PRIME", "Linetype": null, "EntityHand": "239", "Text": "S", "AREA_DEL": "SPECIAL_PRIME", "polygon": null, "x": 538156.501, "y": 787954.26, "distance": 5.0, "angle": 148.45319443079745 }, "geometry": { "type": "Point", "coordinates": [ 537547.326974608353339, 789320.855934775318019 ] } },
{ "type": "Feature", "properties": { "Layer": "ABEOKUTA_SPECIAL_PRIME", "Linetype": null, "EntityHand": "239", "Text": "S", "AREA_DEL": "SPECIAL_PRIME", "polygon": null, "x": 538156.501, "y": 787954.26, "distance": 10.0, "angle": 148.45319443079745 }, "geometry": { "type": "Point", "coordinates": [ 537549.942949216696434, 789316.594869550783187 ] } },
{ "type": "Feature", "properties": { "Layer": "ABEOKUTA_SPECIAL_PRIME", "Linetype": null, "EntityHand": "239", "Text": "S", "AREA_DEL": "SPECIAL_PRIME", "polygon": null, "x": 538156.501, "y": 787954.26, "distance": 15.0, "angle": 148.45319443079745 }, "geometry": { "type": "Point", "coordinates": [ 537552.558923825155944, 789312.33380432613194 ] } },
{ "type": "Feature", "properties": { "Layer": "ABEOKUTA_SPECIAL_PRIME", "Linetype": null, "EntityHand": "239", "Text": "S", "AREA_DEL": "SPECIAL_PRIME", "polygon": null, "x": 538156.501, "y": 787954.26, "distance": 20.0, "angle": 148.45319443079745 }, "geometry": { "type": "Point", "coordinates": [ 537555.174898433499038, 789308.072739101480693 ] } },
{ "type": "Feature", "properties": { "Layer": "ABEOKUTA_SPECIAL_PRIME", "Linetype": null, "EntityHand": "239", "Text": "S", "AREA_DEL": "SPECIAL_PRIME", "polygon": null, "x": 538156.501, "y": 787954.26, "distance": 25.0, "angle": 148.45319443079745 }, "geometry": { "type": "Point", "coordinates": [ 537557.790873041842133, 789303.811673876945861 ] } },
{ "type": "Feature", "properties": { "Layer": "ABEOKUTA_SPECIAL_PRIME", "Linetype": null, "EntityHand": "239", "Text": "S", "AREA_DEL": "SPECIAL_PRIME", "polygon": null, "x": 538156.501, "y": 787954.26, "distance": 30.0, "angle": 148.45319443079745 }, "geometry": { "type": "Point", "coordinates": [ 537560.406847650185227, 789299.550608652294613 ] } },
{ "type": "Feature", "properties": { "Layer": "ABEOKUTA_SPECIAL_PRIME", "Linetype": null, "EntityHand": "239", "Text": "S", "AREA_DEL": "SPECIAL_PRIME", "polygon": null, "x": 538156.501, "y": 787954.26, "distance": 35.0, "angle": 148.45319443079745 }, "geometry": { "type": "Point", "coordinates": [ 537563.022822258528322, 789295.289543427643366 ] } },
{ "type": "Feature", "properties": { "Layer": "ABEOKUTA_SPECIAL_PRIME", "Linetype": null, "EntityHand": "239", "Text": "S", "AREA_DEL": "SPECIAL_PRIME", "polygon": null, "x": 538156.501, "y": 787954.26, "distance": 40.0, "angle": 148.45319443079745 }, "geometry": { "type": "Point", "coordinates": [ 537565.638796866871417, 789291.028478203108534 ] } },
{ "type": "Feature", "properties": { "Layer": "ABEOKUTA_SPECIAL_PRIME", "Linetype": null, "EntityHand": "239", "Text": "S", "AREA_DEL": "SPECIAL_PRIME", "polygon": null, "x": 538156.501, "y": 787954.26, "distance": 45.0, "angle": 148.45319443079745 }, "geometry": { "type": "Point", "coordinates": [ 537568.254771475330926, 789286.767412978457287 ] } },
{ "type": "Feature", "properties": { "Layer": "ABEOKUTA_SPECIAL_PRIME", "Linetype": null, "EntityHand": "239", "Text": "S", "AREA_DEL": "SPECIAL_PRIME", "polygon": null, "x": 538156.501, "y": 787954.26, "distance": 50.0, "angle": 148.45319443079745 }, "geometry": { "type": "Point", "coordinates": [ 537570.870746083674021, 789282.50634775380604 ] } },
{ "type": "Feature", "properties": { "Layer": "ABEOKUTA_SPECIAL_PRIME", "Linetype": null, "EntityHand": "239", "Text": "S", "AREA_DEL": "SPECIAL_PRIME", "polygon": null, "x": 538156.501, "y": 787954.26, "distance": 55.0, "angle": 148.45319443079745 }, "geometry": { "type": "Point", "coordinates": [ 537573.486720692017116, 789278.245282529271208 ] } },
{ "type": "Feature", "properties": { "Layer": "ABEOKUTA_SPECIAL_PRIME", "Linetype": null, "EntityHand": "239", "Text": "S", "AREA_DEL": "SPECIAL_PRIME", "polygon": null, "x": 538156.501, "y": 787954.26, "distance": 60.0, "angle": 148.45319443079745 }, "geometry": { "type": "Point", "coordinates": [ 537576.10269530036021, 789273.98421730461996 ] } },
{ "type": "Feature", "properties": { "Layer": "ABEOKUTA_SPECIAL_PRIME", "Linetype": null, "EntityHand": "239", "Text": "S", "AREA_DEL": "SPECIAL_PRIME", "polygon": null, "x": 538156.501, "y": 787954.26, "distance": 65.0, "angle": 148.45319443079745 }, "geometry": { "type": "Point", "coordinates": [ 537578.718669908703305, 789269.723152079968713 ] } },
{ "type": "Feature", "properties": { "Layer": "ABEOKUTA_SPECIAL_PRIME", "Linetype": null, "EntityHand": "239", "Text": "S", "AREA_DEL": "SPECIAL_PRIME", "polygon": null, "x": 538156.501, "y": 787954.26, "distance": 70.0, "angle": 148.45319443079745 }, "geometry": { "type": "Point", "coordinates": [ 537581.334644517046399, 789265.462086855433881 ] } },
{ "type": "Feature", "properties": { "Layer": "ABEOKUTA_SPECIAL_PRIME", "Linetype": null, "EntityHand": "239", "Text": "S", "AREA_DEL": "SPECIAL_PRIME", "polygon": null, "x": 538156.501, "y": 787954.26, "distance": 75.0, "angle": 148.45319443079745 }, "geometry": { "type": "Point", "coordinates": [ 537583.950619125505909, 789261.201021630782634 ] } },
{ "type": "Feature", "properties": { "Layer": "ABEOKUTA_SPECIAL_PRIME", "Linetype": null, "EntityHand": "239", "Text": "S", "AREA_DEL": "SPECIAL_PRIME", "polygon": null, "x": 538156.501, "y": 787954.26, "distance": 80.0, "angle": 148.45319443079745 }, "geometry": { "type": "Point", "coordinates": [ 537586.566593733849004, 789256.939956406131387 ] } },
{ "type": "Feature", "properties": { "Layer": "ABEOKUTA_SPECIAL_PRIME", "Linetype": null, "EntityHand": "239", "Text": "S", "AREA_DEL": "SPECIAL_PRIME", "polygon": null, "x": 538156.501, "y": 787954.26, "distance": 85.0, "angle": 148.45319443079745 }, "geometry": { "type": "Point", "coordinates": [ 537589.182568342192098, 789252.678891181596555 ] } },
{ "type": "Feature", "properties": { "Layer": "ABEOKUTA_SPECIAL_PRIME", "Linetype": null, "EntityHand": "239", "Text": "S", "AREA_DEL": "SPECIAL_PRIME", "polygon": null, "x": 538156.501, "y": 787954.26, "distance": 90.0, "angle": 148.45319443079745 }, "geometry": { "type": "Point", "coordinates": [ 537591.798542950535193, 789248.417825956945308 ] } },
{ "type": "Feature", "properties": { "Layer": "ABEOKUTA_SPECIAL_PRIME", "Linetype": null, "EntityHand": "239", "Text": "S", "AREA_DEL": "SPECIAL_PRIME", "polygon": null, "x": 538156.501, "y": 787954.26, "distance": 95.0, "angle": 148.45319443079745 }, "geometry": { "type": "Point", "coordinates": [ 537594.414517558878288, 789244.15676073229406 ] } },
{ "type": "Feature", "properties": { "Layer": "ABEOKUTA_SPECIAL_PRIME", "Linetype": null, "EntityHand": "239", "Text": "S", "AREA_DEL": "SPECIAL_PRIME", "polygon": null, "x": 538156.501, "y": 787954.26, "distance": 100.0, "angle": 148.45319443079745 }, "geometry": { "type": "Point", "coordinates": [ 537597.030492167221382, 789239.895695507759228 ] } },
{ "type": "Feature", "properties": { "Layer": "ABEOKUTA_SPECIAL_PRIME", "Linetype": null, "EntityHand": "239", "Text": "S", "AREA_DEL": "SPECIAL_PRIME", "polygon": null, "x": 538156.501, "y": 787954.26, "distance": 105.0, "angle": 148.45319443079745 }, "geometry": { "type": "Point", "coordinates": [ 537599.646466775680892, 789235.634630283107981 ] } },
{ "type": "Feature", "properties": { "Layer": "ABEOKUTA_SPECIAL_PRIME", "Linetype": null, "EntityHand": "239", "Text": "S", "AREA_DEL": "SPECIAL_PRIME", "polygon": null, "x": 538156.501, "y": 787954.26, "distance": 110.0, "angle": 148.45319443079745 }, "geometry": { "type": "Point", "coordinates": [ 537602.262441384023987, 789231.373565058456734 ] } },
{ "type": "Feature", "properties": { "Layer": "ABEOKUTA_SPECIAL_PRIME", "Linetype": null, "EntityHand": "239", "Text": "S", "AREA_DEL": "SPECIAL_PRIME", "polygon": null, "x": 538156.501, "y": 787954.26, "distance": 115.0, "angle": 148.45319443079745 }, "geometry": { "type": "Point", "coordinates": [ 537604.878415992367081, 789227.112499833921902 ] } },
{ "type": "Feature", "properties": { "Layer": "ABEOKUTA_SPECIAL_PRIME", "Linetype": null, "EntityHand": "239", "Text": "S", "AREA_DEL": "SPECIAL_PRIME", "polygon": null, "x": 538156.501, "y": 787954.26, "distance": 120.0, "angle": 148.45319443079745 }, "geometry": { "type": "Point", "coordinates": [ 537607.494390600710176, 789222.851434609270655 ] } },
{ "type": "Feature", "properties": { "Layer": "ABEOKUTA_SPECIAL_PRIME", "Linetype": null, "EntityHand": "239", "Text": "S", "AREA_DEL": "SPECIAL_PRIME", "polygon": null, "x": 538156.501, "y": 787954.26, "distance": 125.0, "angle": 148.45319443079745 }, "geometry": { "type": "Point", "coordinates": [ 537610.110365209053271, 789218.590369384619407 ] } },
{ "type": "Feature", "properties": { "Layer": "ABEOKUTA_SPECIAL_PRIME", "Linetype": null, "EntityHand": "239", "Text": "S", "AREA_DEL": "SPECIAL_PRIME", "polygon": null, "x": 538156.501, "y": 787954.26, "distance": 130.0, "angle": 148.45319443079745 }, "geometry": { "type": "Point", "coordinates": [ 537612.726339817396365, 789214.329304160084575 ] } },
{ "type": "Feature", "properties": { "Layer": "ABEOKUTA_SPECIAL_PRIME", "Linetype": null, "EntityHand": "239", "Text": "S", "AREA_DEL": "SPECIAL_PRIME", "polygon": null, "x": 538156.501, "y": 787954.26, "distance": 135.0, "angle": 148.45319443079745 }, "geometry": { "type": "Point", "coordinates": [ 537615.342314425855875, 789210.068238935433328 ] } },
{ "type": "Feature", "properties": { "Layer": "ABEOKUTA_SPECIAL_PRIME", "Linetype": null, "EntityHand": "239", "Text": "S", "AREA_DEL": "SPECIAL_PRIME", "polygon": null, "x": 538156.501, "y": 787954.26, "distance": 140.0, "angle": 148.45319443079745 }, "geometry": { "type": "Point", "coordinates": [ 537617.95828903419897, 789205.807173710782081 ] } },
{ "type": "Feature", "properties": { "Layer": "ABEOKUTA_SPECIAL_PRIME", "Linetype": null, "EntityHand": "239", "Text": "S", "AREA_DEL": "SPECIAL_PRIME", "polygon": null, "x": 538156.501, "y": 787954.26, "distance": 145.0, "angle": 148.45319443079745 }, "geometry": { "type": "Point", "coordinates": [ 537620.574263642542064, 789201.546108486247249 ] } },
{ "type": "Feature", "properties": { "Layer": "ABEOKUTA_SPECIAL_PRIME", "Linetype": null, "EntityHand": "239", "Text": "S", "AREA_DEL": "SPECIAL_PRIME", "polygon": null, "x": 538156.501, "y": 787954.26, "distance": 150.0, "angle": 148.45319443079745 }, "geometry": { "type": "Point", "coordinates": [ 537623.190238250885159, 789197.285043261596002 ] } },
{ "type": "Feature", "properties": { "Layer": "ABEOKUTA_SPECIAL_PRIME", "Linetype": null, "EntityHand": "239", "Text": "S", "AREA_DEL": "SPECIAL_PRIME", "polygon": null, "x": 538156.501, "y": 787954.26, "distance": 155.0, "angle": 148.45319443079745 }, "geometry": { "type": "Point", "coordinates": [ 537625.806212859228253, 789193.023978036944754 ] } },
{ "type": "Feature", "properties": { "Layer": "ABEOKUTA_SPECIAL_PRIME", "Linetype": null, "EntityHand": "239", "Text": "S", "AREA_DEL": "SPECIAL_PRIME", "polygon": null, "x": 538156.501, "y": 787954.26, "distance": 160.0, "angle": 148.45319443079745 }, "geometry": { "type": "Point", "coordinates": [ 537628.422187467687763, 789188.762912812409922 ] } },
{ "type": "Feature", "properties": { "Layer": "ABEOKUTA_SPECIAL_PRIME", "Linetype": null, "EntityHand": "239", "Text": "S", "AREA_DEL": "SPECIAL_PRIME", "polygon": null, "x": 538156.501, "y": 787954.26, "distance": 165.0, "angle": 148.45319443079745 }, "geometry": { "type": "Point", "coordinates": [ 537631.038162076030858, 789184.501847587758675 ] } },
{ "type": "Feature", "properties": { "Layer": "ABEOKUTA_SPECIAL_PRIME", "Linetype": null, "EntityHand": "239", "Text": "S", "AREA_DEL": "SPECIAL_PRIME", "polygon": null, "x": 538156.501, "y": 787954.26, "distance": 170.0, "angle": 148.45319443079745 }, "geometry": { "type": "Point", "coordinates": [ 537633.654136684373952, 789180.240782363107428 ] } },
{ "type": "Feature", "properties": { "Layer": "ABEOKUTA_SPECIAL_PRIME", "Linetype": null, "EntityHand": "239", "Text": "S", "AREA_DEL": "SPECIAL_PRIME", "polygon": null, "x": 538156.501, "y": 787954.26, "distance": 175.0, "angle": 148.45319443079745 }, "geometry": { "type": "Point", "coordinates": [ 537636.270111292717047, 789175.979717138572596 ] } },
{ "type": "Feature", "properties": { "Layer": "ABEOKUTA_SPECIAL_PRIME", "Linetype": null, "EntityHand": "239", "Text": "S", "AREA_DEL": "SPECIAL_PRIME", "polygon": null, "x": 538156.501, "y": 787954.26, "distance": 180.0, "angle": 148.45319443079745 }, "geometry": { "type": "Point", "coordinates": [ 537638.886085901060142, 789171.718651913921349 ] } },
{ "type": "Feature", "properties": { "Layer": "ABEOKUTA_SPECIAL_PRIME", "Linetype": null, "EntityHand": "239", "Text": "S", "AREA_DEL": "SPECIAL_PRIME", "polygon": null, "x": 538156.501, "y": 787954.26, "distance": 185.0, "angle": 148.45319443079745 }, "geometry": { "type": "Point", "coordinates": [ 537641.502060509403236, 789167.457586689270101 ] } },
{ "type": "Feature", "properties": { "Layer": "ABEOKUTA_SPECIAL_PRIME", "Linetype": null, "EntityHand": "239", "Text": "S", "AREA_DEL": "SPECIAL_PRIME", "polygon": null, "x": 538156.501, "y": 787954.26, "distance": 190.0, "angle": 148.45319443079745 }, "geometry": { "type": "Point", "coordinates": [ 537644.118035117862746, 789163.19652146473527 ] } },
{ "type": "Feature", "properties": { "Layer": "ABEOKUTA_SPECIAL_PRIME", "Linetype": null, "EntityHand": "239", "Text": "S", "AREA_DEL": "SPECIAL_PRIME", "polygon": null, "x": 538156.501, "y": 787954.26, "distance": 195.0, "angle": 148.45319443079745 }, "geometry": { "type": "Point", "coordinates": [ 537646.734009726205841, 789158.935456240084022 ] } },
{ "type": "Feature", "properties": { "Layer": "ABEOKUTA_SPECIAL_PRIME", "Linetype": null, "EntityHand": "239", "Text": "S", "AREA_DEL": "SPECIAL_PRIME", "polygon": null, "x": 538156.501, "y": 787954.26, "distance": 200.0, "angle": 148.45319443079745 }, "geometry": { "type": "Point", "coordinates": [ 537649.349984334548935, 789154.674391015432775 ] } },
{ "type": "Feature", "properties": { "Layer": "ABEOKUTA_SPECIAL_PRIME", "Linetype": null, "EntityHand": "239", "Text": "S", "AREA_DEL": "SPECIAL_PRIME", "polygon": null, "x": 538156.501, "y": 787954.26, "distance": 205.0, "angle": 148.45319443079745 }, "geometry": { "type": "Point", "coordinates": [ 537651.96595894289203, 789150.413325790897943 ] } },
{ "type": "Feature", "properties": { "Layer": "ABEOKUTA_SPECIAL_PRIME", "Linetype": null, "EntityHand": "239", "Text": "S", "AREA_DEL": "SPECIAL_PRIME", "polygon": null, "x": 538156.501, "y": 787954.26, "distance": 210.0, "angle": 148.45319443079745 }, "geometry": { "type": "Point", "coordinates": [ 537654.581933551235124, 789146.152260566246696 ] } },
{ "type": "Feature", "properties": { "Layer": "ABEOKUTA_SPECIAL_PRIME", "Linetype": null, "EntityHand": "239", "Text": "S", "AREA_DEL": "SPECIAL_PRIME", "polygon": null, "x": 538156.501, "y": 787954.26, "distance": 215.0, "angle": 148.45319443079745 }, "geometry": { "type": "Point", "coordinates": [ 537657.197908159578219, 789141.891195341595449 ] } },
{ "type": "Feature", "properties": { "Layer": "ABEOKUTA_SPECIAL_PRIME", "Linetype": null, "EntityHand": "239", "Text": "S", "AREA_DEL": "SPECIAL_PRIME", "polygon": null, "x": 538156.501, "y": 787954.26, "distance": 220.0, "angle": 148.45319443079745 }, "geometry": { "type": "Point", "coordinates": [ 537659.813882768037729, 789137.630130117060617 ] } },
{ "type": "Feature", "properties": { "Layer": "ABEOKUTA_SPECIAL_PRIME", "Linetype": null, "EntityHand": "239", "Text": "S", "AREA_DEL": "SPECIAL_PRIME", "polygon": null, "x": 538156.501, "y": 787954.26, "distance": 225.0, "angle": 148.45319443079745 }, "geometry": { "type": "Point", "coordinates": [ 537662.429857376380824, 789133.369064892409369 ] } },
{ "type": "Feature", "properties": { "Layer": "ABEOKUTA_SPECIAL_PRIME", "Linetype": null, "EntityHand": "239", "Text": "S", "AREA_DEL": "SPECIAL_PRIME", "polygon": null, "x": 538156.501, "y": 787954.26, "distance": 230.0, "angle": 148.45319443079745 }, "geometry": { "type": "Point", "coordinates": [ 537665.045831984723918, 789129.107999667758122 ] } },
{ "type": "Feature", "properties": { "Layer": "ABEOKUTA_SPECIAL_PRIME", "Linetype": null, "EntityHand": "239", "Text": "S", "AREA_DEL": "SPECIAL_PRIME", "polygon": null, "x": 538156.501, "y": 787954.26, "distance": 235.0, "angle": 148.45319443079745 }, "geometry": { "type": "Point", "coordinates": [ 537667.661806593067013, 789124.84693444322329 ] } },
{ "type": "Feature", "properties": { "Layer": "ABEOKUTA_SPECIAL_PRIME", "Linetype": null, "EntityHand": "239", "Text": "S", "AREA_DEL": "SPECIAL_PRIME", "polygon": null, "x": 538156.501, "y": 787954.26, "distance": 240.0, "angle": 148.45319443079745 }, "geometry": { "type": "Point", "coordinates": [ 537670.277781201410107, 789120.585869218572043 ] } },
{ "type": "Feature", "properties": { "Layer": "ABEOKUTA_SPECIAL_PRIME", "Linetype": null, "EntityHand": "239", "Text": "S", "AREA_DEL": "SPECIAL_PRIME", "polygon": null, "x": 538156.501, "y": 787954.26, "distance": 245.0, "angle": 148.45319443079745 }, "geometry": { "type": "Point", "coordinates": [ 537672.893755809753202, 789116.324803993920796 ] } },
{ "type": "Feature", "properties": { "Layer": "ABEOKUTA_SPECIAL_PRIME", "Linetype": null, "EntityHand": "239", "Text": "S", "AREA_DEL": "SPECIAL_PRIME", "polygon": null, "x": 538156.501, "y": 787954.26, "distance": 250.0, "angle": 148.45319443079745 }, "geometry": { "type": "Point", "coordinates": [ 537675.509730418212712, 789112.063738769385964 ] } },
{ "type": "Feature", "properties": { "Layer": "ABEOKUTA_SPECIAL_PRIME", "Linetype": null, "EntityHand": "239", "Text": "S", "AREA_DEL": "SPECIAL_PRIME", "polygon": null, "x": 538156.501, "y": 787954.26, "distance": 255.0, "angle": 148.45319443079745 }, "geometry": { "type": "Point", "coordinates": [ 537678.125705026555806, 789107.802673544734716 ] } },
{ "type": "Feature", "properties": { "Layer": "ABEOKUTA_SPECIAL_PRIME", "Linetype": null, "EntityHand": "239", "Text": "S", "AREA_DEL": "SPECIAL_PRIME", "polygon": null, "x": 538156.501, "y": 787954.26, "distance": 260.0, "angle": 148.45319443079745 }, "geometry": { "type": "Point", "coordinates": [ 537680.741679634898901, 789103.541608320083469 ] } },
{ "type": "Feature", "properties": { "Layer": "ABEOKUTA_SPECIAL_PRIME", "Linetype": null, "EntityHand": "239", "Text": "S", "AREA_DEL": "SPECIAL_PRIME", "polygon": null, "x": 538156.501, "y": 787954.26, "distance": 265.0, "angle": 148.45319443079745 }, "geometry": { "type": "Point", "coordinates": [ 537683.357654243241996, 789099.280543095548637 ] } },
{ "type": "Feature", "properties": { "Layer": "ABEOKUTA_SPECIAL_PRIME", "Linetype": null, "EntityHand": "239", "Text": "S", "AREA_DEL": "SPECIAL_PRIME", "polygon": null, "x": 538156.501, "y": 787954.26, "distance": 270.0, "angle": 148.45319443079745 }, "geometry": { "type": "Point", "coordinates": [ 537685.97362885158509, 789095.01947787089739 ] } },
{ "type": "Feature", "properties": { "Layer": "ABEOKUTA_SPECIAL_PRIME", "Linetype": null, "EntityHand": "239", "Text": "S", "AREA_DEL": "SPECIAL_PRIME", "polygon": null, "x": 538156.501, "y": 787954.26, "distance": 275.0, "angle": 148.45319443079745 }, "geometry": { "type": "Point", "coordinates": [ 537688.589603459928185, 789090.758412646246143 ] } },
{ "type": "Feature", "properties": { "Layer": "ABEOKUTA_SPECIAL_PRIME", "Linetype": null, "EntityHand": "239", "Text": "S", "AREA_DEL": "SPECIAL_PRIME", "polygon": null, "x": 538156.501, "y": 787954.26, "distance": 280.0, "angle": 148.45319443079745 }, "geometry": { "type": "Point", "coordinates": [ 537691.205578068387695, 789086.497347421711311 ] } },
{ "type": "Feature", "properties": { "Layer": "ABEOKUTA_SPECIAL_PRIME", "Linetype": null, "EntityHand": "239", "Text": "S", "AREA_DEL": "SPECIAL_PRIME", "polygon": null, "x": 538156.501, "y": 787954.26, "distance": 285.0, "angle": 148.45319443079745 }, "geometry": { "type": "Point", "coordinates": [ 537693.821552676730789, 789082.236282197060063 ] } },
{ "type": "Feature", "properties": { "Layer": "ABEOKUTA_SPECIAL_PRIME", "Linetype": null, "EntityHand": "239", "Text": "S", "AREA_DEL": "SPECIAL_PRIME", "polygon": null, "x": 538156.501, "y": 787954.26, "distance": 290.0, "angle": 148.45319443079745 }, "geometry": { "type": "Point", "coordinates": [ 537696.437527285073884, 789077.975216972408816 ] } },
{ "type": "Feature", "properties": { "Layer": "ABEOKUTA_SPECIAL_PRIME", "Linetype": null, "EntityHand": "239", "Text": "S", "AREA_DEL": "SPECIAL_PRIME", "polygon": null, "x": 538156.501, "y": 787954.26, "distance": 295.0, "angle": 148.45319443079745 }, "geometry": { "type": "Point", "coordinates": [ 537699.053501893416978, 789073.714151747873984 ] } },
{ "type": "Feature", "properties": { "Layer": "ABEOKUTA_SPECIAL_PRIME", "Linetype": null, "EntityHand": "239", "Text": "S", "AREA_DEL": "SPECIAL_PRIME", "polygon": null, "x": 538156.501, "y": 787954.26, "distance": 300.0, "angle": 148.45319443079745 }, "geometry": { "type": "Point", "coordinates": [ 537701.669476501760073, 789069.453086523222737 ] } },
{ "type": "Feature", "properties": { "Layer": "ABEOKUTA_SPECIAL_PRIME", "Linetype": null, "EntityHand": "239", "Text": "S", "AREA_DEL": "SPECIAL_PRIME", "polygon": null, "x": 538156.501, "y": 787954.26, "distance": 305.0, "angle": 148.45319443079745 }, "geometry": { "type": "Point", "coordinates": [ 537704.285451110219583, 789065.19202129857149 ] } },
{ "type": "Feature", "properties": { "Layer": "ABEOKUTA_SPECIAL_PRIME", "Linetype": null, "EntityHand": "239", "Text": "S", "AREA_DEL": "SPECIAL_PRIME", "polygon": null, "x": 538156.501, "y": 787954.26, "distance": 310.0, "angle": 148.45319443079745 }, "geometry": { "type": "Point", "coordinates": [ 537706.901425718562678, 789060.930956074036658 ] } },
{ "type": "Feature", "properties": { "Layer": "ABEOKUTA_SPECIAL_PRIME", "Linetype": null, "EntityHand": "239", "Text": "S", "AREA_DEL": "SPECIAL_PRIME", "polygon": null, "x": 538156.501, "y": 787954.26, "distance": 315.0, "angle": 148.45319443079745 }, "geometry": { "type": "Point", "coordinates": [ 537709.517400326905772, 789056.669890849385411 ] } },
{ "type": "Feature", "properties": { "Layer": "ABEOKUTA_SPECIAL_PRIME", "Linetype": null, "EntityHand": "239", "Text": "S", "AREA_DEL": "SPECIAL_PRIME", "polygon": null, "x": 538156.501, "y": 787954.26, "distance": 320.0, "angle": 148.45319443079745 }, "geometry": { "type": "Point", "coordinates": [ 537712.133374935248867, 789052.408825624734163 ] } },
{ "type": "Feature", "properties": { "Layer": "ABEOKUTA_SPECIAL_PRIME", "Linetype": null, "EntityHand": "239", "Text": "S", "AREA_DEL": "SPECIAL_PRIME", "polygon": null, "x": 538156.501, "y": 787954.26, "distance": 325.0, "angle": 148.45319443079745 }, "geometry": { "type": "Point", "coordinates": [ 537714.749349543591961, 789048.147760400199331 ] } },
{ "type": "Feature", "properties": { "Layer": "ABEOKUTA_SPECIAL_PRIME", "Linetype": null, "EntityHand": "239", "Text": "S", "AREA_DEL": "SPECIAL_PRIME", "polygon": null, "x": 538156.501, "y": 787954.26, "distance": 330.0, "angle": 129.43237902047071 }, "geometry": { "type": "Point", "coordinates": [ 537718.586147688212804, 789044.95008300896734 ] } },
{ "type": "Feature", "properties": { "Layer": "ABEOKUTA_SPECIAL_PRIME", "Linetype": null, "EntityHand": "239", "Text": "S", "AREA_DEL": "SPECIAL_PRIME", "polygon": null, "x": 538156.501, "y": 787954.26, "distance": 335.0, "angle": 129.43237902047071 }, "geometry": { "type": "Point", "coordinates": [ 537722.448021442629397, 789041.77424751187209 ] } },
{ "type": "Feature", "properties": { "Layer": "ABEOKUTA_SPECIAL_PRIME", "Linetype": null, "EntityHand": "239", "Text": "S", "AREA_DEL": "SPECIAL_PRIME", "polygon": null, "x": 538156.501, "y": 787954.26, "distance": 340.0, "angle": 129.43237902047071 }, "geometry": { "type": "Point", "coordinates": [ 537726.309895197162405, 789038.598412014776841 ] } },
{ "type": "Feature", "properties": { "Layer": "ABEOKUTA_SPECIAL_PRIME", "Linetype": null, "EntityHand": "239", "Text": "S", "AREA_DEL": "SPECIAL_PRIME", "polygon": null, "x": 538156.501, "y": 787954.26, "distance": 345.0, "angle": 129.43237902047071 }, "geometry": { "type": "Point", "coordinates": [ 537730.171768951578997, 789035.422576517681591 ] } },
{ "type": "Feature", "properties": { "Layer": "ABEOKUTA_SPECIAL_PRIME", "Linetype": null, "EntityHand": "239", "Text": "S", "AREA_DEL": "SPECIAL_PRIME", "polygon": null, "x": 538156.501, "y": 787954.26, "distance": 350.0, "angle": 129.43237902047071 }, "geometry": { "type": "Point", "coordinates": [ 537734.033642705995589, 789032.246741020469926 ] } },
{ "type": "Feature", "properties": { "Layer": "ABEOKUTA_SPECIAL_PRIME", "Linetype": null, "EntityHand": "239", "Text": "S", "AREA_DEL": "SPECIAL_PRIME", "polygon": null, "x": 538156.501, "y": 787954.26, "distance": 355.0, "angle": 129.43237902047071 }, "geometry": { "type": "Point", "coordinates": [ 537737.895516460528597, 789029.070905523374677 ] } },
{ "type": "Feature", "properties": { "Layer": "ABEOKUTA_SPECIAL_PRIME", "Linetype": null, "EntityHand": "239", "Text": "S", "AREA_DEL": "SPECIAL_PRIME", "polygon": null, "x": 538156.501, "y": 787954.26, "distance": 360.0, "angle": 129.43237902047071 }, "geometry": { "type": "Point", "coordinates": [ 537741.75739021494519, 789025.895070026279427 ] } },
{ "type": "Feature", "properties": { "Layer": "ABEOKUTA_SPECIAL_PRIME", "Linetype": null, "EntityHand": "239", "Text": "S", "AREA_DEL": "SPECIAL_PRIME", "polygon": null, "x": 538156.501, "y": 787954.26, "distance": 365.0, "angle": 129.43237902047071 }, "geometry": { "type": "Point", "coordinates": [ 537745.619263969361782, 789022.719234529184178 ] } },
{ "type": "Feature", "properties": { "Layer": "ABEOKUTA_SPECIAL_PRIME", "Linetype": null, "EntityHand": "239", "Text": "S", "AREA_DEL": "SPECIAL_PRIME", "polygon": null, "x": 538156.501, "y": 787954.26, "distance": 370.0, "angle": 129.43237902047071 }, "geometry": { "type": "Point", "coordinates": [ 537749.48113772389479, 789019.543399032088928 ] } },
{ "type": "Feature", "properties": { "Layer": "ABEOKUTA_SPECIAL_PRIME", "Linetype": null, "EntityHand": "239", "Text": "S", "AREA_DEL": "SPECIAL_PRIME", "polygon": null, "x": 538156.501, "y": 787954.26, "distance": 375.0, "angle": 129.43237902047071 }, "geometry": { "type": "Point", "coordinates": [ 537753.343011478311382, 789016.367563534993678 ] } },
{ "type": "Feature", "properties": { "Layer": "ABEOKUTA_SPECIAL_PRIME", "Linetype": null, "EntityHand": "239", "Text": "S", "AREA_DEL": "SPECIAL_PRIME", "polygon": null, "x": 538156.501, "y": 787954.26, "distance": 380.0, "angle": 129.43237902047071 }, "geometry": { "type": "Point", "coordinates": [ 537757.204885232727975, 789013.191728037898429 ] } },
{ "type": "Feature", "properties": { "Layer": "ABEOKUTA_SPECIAL_PRIME", "Linetype": null, "EntityHand": "239", "Text": "S", "AREA_DEL": "SPECIAL_PRIME", "polygon": null, "x": 538156.501, "y": 787954.26, "distance": 385.0, "angle": 129.43237902047071 }, "geometry": { "type": "Point", "coordinates": [ 537761.066758987260982, 789010.015892540803179 ] } },
{ "type": "Feature", "properties": { "Layer": "ABEOKUTA_SPECIAL_PRIME", "Linetype": null, "EntityHand": "239", "Text": "S", "AREA_DEL": "SPECIAL_PRIME", "polygon": null, "x": 538156.501, "y": 787954.26, "distance": 390.0, "angle": 129.43237902047071 }, "geometry": { "type": "Point", "coordinates": [ 537764.928632741677575, 789006.84005704370793 ] } },
{ "type": "Feature", "properties": { "Layer": "ABEOKUTA_SPECIAL_PRIME", "Linetype": null, "EntityHand": "239", "Text": "S", "AREA_DEL": "SPECIAL_PRIME", "polygon": null, "x": 538156.501, "y": 787954.26, "distance": 395.0, "angle": 129.43237902047071 }, "geometry": { "type": "Point", "coordinates": [ 537768.790506496094167, 789003.66422154661268 ] } },
{ "type": "Feature", "properties": { "Layer": "ABEOKUTA_SPECIAL_PRIME", "Linetype": null, "EntityHand": "239", "Text": "S", "AREA_DEL": "SPECIAL_PRIME", "polygon": null, "x": 538156.501, "y": 787954.26, "distance": 400.0, "angle": 129.43237902047071 }, "geometry": { "type": "Point", "coordinates": [ 537772.652380250627175, 789000.48838604951743 ] } },
{ "type": "Feature", "properties": { "Layer": "ABEOKUTA_SPECIAL_PRIME", "Linetype": null, "EntityHand": "239", "Text": "S", "AREA_DEL": "SPECIAL_PRIME", "polygon": null, "x": 538156.501, "y": 787954.26, "distance": 405.0, "angle": 129.43237902047071 }, "geometry": { "type": "Point", "coordinates": [ 537776.514254005043767, 788997.312550552422181 ] } },
{ "type": "Feature", "properties": { "Layer": "ABEOKUTA_SPECIAL_PRIME", "Linetype": null, "EntityHand": "239", "Text": "S", "AREA_DEL": "SPECIAL_PRIME", "polygon": null, "x": 538156.501, "y": 787954.26, "distance": 410.0, "angle": 129.43237902047071 }, "geometry": { "type": "Point", "coordinates": [ 537780.37612775946036, 788994.136715055326931 ] } },
{ "type": "Feature", "properties": { "Layer": "ABEOKUTA_SPECIAL_PRIME", "Linetype": null, "EntityHand": "239", "Text": "S", "AREA_DEL": "SPECIAL_PRIME", "polygon": null, "x": 538156.501, "y": 787954.26, "distance": 415.0, "angle": 129.43237902047071 }, "geometry": { "type": "Point", "coordinates": [ 537784.238001513876952, 788990.960879558231682 ] } },
{ "type": "Feature", "properties": { "Layer": "ABEOKUTA_SPECIAL_PRIME", "Linetype": null, "EntityHand": "239", "Text": "S", "AREA_DEL": "SPECIAL_PRIME", "polygon": null, "x": 538156.501, "y": 787954.26, "distance": 420.0, "angle": 129.43237902047071 }, "geometry": { "type": "Point", "coordinates": [ 537788.09987526840996, 788987.785044061136432 ] } },
{ "type": "Feature", "properties": { "Layer": "ABEOKUTA_SPECIAL_PRIME", "Linetype": null, "EntityHand": "239", "Text": "S", "AREA_DEL": "SPECIAL_PRIME", "polygon": null, "x": 538156.501, "y": 787954.26, "distance": 425.0, "angle": 129.43237902047071 }, "geometry": { "type": "Point", "coordinates": [ 537791.961749022826552, 788984.609208564041182 ] } },
{ "type": "Feature", "properties": { "Layer": "ABEOKUTA_SPECIAL_PRIME", "Linetype": null, "EntityHand": "239", "Text": "S", "AREA_DEL": "SPECIAL_PRIME", "polygon": null, "x": 538156.501, "y": 787954.26, "distance": 430.0, "angle": 129.43237902047071 }, "geometry": { "type": "Point", "coordinates": [ 537795.823622777243145, 788981.433373066829517 ] } },
{ "type": "Feature", "properties": { "Layer": "ABEOKUTA_SPECIAL_PRIME", "Linetype": null, "EntityHand": "239", "Text": "S", "AREA_DEL": "SPECIAL_PRIME", "polygon": null, "x": 538156.501, "y": 787954.26, "distance": 435.0, "angle": 129.43237902047071 }, "geometry": { "type": "Point", "coordinates": [ 537799.685496531776153, 788978.257537569734268 ] } },
{ "type": "Feature", "properties": { "Layer": "ABEOKUTA_SPECIAL_PRIME", "Linetype": null, "EntityHand": "239", "Text": "S", "AREA_DEL": "SPECIAL_PRIME", "polygon": null, "x": 538156.501, "y": 787954.26, "distance": 440.0, "angle": 129.43237902047071 }, "geometry": { "type": "Point", "coordinates": [ 537803.547370286192745, 788975.081702072639018 ] } },
{ "type": "Feature", "properties": { "Layer": "ABEOKUTA_SPECIAL_PRIME", "Linetype": null, "EntityHand": "239", "Text": "S", "AREA_DEL": "SPECIAL_PRIME", "polygon": null, "x": 538156.501, "y": 787954.26, "distance": 445.0, "angle": 129.43237902047071 }, "geometry": { "type": "Point", "coordinates": [ 537807.409244040609337, 788971.905866575543769 ] } },
{ "type": "Feature", "properties": { "Layer": "ABEOKUTA_SPECIAL_PRIME", "Linetype": null, "EntityHand": "239", "Text": "S", "AREA_DEL": "SPECIAL_PRIME", "polygon": null, "x": 538156.501, "y": 787954.26, "distance": 450.0, "angle": 129.43237902047071 }, "geometry": { "type": "Point", "coordinates": [ 537811.271117795142345, 788968.730031078448519 ] } },
{ "type": "Feature", "properties": { "Layer": "ABEOKUTA_SPECIAL_PRIME", "Linetype": null, "EntityHand": "239", "Text": "S", "AREA_DEL": "SPECIAL_PRIME", "polygon": null, "x": 538156.501, "y": 787954.26, "distance": 455.0, "angle": 129.43237902047071 }, "geometry": { "type": "Point", "coordinates": [ 537815.132991549558938, 788965.55419558135327 ] } },
{ "type": "Feature", "properties": { "Layer": "ABEOKUTA_SPECIAL_PRIME", "Linetype": null, "EntityHand": "239", "Text": "S", "AREA_DEL": "SPECIAL_PRIME", "polygon": null, "x": 538156.501, "y": 787954.26, "distance": 460.0, "angle": 129.43237902047071 }, "geometry": { "type": "Point", "coordinates": [ 537818.99486530397553, 788962.37836008425802 ] } },
{ "type": "Feature", "properties": { "Layer": "ABEOKUTA_SPECIAL_PRIME", "Linetype": null, "EntityHand": "239", "Text": "S", "AREA_DEL": "SPECIAL_PRIME", "polygon": null, "x": 538156.501, "y": 787954.26, "distance": 465.0, "angle": 123.42728949064944 }, "geometry": { "type": "Point", "coordinates": [ 537822.99106689391192, 788959.384523945045657 ] } },
{ "type": "Feature", "properties": { "Layer": "ABEOKUTA_SPECIAL_PRIME", "Linetype": null, "EntityHand": "239", "Text": "S", "AREA_DEL": "SPECIAL_PRIME", "polygon": null, "x": 538156.501, "y": 787954.26, "distance": 470.0, "angle": 123.42728949064944 }, "geometry": { "type": "Point", "coordinates": [ 537827.163994790404104, 788956.630132402409799 ] } },
{ "type": "Feature", "properties": { "Layer": "ABEOKUTA_SPECIAL_PRIME", "Linetype": null, "EntityHand": "239", "Text": "S", "AREA_DEL": "SPECIAL_PRIME", "polygon": null, "x": 538156.501, "y": 787954.26, "distance": 475.0, "angle": 123.42728949064944 }, "geometry": { "type": "Point", "coordinates": [ 537831.336922686896287, 788953.875740859657526 ] } },
{ "type": "Feature", "properties": { "Layer": "ABEOKUTA_SPECIAL_PRIME", "Linetype": null, "EntityHand": "239", "Text": "S", "AREA_DEL": "SPECIAL_PRIME", "polygon": null, "x": 538156.501, "y": 787954.26, "distance": 480.0, "angle": 123.42728949064944 }, "geometry": { "type": "Point", "coordinates": [ 537835.50985058338847, 788951.121349317021668 ] } },
{ "type": "Feature", "properties": { "Layer": "ABEOKUTA_SPECIAL_PRIME", "Linetype": null, "EntityHand": "239", "Text": "S", "AREA_DEL": "SPECIAL_PRIME", "polygon": null, "x": 538156.501, "y": 787954.26, "distance": 485.0, "angle": 123.42728949064944 }, "geometry": { "type": "Point", "coordinates": [ 537839.682778479880653, 788948.366957774269395 ] } },
{ "type": "Feature", "properties": { "Layer": "ABEOKUTA_SPECIAL_PRIME", "Linetype": null, "EntityHand": "239", "Text": "S", "AREA_DEL": "SPECIAL_PRIME", "polygon": null, "x": 538156.501, "y": 787954.26, "distance": 490.0, "angle": 123.42728949064944 }, "geometry": { "type": "Point", "coordinates": [ 537843.855706376372837, 788945.612566231517121 ] } },
{ "type": "Feature", "properties": { "Layer": "ABEOKUTA_SPECIAL_PRIME", "Linetype": null, "EntityHand": "239", "Text": "S", "AREA_DEL": "SPECIAL_PRIME", "polygon": null, "x": 538156.501, "y": 787954.26, "distance": 495.0, "angle": 123.42728949064944 }, "geometry": { "type": "Point", "coordinates": [ 537848.028634272981435, 788942.858174688881263 ] } },
{ "type": "Feature", "properties": { "Layer": "ABEOKUTA_SPECIAL_PRIME", "Linetype": null, "EntityHand": "239", "Text": "S", "AREA_DEL": "SPECIAL_PRIME", "polygon": null, "x": 538156.501, "y": 787954.26, "distance": 500.0, "angle": 123.42728949064944 }, "geometry": { "type": "Point", "coordinates": [ 537852.201562169473618, 788940.10378314612899 ] } },
{ "type": "Feature", "properties": { "Layer": "ABEOKUTA_SPECIAL_PRIME", "Linetype": null, "EntityHand": "239", "Text": "S", "AREA_DEL": "SPECIAL_PRIME", "polygon": null, "x": 538156.501, "y": 787954.26, "distance": 505.0, "angle": 123.42728949064944 }, "geometry": { "type": "Point", "coordinates": [ 537856.374490065965801, 788937.349391603493132 ] } },
{ "type": "Feature", "properties": { "Layer": "ABEOKUTA_SPECIAL_PRIME", "Linetype": null, "EntityHand": "239", "Text": "S", "AREA_DEL": "SPECIAL_PRIME", "polygon": null, "x": 538156.501, "y": 787954.26, "distance": 510.0, "angle": 123.42728949064944 }, "geometry": { "type": "Point", "coordinates": [ 537860.547417962457985, 788934.595000060740858 ] } },
{ "type": "Feature", "properties": { "Layer": "ABEOKUTA_SPECIAL_PRIME", "Linetype": null, "EntityHand": "239", "Text": "S", "AREA_DEL": "SPECIAL_PRIME", "polygon": null, "x": 538156.501, "y": 787954.26, "distance": 515.0, "angle": 123.42728949064944 }, "geometry": { "type": "Point", "coordinates": [ 537864.720345858950168, 788931.840608518105 ] } },
{ "type": "Feature", "properties": { "Layer": "ABEOKUTA_SPECIAL_PRIME", "Linetype": null, "EntityHand": "239", "Text": "S", "AREA_DEL": "SPECIAL_PRIME", "polygon": null, "x": 538156.501, "y": 787954.26, "distance": 520.0, "angle": 123.42728949064944 }, "geometry": { "type": "Point", "coordinates": [ 537868.893273755442351, 788929.086216975352727 ] } },
{ "type": "Feature", "properties": { "Layer": "ABEOKUTA_SPECIAL_PRIME", "Linetype": null, "EntityHand": "239", "Text": "S", "AREA_DEL": "SPECIAL_PRIME", "polygon": null, "x": 538156.501, "y": 787954.26, "distance": 525.0, "angle": 123.42728949064944 }, "geometry": { "type": "Point", "coordinates": [ 537873.06620165205095, 788926.331825432600453 ] } },
{ "type": "Feature", "properties": { "Layer": "ABEOKUTA_SPECIAL_PRIME", "Linetype": null, "EntityHand": "239", "Text": "S", "AREA_DEL": "SPECIAL_PRIME", "polygon": null, "x": 538156.501, "y": 787954.26, "distance": 530.0, "angle": 123.42728949064944 }, "geometry": { "type": "Point", "coordinates": [ 537877.239129548543133, 788923.577433889964595 ] } },
{ "type": "Feature", "properties": { "Layer": "ABEOKUTA_SPECIAL_PRIME", "Linetype": null, "EntityHand": "239", "Text": "S", "AREA_DEL": "SPECIAL_PRIME", "polygon": null, "x": 538156.501, "y": 787954.26, "distance": 535.0, "angle": 123.42728949064944 }, "geometry": { "type": "Point", "coordinates": [ 537881.412057445035316, 788920.823042347212322 ] } },
{ "type": "Feature", "properties": { "Layer": "ABEOKUTA_SPECIAL_PRIME", "Linetype": null, "EntityHand": "239", "Text": "S", "AREA_DEL": "SPECIAL_PRIME", "polygon": null, "x": 538156.501, "y": 787954.26, "distance": 540.0, "angle": 123.42728949064944 }, "geometry": { "type": "Point", "coordinates": [ 537885.584985341527499, 788918.068650804576464 ] } },
{ "type": "Feature", "properties": { "Layer": "ABEOKUTA_SPECIAL_PRIME", "Linetype": null, "EntityHand": "239", "Text": "S", "AREA_DEL": "SPECIAL_PRIME", "polygon": null, "x": 538156.501, "y": 787954.26, "distance": 545.0, "angle": 123.42728949064944 }, "geometry": { "type": "Point", "coordinates": [ 537889.757913238019682, 788915.314259261824191 ] } },
{ "type": "Feature", "properties": { "Layer": "ABEOKUTA_SPECIAL_PRIME", "Linetype": null, "EntityHand": "239", "Text": "S", "AREA_DEL": "SPECIAL_PRIME", "polygon": null, "x": 538156.501, "y": 787954.26, "distance": 550.0, "angle": 123.42728949064944 }, "geometry": { "type": "Point", "coordinates": [ 537893.930841134511866, 788912.559867719071917 ] } },
{ "type": "Feature", "properties": { "Layer": "ABEOKUTA_SPECIAL_PRIME", "Linetype": null, "EntityHand": "239", "Text": "S", "AREA_DEL": "SPECIAL_PRIME", "polygon": null, "x": 538156.501, "y": 787954.26, "distance": 555.0, "angle": 123.42728949064944 }, "geometry": { "type": "Point", "coordinates": [ 537898.103769031120464, 788909.805476176436059 ] } },
{ "type": "Feature", "properties": { "Layer": "ABEOKUTA_SPECIAL_PRIME", "Linetype": null, "EntityHand": "239", "Text": "S", "AREA_DEL": "SPECIAL_PRIME", "polygon": null, "x": 538156.501, "y": 787954.26, "distance": 560.0, "angle": 123.42728949064944 }, "geometry": { "type": "Point", "coordinates": [ 537902.276696927612647, 788907.051084633683786 ] } },
{ "type": "Feature", "properties": { "Layer": "ABEOKUTA_SPECIAL_PRIME", "Linetype": null, "EntityHand": "239", "Text": "S", "AREA_DEL": "SPECIAL_PRIME", "polygon": null, "x": 538156.501, "y": 787954.26, "distance": 565.0, "angle": 123.42728949064944 }, "geometry": { "type": "Point", "coordinates": [ 537906.449624824104831, 788904.296693091047928 ] } },
{ "type": "Feature", "properties": { "Layer": "ABEOKUTA_SPECIAL_PRIME", "Linetype": null, "EntityHand": "239", "Text": "S", "AREA_DEL": "SPECIAL_PRIME", "polygon": null, "x": 538156.501, "y": 787954.26, "distance": 570.0, "angle": 123.42728949064944 }, "geometry": { "type": "Point", "coordinates": [ 537910.622552720597014, 788901.542301548295654 ] } },
{ "type": "Feature", "properties": { "Layer": "ABEOKUTA_SPECIAL_PRIME", "Linetype": null, "EntityHand": "239", "Text": "S", "AREA_DEL": "SPECIAL_PRIME", "polygon": null, "x": 538156.501, "y": 787954.26, "distance": 575.0, "angle": 123.42728949064944 }, "geometry": { "type": "Point", "coordinates": [ 537914.795480617089197, 788898.787910005543381 ] } },
{ "type": "Feature", "properties": { "Layer": "ABEOKUTA_SPECIAL_PRIME", "Linetype": null, "EntityHand": "239", "Text": "S", "AREA_DEL": "SPECIAL_PRIME", "polygon": null, "x": 538156.501, "y": 787954.26, "distance": 580.0, "angle": 123.42728949064944 }, "geometry": { "type": "Point", "coordinates": [ 537918.96840851358138, 788896.033518462907523 ] } },
{ "type": "Feature", "properties": { "Layer": "ABEOKUTA_SPECIAL_PRIME", "Linetype": null, "EntityHand": "239", "Text": "S", "AREA_DEL": "SPECIAL_PRIME", "polygon": null, "x": 538156.501, "y": 787954.26, "distance": 585.0, "angle": 123.42728949064944 }, "geometry": { "type": "Point", "coordinates": [ 537923.141336410073563, 788893.27912692015525 ] } },
{ "type": "Feature", "properties": { "Layer": "ABEOKUTA_SPECIAL_PRIME", "Linetype": null, "EntityHand": "239", "Text": "S", "AREA_DEL": "SPECIAL_PRIME", "polygon": null, "x": 538156.501, "y": 787954.26, "distance": 590.0, "angle": 123.42728949064944 }, "geometry": { "type": "Point", "coordinates": [ 537927.314264306682162, 788890.524735377519391 ] } },
{ "type": "Feature", "properties": { "Layer": "ABEOKUTA_SPECIAL_PRIME", "Linetype": null, "EntityHand": "239", "Text": "S", "AREA_DEL": "SPECIAL_PRIME", "polygon": null, "x": 538156.501, "y": 787954.26, "distance": 595.0, "angle": 123.42728949064944 }, "geometry": { "type": "Point", "coordinates": [ 537931.487192203174345, 788887.770343834767118 ] } },
{ "type": "Feature", "properties": { "Layer": "ABEOKUTA_SPECIAL_PRIME", "Linetype": null, "EntityHand": "239", "Text": "S", "AREA_DEL": "SPECIAL_PRIME", "polygon": null, "x": 538156.501, "y": 787954.26, "distance": 600.0, "angle": 123.42728949064944 }, "geometry": { "type": "Point", "coordinates": [ 537935.660120099666528, 788885.01595229213126 ] } },
{ "type": "Feature", "properties": { "Layer": "ABEOKUTA_SPECIAL_PRIME", "Linetype": null, "EntityHand": "239", "Text": "S", "AREA_DEL": "SPECIAL_PRIME", "polygon": null, "x": 538156.501, "y": 787954.26, "distance": 605.0, "angle": 123.42728949064944 }, "geometry": { "type": "Point", "coordinates": [ 537939.833047996158712, 788882.261560749378987 ] } },
{ "type": "Feature", "properties": { "Layer": "ABEOKUTA_SPECIAL_PRIME", "Linetype": null, "EntityHand": "239", "Text": "S", "AREA_DEL": "SPECIAL_PRIME", "polygon": null, "x": 538156.501, "y": 787954.26, "distance": 610.0, "angle": 123.42728949064944 }, "geometry": { "type": "Point", "coordinates": [ 537944.005975892650895, 788879.507169206626713 ] } },
{ "type": "Feature", "properties": { "Layer": "ABEOKUTA_SPECIAL_PRIME", "Linetype": null, "EntityHand": "239", "Text": "S", "AREA_DEL": "SPECIAL_PRIME", "polygon": null, "x": 538156.501, "y": 787954.26, "distance": 615.0, "angle": 123.42728949064944 }, "geometry": { "type": "Point", "coordinates": [ 537948.178903789143078, 788876.752777663990855 ] } },
{ "type": "Feature", "properties": { "Layer": "ABEOKUTA_SPECIAL_PRIME", "Linetype": null, "EntityHand": "239", "Text": "S", "AREA_DEL": "SPECIAL_PRIME", "polygon": null, "x": 538156.501, "y": 787954.26, "distance": 620.0, "angle": 123.42728949064944 }, "geometry": { "type": "Point", "coordinates": [ 537952.351831685751677, 788873.998386121238582 ] } },
{ "type": "Feature", "properties": { "Layer": "ABEOKUTA_SPECIAL_PRIME", "Linetype": null, "EntityHand": "239", "Text": "S", "AREA_DEL": "SPECIAL_PRIME", "polygon": null, "x": 538156.501, "y": 787954.26, "distance": 625.0, "angle": 121.35138217551886 }, "geometry": { "type": "Point", "coordinates": [ 537956.60867575625889, 788871.376279726391658 ] } },
{ "type": "Feature", "properties": { "Layer": "ABEOKUTA_SPECIAL_PRIME", "Linetype": null, "EntityHand": "239", "Text": "S", "AREA_DEL": "SPECIAL_PRIME", "polygon": null, "x": 538156.501, "y": 787954.26, "distance": 630.0, "angle": 121.35138217551886 }, "geometry": { "type": "Point", "coordinates": [ 537960.878638696391135, 788868.774853869341314 ] } },
{ "type": "Feature", "properties": { "Layer": "ABEOKUTA_SPECIAL_PRIME", "Linetype": null, "EntityHand": "239", "Text": "S", "AREA_DEL": "SPECIAL_PRIME", "polygon": null, "x": 538156.501, "y": 787954.26, "distance": 635.0, "angle": 121.35138217551886 }, "geometry": { "type": "Point", "coordinates": [ 537965.148601636523381, 788866.173428012290969 ] } },
{ "type": "Feature", "properties": { "Layer": "ABEOKUTA_SPECIAL_PRIME", "Linetype": null, "EntityHand": "239", "Text": "S", "AREA_DEL": "SPECIAL_PRIME", "polygon": null, "x": 538156.501, "y": 787954.26, "distance": 640.0, "angle": 121.35138217551886 }, "geometry": { "type": "Point", "coordinates": [ 537969.418564576655626, 788863.57200215512421 ] } },
{ "type": "Feature", "properties": { "Layer": "ABEOKUTA_SPECIAL_PRIME", "Linetype": null, "EntityHand": "239", "Text": "S", "AREA_DEL": "SPECIAL_PRIME", "polygon": null, "x": 538156.501, "y": 787954.26, "distance": 645.0, "angle": 121.35138217551886 }, "geometry": { "type": "Point", "coordinates": [ 537973.688527516787872, 788860.970576298073865 ] } },
{ "type": "Feature", "properties": { "Layer": "ABEOKUTA_SPECIAL_PRIME", "Linetype": null, "EntityHand": "239", "Text": "S", "AREA_DEL": "SPECIAL_PRIME", "polygon": null, "x": 538156.501, "y": 787954.26, "distance": 650.0, "angle": 121.35138217551886 }, "geometry": { "type": "Point", "coordinates": [ 537977.958490456920117, 788858.369150441023521 ] } },
{ "type": "Feature", "properties": { "Layer": "ABEOKUTA_SPECIAL_PRIME", "Linetype": null, "EntityHand": "239", "Text": "S", "AREA_DEL": "SPECIAL_PRIME", "polygon": null, "x": 538156.501, "y": 787954.26, "distance": 655.0, "angle": 121.35138217551886 }, "geometry": { "type": "Point", "coordinates": [ 537982.228453397052363, 788855.767724583973177 ] } },
{ "type": "Feature", "properties": { "Layer": "ABEOKUTA_SPECIAL_PRIME", "Linetype": null, "EntityHand": "239", "Text": "S", "AREA_DEL": "SPECIAL_PRIME", "polygon": null, "x": 538156.501, "y": 787954.26, "distance": 660.0, "angle": 121.35138217551886 }, "geometry": { "type": "Point", "coordinates": [ 537986.498416337184608, 788853.166298726922832 ] } },
{ "type": "Feature", "properties": { "Layer": "ABEOKUTA_SPECIAL_PRIME", "Linetype": null, "EntityHand": "239", "Text": "S", "AREA_DEL": "SPECIAL_PRIME", "polygon": null, "x": 538156.501, "y": 787954.26, "distance": 665.0, "angle": 121.35138217551886 }, "geometry": { "type": "Point", "coordinates": [ 537990.768379277316853, 788850.564872869756073 ] } },
{ "type": "Feature", "properties": { "Layer": "ABEOKUTA_SPECIAL_PRIME", "Linetype": null, "EntityHand": "239", "Text": "S", "AREA_DEL": "SPECIAL_PRIME", "polygon": null, "x": 538156.501, "y": 787954.26, "distance": 670.0, "angle": 121.35138217551886 }, "geometry": { "type": "Point", "coordinates": [ 537995.038342217449099, 788847.963447012705728 ] } },
{ "type": "Feature", "properties": { "Layer": "ABEOKUTA_SPECIAL_PRIME", "Linetype": null, "EntityHand": "239", "Text": "S", "AREA_DEL": "SPECIAL_PRIME", "polygon": null, "x": 538156.501, "y": 787954.26, "distance": 675.0, "angle": 121.35138217551886 }, "geometry": { "type": "Point", "coordinates": [ 537999.308305157581344, 788845.362021155655384 ] } },
{ "type": "Feature", "properties": { "Layer": "ABEOKUTA_SPECIAL_PRIME", "Linetype": null, "EntityHand": "239", "Text": "S", "AREA_DEL": "SPECIAL_PRIME", "polygon": null, "x": 538156.501, "y": 787954.26, "distance": 680.0, "angle": 121.35138217551886 }, "geometry": { "type": "Point", "coordinates": [ 538003.57826809771359, 788842.76059529860504 ] } },
{ "type": "Feature", "properties": { "Layer": "ABEOKUTA_SPECIAL_PRIME", "Linetype": null, "EntityHand": "239", "Text": "S", "AREA_DEL": "SPECIAL_PRIME", "polygon": null, "x": 538156.501, "y": 787954.26, "distance": 685.0, "angle": 121.35138217551886 }, "geometry": { "type": "Point", "coordinates": [ 538007.848231037845835, 788840.15916944143828 ] } },
{ "type": "Feature", "properties": { "Layer": "ABEOKUTA_SPECIAL_PRIME", "Linetype": null, "EntityHand": "239", "Text": "S", "AREA_DEL": "SPECIAL_PRIME", "polygon": null, "x": 538156.501, "y": 787954.26, "distance": 690.0, "angle": 121.35138217551886 }, "geometry": { "type": "Point", "coordinates": [ 538012.118193977978081, 788837.557743584387936 ] } },
{ "type": "Feature", "properties": { "Layer": "ABEOKUTA_SPECIAL_PRIME", "Linetype": null, "EntityHand": "239", "Text": "S", "AREA_DEL": "SPECIAL_PRIME", "polygon": null, "x": 538156.501, "y": 787954.26, "distance": 695.0, "angle": 121.35138217551886 }, "geometry": { "type": "Point", "coordinates": [ 538016.388156918110326, 788834.956317727337591 ] } },
{ "type": "Feature", "properties": { "Layer": "ABEOKUTA_SPECIAL_PRIME", "Linetype": null, "EntityHand": "239", "Text": "S", "AREA_DEL": "SPECIAL_PRIME", "polygon": null, "x": 538156.501, "y": 787954.26, "distance": 700.0, "angle": 121.35138217551886 }, "geometry": { "type": "Point", "coordinates": [ 538020.658119858242571, 788832.354891870287247 ] } },
{ "type": "Feature", "properties": { "Layer": "ABEOKUTA_SPECIAL_PRIME", "Linetype": null, "EntityHand": "239", "Text": "S", "AREA_DEL": "SPECIAL_PRIME", "polygon": null, "x": 538156.501, "y": 787954.26, "distance": 705.0, "angle": 121.35138217551886 }, "geometry": { "type": "Point", "coordinates": [ 538024.928082798374817, 788829.753466013120487 ] } },
{ "type": "Feature", "properties": { "Layer": "ABEOKUTA_SPECIAL_PRIME", "Linetype": null, "EntityHand": "239", "Text": "S", "AREA_DEL": "SPECIAL_PRIME", "polygon": null, "x": 538156.501, "y": 787954.26, "distance": 710.0, "angle": 121.35138217551886 }, "geometry": { "type": "Point", "coordinates": [ 538029.198045738507062, 788827.152040156070143 ] } },
{ "type": "Feature", "properties": { "Layer": "ABEOKUTA_SPECIAL_PRIME", "Linetype": null, "EntityHand": "239", "Text": "S", "AREA_DEL": "SPECIAL_PRIME", "polygon": null, "x": 538156.501, "y": 787954.26, "distance": 715.0, "angle": 121.35138217551886 }, "geometry": { "type": "Point", "coordinates": [ 538033.468008678639308, 788824.550614299019799 ] } },
{ "type": "Feature", "properties": { "Layer": "ABEOKUTA_SPECIAL_PRIME", "Linetype": null, "EntityHand": "239", "Text": "S", "AREA_DEL": "SPECIAL_PRIME", "polygon": null, "x": 538156.501, "y": 787954.26, "distance": 720.0, "angle": 121.35138217551886 }, "geometry": { "type": "Point", "coordinates": [ 538037.737971618771553, 788821.949188441969454 ] } },
{ "type": "Feature", "properties": { "Layer": "ABEOKUTA_SPECIAL_PRIME", "Linetype": null, "EntityHand": "239", "Text": "S", "AREA_DEL": "SPECIAL_PRIME", "polygon": null, "x": 538156.501, "y": 787954.26, "distance": 725.0, "angle": 121.35138217551886 }, "geometry": { "type": "Point", "coordinates": [ 538042.007934558903798, 788819.34776258491911 ] } },
{ "type": "Feature", "properties": { "Layer": "ABEOKUTA_SPECIAL_PRIME", "Linetype": null, "EntityHand": "239", "Text": "S", "AREA_DEL": "SPECIAL_PRIME", "polygon": null, "x": 538156.501, "y": 787954.26, "distance": 730.0, "angle": 121.35138217551886 }, "geometry": { "type": "Point", "coordinates": [ 538046.277897499036044, 788816.74633672775235 ] } },
{ "type": "Feature", "properties": { "Layer": "ABEOKUTA_SPECIAL_PRIME", "Linetype": null, "EntityHand": "239", "Text": "S", "AREA_DEL": "SPECIAL_PRIME", "polygon": null, "x": 538156.501, "y": 787954.26, "distance": 735.0, "angle": 121.35138217551886 }, "geometry": { "type": "Point", "coordinates": [ 538050.547860439168289, 788814.144910870702006 ] } },
{ "type": "Feature", "properties": { "Layer": "ABEOKUTA_SPECIAL_PRIME", "Linetype": null, "EntityHand": "239", "Text": "S", "AREA_DEL": "SPECIAL_PRIME", "polygon": null, "x": 538156.501, "y": 787954.26, "distance": 740.0, "angle": 121.35138217551886 }, "geometry": { "type": "Point", "coordinates": [ 538054.817823379300535, 788811.543485013651662 ] } },
{ "type": "Feature", "properties": { "Layer": "ABEOKUTA_SPECIAL_PRIME", "Linetype": null, "EntityHand": "239", "Text": "S", "AREA_DEL": "SPECIAL_PRIME", "polygon": null, "x": 538156.501, "y": 787954.26, "distance": 745.0, "angle": 121.35138217551886 }, "geometry": { "type": "Point", "coordinates": [ 538059.08778631943278, 788808.942059156601317 ] } },
{ "type": "Feature", "properties": { "Layer": "ABEOKUTA_SPECIAL_PRIME", "Linetype": null, "EntityHand": "239", "Text": "S", "AREA_DEL": "SPECIAL_PRIME", "polygon": null, "x": 538156.501, "y": 787954.26, "distance": 750.0, "angle": 119.79854260333427 }, "geometry": { "type": "Point", "coordinates": [ 538063.388706371886656, 788806.393031162791885 ] } },
{ "type": "Feature", "properties": { "Layer": "ABEOKUTA_SPECIAL_PRIME", "Linetype": null, "EntityHand": "239", "Text": "S", "AREA_DEL": "SPECIAL_PRIME", "polygon": null, "x": 538156.501, "y": 787954.26, "distance": 755.0, "angle": 119.79854260333427 }, "geometry": { "type": "Point", "coordinates": [ 538067.727596843382344, 788803.908271722495556 ] } },
{ "type": "Feature", "properties": { "Layer": "ABEOKUTA_SPECIAL_PRIME", "Linetype": null, "EntityHand": "239", "Text": "S", "AREA_DEL": "SPECIAL_PRIME", "polygon": null, "x": 538156.501, "y": 787954.26, "distance": 760.0, "angle": 119.79854260333427 }, "geometry": { "type": "Point", "coordinates": [ 538072.066487314994447, 788801.423512282082811 ] } },
{ "type": "Feature", "properties": { "Layer": "ABEOKUTA_SPECIAL_PRIME", "Linetype": null, "EntityHand": "239", "Text": "S", "AREA_DEL": "SPECIAL_PRIME", "polygon": null, "x": 538156.501, "y": 787954.26, "distance": 765.0, "angle": 119.79854260333427 }, "geometry": { "type": "Point", "coordinates": [ 538076.405377786490135, 788798.938752841786481 ] } },
{ "type": "Feature", "properties": { "Layer": "ABEOKUTA_SPECIAL_PRIME", "Linetype": null, "EntityHand": "239", "Text": "S", "AREA_DEL": "SPECIAL_PRIME", "polygon": null, "x": 538156.501, "y": 787954.26, "distance": 770.0, "angle": 119.79854260333427 }, "geometry": { "type": "Point", "coordinates": [ 538080.744268257985823, 788796.453993401490152 ] } },
{ "type": "Feature", "properties": { "Layer": "ABEOKUTA_SPECIAL_PRIME", "Linetype": null, "EntityHand": "239", "Text": "S", "AREA_DEL": "SPECIAL_PRIME", "polygon": null, "x": 538156.501, "y": 787954.26, "distance": 775.0, "angle": 119.79854260333427 }, "geometry": { "type": "Point", "coordinates": [ 538085.083158729481511, 788793.969233961193822 ] } },
{ "type": "Feature", "properties": { "Layer": "ABEOKUTA_SPECIAL_PRIME", "Linetype": null, "EntityHand": "239", "Text": "S", "AREA_DEL": "SPECIAL_PRIME", "polygon": null, "x": 538156.501, "y": 787954.26, "distance": 780.0, "angle": 119.79854260333427 }, "geometry": { "type": "Point", "coordinates": [ 538089.422049200977199, 788791.484474520897493 ] } },
{ "type": "Feature", "properties": { "Layer": "ABEOKUTA_SPECIAL_PRIME", "Linetype": null, "EntityHand": "239", "Text": "S", "AREA_DEL": "SPECIAL_PRIME", "polygon": null, "x": 538156.501, "y": 787954.26, "distance": 785.0, "angle": 119.79854260333427 }, "geometry": { "type": "Point", "coordinates": [ 538093.760939672472887, 788788.999715080601163 ] } },
{ "type": "Feature", "properties": { "Layer": "ABEOKUTA_SPECIAL_PRIME", "Linetype": null, "EntityHand": "239", "Text": "S", "AREA_DEL": "SPECIAL_PRIME", "polygon": null, "x": 538156.501, "y": 787954.26, "distance": 790.0, "angle": 119.79854260333427 }, "geometry": { "type": "Point", "coordinates": [ 538098.099830143968575, 788786.514955640188418 ] } },
{ "type": "Feature", "properties": { "Layer": "ABEOKUTA_SPECIAL_PRIME", "Linetype": null, "EntityHand": "239", "Text": "S", "AREA_DEL": "SPECIAL_PRIME", "polygon": null, "x": 538156.501, "y": 787954.26, "distance": 795.0, "angle": 119.79854260333427 }, "geometry": { "type": "Point", "coordinates": [ 538102.438720615464263, 788784.030196199892089 ] } },
{ "type": "Feature", "properties": { "Layer": "ABEOKUTA_SPECIAL_PRIME", "Linetype": null, "EntityHand": "239", "Text": "S", "AREA_DEL": "SPECIAL_PRIME", "polygon": null, "x": 538156.501, "y": 787954.26, "distance": 800.0, "angle": 119.79854260333427 }, "geometry": { "type": "Point", "coordinates": [ 538106.777611087076366, 788781.545436759595759 ] } },
{ "type": "Feature", "properties": { "Layer": "ABEOKUTA_SPECIAL_PRIME", "Linetype": null, "EntityHand": "239", "Text": "S", "AREA_DEL": "SPECIAL_PRIME", "polygon": null, "x": 538156.501, "y": 787954.26, "distance": 805.0, "angle": 119.79854260333427 }, "geometry": { "type": "Point", "coordinates": [ 538111.116501558572054, 788779.06067731929943 ] } },
{ "type": "Feature", "properties": { "Layer": "ABEOKUTA_SPECIAL_PRIME", "Linetype": null, "EntityHand": "239", "Text": "S", "AREA_DEL": "SPECIAL_PRIME", "polygon": null, "x": 538156.501, "y": 787954.26, "distance": 810.0, "angle": 119.79854260333427 }, "geometry": { "type": "Point", "coordinates": [ 538115.455392030067742, 788776.5759178790031 ] } },
{ "type": "Feature", "properties": { "Layer": "ABEOKUTA_SPECIAL_PRIME", "Linetype": null, "EntityHand": "239", "Text": "S", "AREA_DEL": "SPECIAL_PRIME", "polygon": null, "x": 538156.501, "y": 787954.26, "distance": 815.0, "angle": 119.79854260333427 }, "geometry": { "type": "Point", "coordinates": [ 538119.79428250156343, 788774.091158438706771 ] } },
{ "type": "Feature", "properties": { "Layer": "ABEOKUTA_SPECIAL_PRIME", "Linetype": null, "EntityHand": "239", "Text": "S", "AREA_DEL": "SPECIAL_PRIME", "polygon": null, "x": 538156.501, "y": 787954.26, "distance": 820.0, "angle": 119.79854260333427 }, "geometry": { "type": "Point", "coordinates": [ 538124.133172973059118, 788771.606398998294026 ] } },
{ "type": "Feature", "properties": { "Layer": "ABEOKUTA_SPECIAL_PRIME", "Linetype": null, "EntityHand": "239", "Text": "S", "AREA_DEL": "SPECIAL_PRIME", "polygon": null, "x": 538156.501, "y": 787954.26, "distance": 825.0, "angle": 119.79854260333427 }, "geometry": { "type": "Point", "coordinates": [ 538128.472063444554806, 788769.121639557997696 ] } },
{ "type": "Feature", "properties": { "Layer": "ABEOKUTA_SPECIAL_PRIME", "Linetype": null, "EntityHand": "239", "Text": "S", "AREA_DEL": "SPECIAL_PRIME", "polygon": null, "x": 538156.501, "y": 787954.26, "distance": 830.0, "angle": 119.79854260333427 }, "geometry": { "type": "Point", "coordinates": [ 538132.810953916050494, 788766.636880117701367 ] } },
{ "type": "Feature", "properties": { "Layer": "ABEOKUTA_SPECIAL_PRIME", "Linetype": null, "EntityHand": "239", "Text": "S", "AREA_DEL": "SPECIAL_PRIME", "polygon": null, "x": 538156.501, "y": 787954.26, "distance": 835.0, "angle": 119.79854260333427 }, "geometry": { "type": "Point", "coordinates": [ 538137.149844387546182, 788764.152120677405037 ] } },
{ "type": "Feature", "properties": { "Layer": "ABEOKUTA_SPECIAL_PRIME", "Linetype": null, "EntityHand": "239", "Text": "S", "AREA_DEL": "SPECIAL_PRIME", "polygon": null, "x": 538156.501, "y": 787954.26, "distance": 840.0, "angle": 119.79854260333427 }, "geometry": { "type": "Point", "coordinates": [ 538141.48873485904187, 788761.667361237108707 ] } },
{ "type": "Feature", "properties": { "Layer": "ABEOKUTA_SPECIAL_PRIME", "Linetype": null, "EntityHand": "239", "Text": "S", "AREA_DEL": "SPECIAL_PRIME", "polygon": null, "x": 538156.501, "y": 787954.26, "distance": 845.0, "angle": 119.79854260333427 }, "geometry": { "type": "Point", "coordinates": [ 538145.827625330653973, 788759.182601796695963 ] } },
{ "type": "Feature", "properties": { "Layer": "ABEOKUTA_SPECIAL_PRIME", "Linetype": null, "EntityHand": "239", "Text": "S", "AREA_DEL": "SPECIAL_PRIME", "polygon": null, "x": 538156.501, "y": 787954.26, "distance": 850.0, "angle": 119.79854260333427 }, "geometry": { "type": "Point", "coordinates": [ 538150.166515802149661, 788756.697842356399633 ] } },
{ "type": "Feature", "properties": { "Layer": "ABEOKUTA_SPECIAL_PRIME", "Linetype": null, "EntityHand": "239", "Text": "S", "AREA_DEL": "SPECIAL_PRIME", "polygon": null, "x": 538156.501, "y": 787954.26, "distance": 855.0, "angle": 119.79854260333427 }, "geometry": { "type": "Point", "coordinates": [ 538154.505406273645349, 788754.213082916103303 ] } },
{ "type": "Feature", "properties": { "Layer": "ABEOKUTA_SPECIAL_PRIME", "Linetype": null, "EntityHand": "239", "Text": "S", "AREA_DEL": "SPECIAL_PRIME", "polygon": null, "x": 538156.501, "y": 787954.26, "distance": 860.0, "angle": 119.79854260333427 }, "geometry": { "type": "Point", "coordinates": [ 538158.844296745141037, 788751.728323475806974 ] } },
{ "type": "Feature", "properties": { "Layer": "ABEOKUTA_SPECIAL_PRIME", "Linetype": null, "EntityHand": "239", "Text": "S", "AREA_DEL": "SPECIAL_PRIME", "polygon": null, "x": 538156.501, "y": 787954.26, "distance": 865.0, "angle": 119.79854260333427 }, "geometry": { "type": "Point", "coordinates": [ 538163.183187216636725, 788749.243564035510644 ] } },
{ "type": "Feature", "properties": { "Layer": "ABEOKUTA_SPECIAL_PRIME", "Linetype": null, "EntityHand": "239", "Text": "S", "AREA_DEL": "SPECIAL_PRIME", "polygon": null, "x": 538156.501, "y": 787954.26, "distance": 870.0, "angle": 119.79854260333427 }, "geometry": { "type": "Point", "coordinates": [ 538167.522077688132413, 788746.758804595214315 ] } },
{ "type": "Feature", "properties": { "Layer": "ABEOKUTA_SPECIAL_PRIME", "Linetype": null, "EntityHand": "239", "Text": "S", "AREA_DEL": "SPECIAL_PRIME", "polygon": null, "x": 538156.501, "y": 787954.26, "distance": 875.0, "angle": 119.79854260333427 }, "geometry": { "type": "Point", "coordinates": [ 538171.860968159628101, 788744.27404515480157 ] } },
{ "type": "Feature", "properties": { "Layer": "ABEOKUTA_SPECIAL_PRIME", "Linetype": null, "EntityHand": "239", "Text": "S", "AREA_DEL": "SPECIAL_PRIME", "polygon": null, "x": 538156.501, "y": 787954.26, "distance": 880.0, "angle": 119.79854260333427 }, "geometry": { "type": "Point", "coordinates": [ 538176.199858631123789, 788741.78928571450524 ] } },
{ "type": "Feature", "properties": { "Layer": "ABEOKUTA_SPECIAL_PRIME", "Linetype": null, "EntityHand": "239", "Text": "S", "AREA_DEL": "SPECIAL_PRIME", "polygon": null, "x": 538156.501, "y": 787954.26, "distance": 885.0, "angle": 119.79854260333427 }, "geometry": { "type": "Point", "coordinates": [ 538180.538749102735892, 788739.304526274208911 ] } },
{ "type": "Feature", "properties": { "Layer": "ABEOKUTA_SPECIAL_PRIME", "Linetype": null, "EntityHand": "239", "Text": "S", "AREA_DEL": "SPECIAL_PRIME", "polygon": null, "x": 538156.501, "y": 787954.26, "distance": 890.0, "angle": 119.79854260333427 }, "geometry": { "type": "Point", "coordinates": [ 538184.87763957423158, 788736.819766833912581 ] } },
{ "type": "Feature", "properties": { "Layer": "ABEOKUTA_SPECIAL_PRIME", "Linetype": null, "EntityHand": "239", "Text": "S", "AREA_DEL": "SPECIAL_PRIME", "polygon": null, "x": 538156.501, "y": 787954.26, "distance": 895.0, "angle": 124.10649822895964 }, "geometry": { "type": "Point", "coordinates": [ 538189.027771069668233, 788734.032372124609537 ] } },
{ "type": "Feature", "properties": { "Layer": "ABEOKUTA_SPECIAL_PRIME", "Linetype": null, "EntityHand": "239", "Text": "S", "AREA_DEL": "SPECIAL_PRIME", "polygon": null, "x": 538156.501, "y": 787954.26, "distance": 900.0, "angle": 124.10649822895964 }, "geometry": { "type": "Point", "coordinates": [ 538193.16775479039643, 788731.228707595495507 ] } },
{ "type": "Feature", "properties": { "Layer": "ABEOKUTA_SPECIAL_PRIME", "Linetype": null, "EntityHand": "239", "Text": "S", "AREA_DEL": "SPECIAL_PRIME", "polygon": null, "x": 538156.501, "y": 787954.26, "distance": 905.0, "angle": 124.10649822895964 }, "geometry": { "type": "Point", "coordinates": [ 538197.307738511124626, 788728.425043066381477 ] } },
{ "type": "Feature", "properties": { "Layer": "ABEOKUTA_SPECIAL_PRIME", "Linetype": null, "EntityHand": "239", "Text": "S", "AREA_DEL": "SPECIAL_PRIME", "polygon": null, "x": 538156.501, "y": 787954.26, "distance": 910.0, "angle": 124.10649822895964 }, "geometry": { "type": "Point", "coordinates": [ 538201.447722231969237, 788725.621378537151031 ] } },
{ "type": "Feature", "properties": { "Layer": "ABEOKUTA_SPECIAL_PRIME", "Linetype": null, "EntityHand": "239", "Text": "S", "AREA_DEL": "SPECIAL_PRIME", "polygon": null, "x": 538156.501, "y": 787954.26, "distance": 915.0, "angle": 124.10649822895964 }, "geometry": { "type": "Point", "coordinates": [ 538205.587705952697434, 788722.817714008037001 ] } },
{ "type": "Feature", "properties": { "Layer": "ABEOKUTA_SPECIAL_PRIME", "Linetype": null, "EntityHand": "239", "Text": "S", "AREA_DEL": "SPECIAL_PRIME", "polygon": null, "x": 538156.501, "y": 787954.26, "distance": 920.0, "angle": 124.10649822895964 }, "geometry": { "type": "Point", "coordinates": [ 538209.72768967342563, 788720.014049478922971 ] } },
{ "type": "Feature", "properties": { "Layer": "ABEOKUTA_SPECIAL_PRIME", "Linetype": null, "EntityHand": "239", "Text": "S", "AREA_DEL": "SPECIAL_PRIME", "polygon": null, "x": 538156.501, "y": 787954.26, "distance": 925.0, "angle": 124.10649822895964 }, "geometry": { "type": "Point", "coordinates": [ 538213.867673394153826, 788717.21038494980894 ] } },
{ "type": "Feature", "properties": { "Layer": "ABEOKUTA_SPECIAL_PRIME", "Linetype": null, "EntityHand": "239", "Text": "S", "AREA_DEL": "SPECIAL_PRIME", "polygon": null, "x": 538156.501, "y": 787954.26, "distance": 930.0, "angle": 124.10649822895964 }, "geometry": { "type": "Point", "coordinates": [ 538218.007657114882022, 788714.40672042069491 ] } },
{ "type": "Feature", "properties": { "Layer": "ABEOKUTA_SPECIAL_PRIME", "Linetype": null, "EntityHand": "239", "Text": "S", "AREA_DEL": "SPECIAL_PRIME", "polygon": null, "x": 538156.501, "y": 787954.26, "distance": 935.0, "angle": 124.10649822895964 }, "geometry": { "type": "Point", "coordinates": [ 538222.147640835726634, 788711.60305589158088 ] } },
{ "type": "Feature", "properties": { "Layer": "ABEOKUTA_SPECIAL_PRIME", "Linetype": null, "EntityHand": "239", "Text": "S", "AREA_DEL": "SPECIAL_PRIME", "polygon": null, "x": 538156.501, "y": 787954.26, "distance": 940.0, "angle": 124.10649822895964 }, "geometry": { "type": "Point", "coordinates": [ 538226.28762455645483, 788708.799391362466849 ] } },
{ "type": "Feature", "properties": { "Layer": "ABEOKUTA_SPECIAL_PRIME", "Linetype": null, "EntityHand": "239", "Text": "S", "AREA_DEL": "SPECIAL_PRIME", "polygon": null, "x": 538156.501, "y": 787954.26, "distance": 945.0, "angle": 124.10649822895964 }, "geometry": { "type": "Point", "coordinates": [ 538230.427608277183026, 788705.995726833236404 ] } },
{ "type": "Feature", "properties": { "Layer": "ABEOKUTA_SPECIAL_PRIME", "Linetype": null, "EntityHand": "239", "Text": "S", "AREA_DEL": "SPECIAL_PRIME", "polygon": null, "x": 538156.501, "y": 787954.26, "distance": 950.0, "angle": 124.10649822895964 }, "geometry": { "type": "Point", "coordinates": [ 538234.567591997911222, 788703.192062304122373 ] } },
{ "type": "Feature", "properties": { "Layer": "ABEOKUTA_SPECIAL_PRIME", "Linetype": null, "EntityHand": "239", "Text": "S", "AREA_DEL": "SPECIAL_PRIME", "polygon": null, "x": 538156.501, "y": 787954.26, "distance": 955.0, "angle": 124.10649822895964 }, "geometry": { "type": "Point", "coordinates": [ 538238.707575718639418, 788700.388397775008343 ] } },
{ "type": "Feature", "properties": { "Layer": "ABEOKUTA_SPECIAL_PRIME", "Linetype": null, "EntityHand": "239", "Text": "S", "AREA_DEL": "SPECIAL_PRIME", "polygon": null, "x": 538156.501, "y": 787954.26, "distance": 960.0, "angle": 124.10649822895964 }, "geometry": { "type": "Point", "coordinates": [ 538242.84755943948403, 788697.584733245894313 ] } },
{ "type": "Feature", "properties": { "Layer": "ABEOKUTA_SPECIAL_PRIME", "Linetype": null, "EntityHand": "239", "Text": "S", "AREA_DEL": "SPECIAL_PRIME", "polygon": null, "x": 538156.501, "y": 787954.26, "distance": 965.0, "angle": 124.10649822895964 }, "geometry": { "type": "Point", "coordinates": [ 538246.987543160212226, 788694.781068716780283 ] } },
{ "type": "Feature", "properties": { "Layer": "ABEOKUTA_SPECIAL_PRIME", "Linetype": null, "EntityHand": "239", "Text": "S", "AREA_DEL": "SPECIAL_PRIME", "polygon": null, "x": 538156.501, "y": 787954.26, "distance": 970.0, "angle": 124.10649822895964 }, "geometry": { "type": "Point", "coordinates": [ 538251.127526880940422, 788691.977404187666252 ] } },
{ "type": "Feature", "properties": { "Layer": "ABEOKUTA_SPECIAL_PRIME", "Linetype": null, "EntityHand": "239", "Text": "S", "AREA_DEL": "SPECIAL_PRIME", "polygon": null, "x": 538156.501, "y": 787954.26, "distance": 975.0, "angle": 124.10649822895964 }, "geometry": { "type": "Point", "coordinates": [ 538255.267510601668619, 788689.173739658435807 ] } },
{ "type": "Feature", "properties": { "Layer": "ABEOKUTA_SPECIAL_PRIME", "Linetype": null, "EntityHand": "239", "Text": "S", "AREA_DEL": "SPECIAL_PRIME", "polygon": null, "x": 538156.501, "y": 787954.26, "distance": 980.0, "angle": 124.10649822895964 }, "geometry": { "type": "Point", "coordinates": [ 538259.407494322396815, 788686.370075129321776 ] } },
{ "type": "Feature", "properties": { "Layer": "ABEOKUTA_SPECIAL_PRIME", "Linetype": null, "EntityHand": "239", "Text": "S", "AREA_DEL": "SPECIAL_PRIME", "polygon": null, "x": 538156.501, "y": 787954.26, "distance": 985.0, "angle": 124.10649822895964 }, "geometry": { "type": "Point", "coordinates": [ 538263.547478043125011, 788683.566410600207746 ] } },
{ "type": "Feature", "properties": { "Layer": "ABEOKUTA_SPECIAL_PRIME", "Linetype": null, "EntityHand": "239", "Text": "S", "AREA_DEL": "SPECIAL_PRIME", "polygon": null, "x": 538156.501, "y": 787954.26, "distance": 990.0, "angle": 124.10649822895964 }, "geometry": { "type": "Point", "coordinates": [ 538267.687461763969623, 788680.762746071093716 ] } },
{ "type": "Feature", "properties": { "Layer": "ABEOKUTA_SPECIAL_PRIME", "Linetype": null, "EntityHand": "239", "Text": "S", "AREA_DEL": "SPECIAL_PRIME", "polygon": null, "x": 538156.501, "y": 787954.26, "distance": 995.0, "angle": 124.10649822895964 }, "geometry": { "type": "Point", "coordinates": [ 538271.827445484697819, 788677.959081541979685 ] } },
{ "type": "Feature", "properties": { "Layer": "ABEOKUTA_SPECIAL_PRIME", "Linetype": null, "EntityHand": "239", "Text": "S", "AREA_DEL": "SPECIAL_PRIME", "polygon": null, "x": 538156.501, "y": 787954.26, "distance": 1000.0, "angle": 124.10649822895964 }, "geometry": { "type": "Point", "coordinates": [ 538275.967429205426015, 788675.155417012865655 ] } },
{ "type": "Feature", "properties": { "Layer": "ABEOKUTA_SPECIAL_PRIME", "Linetype": null, "EntityHand": "239", "Text": "S", "AREA_DEL": "SPECIAL_PRIME", "polygon": null, "x": 538156.501, "y": 787954.26, "distance": 1005.0, "angle": 124.10649822895964 }, "geometry": { "type": "Point", "coordinates": [ 538280.107412926154211, 788672.35175248363521 ] } },
{ "type": "Feature", "properties": { "Layer": "ABEOKUTA_SPECIAL_PRIME", "Linetype": null, "EntityHand": "239", "Text": "S", "AREA_DEL": "SPECIAL_PRIME", "polygon": null, "x": 538156.501, "y": 787954.26, "distance": 1010.0, "angle": 124.10649822895964 }, "geometry": { "type": "Point", "coordinates": [ 538284.247396646882407, 788669.548087954521179 ] } },
{ "type": "Feature", "properties": { "Layer": "ABEOKUTA_SPECIAL_PRIME", "Linetype": null, "EntityHand": "239", "Text": "S", "AREA_DEL": "SPECIAL_PRIME", "polygon": null, "x": 538156.501, "y": 787954.26, "distance": 1015.0, "angle": 118.3854481272042 }, "geometry": { "type": "Point", "coordinates": [ 538288.52759089297615, 788666.975519839674234 ] } },
{ "type": "Feature", "properties": { "Layer": "ABEOKUTA_SPECIAL_PRIME", "Linetype": null, "EntityHand": "239", "Text": "S", "AREA_DEL": "SPECIAL_PRIME", "polygon": null, "x": 538156.501, "y": 787954.26, "distance": 1020.0, "angle": 118.3854481272042 }, "geometry": { "type": "Point", "coordinates": [ 538292.926437606103718, 788664.598515928373672 ] } },
{ "type": "Feature", "properties": { "Layer": "ABEOKUTA_SPECIAL_PRIME", "Linetype": null, "EntityHand": "239", "Text": "S", "AREA_DEL": "SPECIAL_PRIME", "polygon": null, "x": 538156.501, "y": 787954.26, "distance": 1025.0, "angle": 118.3854481272042 }, "geometry": { "type": "Point", "coordinates": [ 538297.325284319114871, 788662.22151201707311 ] } },
{ "type": "Feature", "properties": { "Layer": "ABEOKUTA_SPECIAL_PRIME", "Linetype": null, "EntityHand": "239", "Text": "S", "AREA_DEL": "SPECIAL_PRIME", "polygon": null, "x": 538156.501, "y": 787954.26, "distance": 1030.0, "angle": 118.3854481272042 }, "geometry": { "type": "Point", "coordinates": [ 538301.72413103224244, 788659.844508105656132 ] } },
{ "type": "Feature", "properties": { "Layer": "ABEOKUTA_SPECIAL_PRIME", "Linetype": null, "EntityHand": "239", "Text": "S", "AREA_DEL": "SPECIAL_PRIME", "polygon": null, "x": 538156.501, "y": 787954.26, "distance": 1035.0, "angle": 118.3854481272042 }, "geometry": { "type": "Point", "coordinates": [ 538306.122977745370008, 788657.46750419435557 ] } },
{ "type": "Feature", "properties": { "Layer": "ABEOKUTA_SPECIAL_PRIME", "Linetype": null, "EntityHand": "239", "Text": "S", "AREA_DEL": "SPECIAL_PRIME", "polygon": null, "x": 538156.501, "y": 787954.26, "distance": 1040.0, "angle": 118.3854481272042 }, "geometry": { "type": "Point", "coordinates": [ 538310.521824458497576, 788655.090500283055007 ] } },
{ "type": "Feature", "properties": { "Layer": "ABEOKUTA_SPECIAL_PRIME", "Linetype": null, "EntityHand": "239", "Text": "S", "AREA_DEL": "SPECIAL_PRIME", "polygon": null, "x": 538156.501, "y": 787954.26, "distance": 1045.0, "angle": 118.3854481272042 }, "geometry": { "type": "Point", "coordinates": [ 538314.920671171625145, 788652.713496371754445 ] } },
{ "type": "Feature", "properties": { "Layer": "ABEOKUTA_SPECIAL_PRIME", "Linetype": null, "EntityHand": "239", "Text": "S", "AREA_DEL": "SPECIAL_PRIME", "polygon": null, "x": 538156.501, "y": 787954.26, "distance": 1050.0, "angle": 118.3854481272042 }, "geometry": { "type": "Point", "coordinates": [ 538319.319517884752713, 788650.336492460337467 ] } },
{ "type": "Feature", "properties": { "Layer": "ABEOKUTA_SPECIAL_PRIME", "Linetype": null, "EntityHand": "239", "Text": "S", "AREA_DEL": "SPECIAL_PRIME", "polygon": null, "x": 538156.501, "y": 787954.26, "distance": 1055.0, "angle": 118.3854481272042 }, "geometry": { "type": "Point", "coordinates": [ 538323.718364597880282, 788647.959488549036905 ] } },
{ "type": "Feature", "properties": { "Layer": "ABEOKUTA_SPECIAL_PRIME", "Linetype": null, "EntityHand": "239", "Text": "S", "AREA_DEL": "SPECIAL_PRIME", "polygon": null, "x": 538156.501, "y": 787954.26, "distance": 1060.0, "angle": 118.3854481272042 }, "geometry": { "type": "Point", "coordinates": [ 538328.11721131100785, 788645.582484637736343 ] } },
{ "type": "Feature", "properties": { "Layer": "ABEOKUTA_SPECIAL_PRIME", "Linetype": null, "EntityHand": "239", "Text": "S", "AREA_DEL": "SPECIAL_PRIME", "polygon": null, "x": 538156.501, "y": 787954.26, "distance": 1065.0, "angle": 118.3854481272042 }, "geometry": { "type": "Point", "coordinates": [ 538332.516058024135418, 788643.205480726435781 ] } },
{ "type": "Feature", "properties": { "Layer": "ABEOKUTA_SPECIAL_PRIME", "Linetype": null, "EntityHand": "239", "Text": "S", "AREA_DEL": "SPECIAL_PRIME", "polygon": null, "x": 538156.501, "y": 787954.26, "distance": 1070.0, "angle": 118.3854481272042 }, "geometry": { "type": "Point", "coordinates": [ 538336.914904737262987, 788640.828476815018803 ] } },
{ "type": "Feature", "properties": { "Layer": "ABEOKUTA_SPECIAL_PRIME", "Linetype": null, "EntityHand": "239", "Text": "S", "AREA_DEL": "SPECIAL_PRIME", "polygon": null, "x": 538156.501, "y": 787954.26, "distance": 1075.0, "angle": 118.3854481272042 }, "geometry": { "type": "Point", "coordinates": [ 538341.313751450390555, 788638.451472903718241 ] } },
{ "type": "Feature", "properties": { "Layer": "ABEOKUTA_SPECIAL_PRIME", "Linetype": null, "EntityHand": "239", "Text": "S", "AREA_DEL": "SPECIAL_PRIME", "polygon": null, "x": 538156.501, "y": 787954.26, "distance": 1080.0, "angle": 118.3854481272042 }, "geometry": { "type": "Point", "coordinates": [ 538345.712598163518123, 788636.074468992417678 ] } },
{ "type": "Feature", "properties": { "Layer": "ABEOKUTA_SPECIAL_PRIME", "Linetype": null, "EntityHand": "239", "Text": "S", "AREA_DEL": "SPECIAL_PRIME", "polygon": null, "x": 538156.501, "y": 787954.26, "distance": 1085.0, "angle": 118.3854481272042 }, "geometry": { "type": "Point", "coordinates": [ 538350.111444876645692, 788633.697465081117116 ] } },
{ "type": "Feature", "properties": { "Layer": "ABEOKUTA_SPECIAL_PRIME", "Linetype": null, "EntityHand": "239", "Text": "S", "AREA_DEL": "SPECIAL_PRIME", "polygon": null, "x": 538156.501, "y": 787954.26, "distance": 1090.0, "angle": 118.3854481272042 }, "geometry": { "type": "Point", "coordinates": [ 538354.51029158977326, 788631.320461169700138 ] } },
{ "type": "Feature", "properties": { "Layer": "ABEOKUTA_SPECIAL_PRIME", "Linetype": null, "EntityHand": "239", "Text": "S", "AREA_DEL": "SPECIAL_PRIME", "polygon": null, "x": 538156.501, "y": 787954.26, "distance": 1095.0, "angle": 118.3854481272042 }, "geometry": { "type": "Point", "coordinates": [ 538358.909138302900828, 788628.943457258399576 ] } },
{ "type": "Feature", "properties": { "Layer": "ABEOKUTA_SPECIAL_PRIME", "Linetype": null, "EntityHand": "239", "Text": "S", "AREA_DEL": "SPECIAL_PRIME", "polygon": null, "x": 538156.501, "y": 787954.26, "distance": 1100.0, "angle": 118.3854481272042 }, "geometry": { "type": "Point", "coordinates": [ 538363.307985015911981, 788626.566453347099014 ] } },
{ "type": "Feature", "properties": { "Layer": "ABEOKUTA_SPECIAL_PRIME", "Linetype": null, "EntityHand": "239", "Text": "S", "AREA_DEL": "SPECIAL_PRIME", "polygon": null, "x": 538156.501, "y": 787954.26, "distance": 1105.0, "angle": 118.3854481272042 }, "geometry": { "type": "Point", "coordinates": [ 538367.70683172903955, 788624.189449435798451 ] } },
{ "type": "Feature", "properties": { "Layer": "ABEOKUTA_SPECIAL_PRIME", "Linetype": null, "EntityHand": "239", "Text": "S", "AREA_DEL": "SPECIAL_PRIME", "polygon": null, "x": 538156.501, "y": 787954.26, "distance": 1110.0, "angle": 118.3854481272042 }, "geometry": { "type": "Point", "coordinates": [ 538372.105678442167118, 788621.812445524381474 ] } },
{ "type": "Feature", "properties": { "Layer": "ABEOKUTA_SPECIAL_PRIME", "Linetype": null, "EntityHand": "239", "Text": "S", "AREA_DEL": "SPECIAL_PRIME", "polygon": null, "x": 538156.501, "y": 787954.26, "distance": 1115.0, "angle": 118.3854481272042 }, "geometry": { "type": "Point", "coordinates": [ 538376.504525155294687, 788619.435441613080911 ] } },
{ "type": "Feature", "properties": { "Layer": "ABEOKUTA_SPECIAL_PRIME", "Linetype": null, "EntityHand": "239", "Text": "S", "AREA_DEL": "SPECIAL_PRIME", "polygon": null, "x": 538156.501, "y": 787954.26, "distance": 1120.0, "angle": 118.3854481272042 }, "geometry": { "type": "Point", "coordinates": [ 538380.903371868422255, 788617.058437701780349 ] } },
{ "type": "Feature", "properties": { "Layer": "ABEOKUTA_SPECIAL_PRIME", "Linetype": null, "EntityHand": "239", "Text": "S", "AREA_DEL": "SPECIAL_PRIME", "polygon": null, "x": 538156.501, "y": 787954.26, "distance": 1125.0, "angle": 118.3854481272042 }, "geometry": { "type": "Point", "coordinates": [ 538385.302218581549823, 788614.681433790479787 ] } },
{ "type": "Feature", "properties": { "Layer": "ABEOKUTA_SPECIAL_PRIME", "Linetype": null, "EntityHand": "239", "Text": "S", "AREA_DEL": "SPECIAL_PRIME", "polygon": null, "x": 538156.501, "y": 787954.26, "distance": 1130.0, "angle": 118.3854481272042 }, "geometry": { "type": "Point", "coordinates": [ 538389.701065294677392, 788612.304429879062809 ] } },
{ "type": "Feature", "properties": { "Layer": "ABEOKUTA_SPECIAL_PRIME", "Linetype": null, "EntityHand": "239", "Text": "S", "AREA_DEL": "SPECIAL_PRIME", "polygon": null, "x": 538156.501, "y": 787954.26, "distance": 1135.0, "angle": 118.3854481272042 }, "geometry": { "type": "Point", "coordinates": [ 538394.09991200780496, 788609.927425967762247 ] } },
{ "type": "Feature", "properties": { "Layer": "ABEOKUTA_SPECIAL_PRIME", "Linetype": null, "EntityHand": "239", "Text": "S", "AREA_DEL": "SPECIAL_PRIME", "polygon": null, "x": 538156.501, "y": 787954.26, "distance": 1140.0, "angle": 118.3854481272042 }, "geometry": { "type": "Point", "coordinates": [ 538398.498758720932528, 788607.550422056461684 ] } },
{ "type": "Feature", "properties": { "Layer": "ABEOKUTA_SPECIAL_PRIME", "Linetype": null, "EntityHand": "239", "Text": "S", "AREA_DEL": "SPECIAL_PRIME", "polygon": null, "x": 538156.501, "y": 787954.26, "distance": 1145.0, "angle": 93.751589867137454 }, "geometry": { "type": "Point", "coordinates": [ 538403.186137995799072, 788606.175128047703765 ] } },
{ "type": "Feature", "properties": { "Layer": "ABEOKUTA_SPECIAL_PRIME", "Linetype": null, "EntityHand": "239", "Text": "S", "AREA_DEL": "SPECIAL_PRIME", "polygon": null, "x": 538156.501, "y": 787954.26, "distance": 1150.0, "angle": 93.751589867137454 }, "geometry": { "type": "Point", "coordinates": [ 538408.175423535867594, 788605.847973956610076 ] } },
{ "type": "Feature", "properties": { "Layer": "ABEOKUTA_SPECIAL_PRIME", "Linetype": null, "EntityHand": "239", "Text": "S", "AREA_DEL": "SPECIAL_PRIME", "polygon": null, "x": 538156.501, "y": 787954.26, "distance": 1155.0, "angle": 93.751589867137454 }, "geometry": { "type": "Point", "coordinates": [ 538413.164709076052532, 788605.520819865632802 ] } },
{ "type": "Feature", "properties": { "Layer": "ABEOKUTA_SPECIAL_PRIME", "Linetype": null, "EntityHand": "239", "Text": "S", "AREA_DEL": "SPECIAL_PRIME", "polygon": null, "x": 538156.501, "y": 787954.26, "distance": 1160.0, "angle": 93.751589867137454 }, "geometry": { "type": "Point", "coordinates": [ 538418.153994616121054, 788605.193665774539113 ] } },
{ "type": "Feature", "properties": { "Layer": "ABEOKUTA_SPECIAL_PRIME", "Linetype": null, "EntityHand": "239", "Text": "S", "AREA_DEL": "SPECIAL_PRIME", "polygon": null, "x": 538156.501, "y": 787954.26, "distance": 1165.0, "angle": 93.751589867137454 }, "geometry": { "type": "Point", "coordinates": [ 538423.143280156189576, 788604.866511683445424 ] } },
{ "type": "Feature", "properties": { "Layer": "ABEOKUTA_SPECIAL_PRIME", "Linetype": null, "EntityHand": "239", "Text": "S", "AREA_DEL": "SPECIAL_PRIME", "polygon": null, "x": 538156.501, "y": 787954.26, "distance": 1170.0, "angle": 93.751589867137454 }, "geometry": { "type": "Point", "coordinates": [ 538428.132565696374513, 788604.53935759246815 ] } },
{ "type": "Feature", "properties": { "Layer": "ABEOKUTA_SPECIAL_PRIME", "Linetype": null, "EntityHand": "239", "Text": "S", "AREA_DEL": "SPECIAL_PRIME", "polygon": null, "x": 538156.501, "y": 787954.26, "distance": 1175.0, "angle": 93.751589867137454 }, "geometry": { "type": "Point", "coordinates": [ 538433.121851236443035, 788604.212203501374461 ] } },
{ "type": "Feature", "properties": { "Layer": "ABEOKUTA_SPECIAL_PRIME", "Linetype": null, "EntityHand": "239", "Text": "S", "AREA_DEL": "SPECIAL_PRIME", "polygon": null, "x": 538156.501, "y": 787954.26, "distance": 1180.0, "angle": 93.751589867137454 }, "geometry": { "type": "Point", "coordinates": [ 538438.111136776511557, 788603.885049410280772 ] } },
{ "type": "Feature", "properties": { "Layer": "ABEOKUTA_SPECIAL_PRIME", "Linetype": null, "EntityHand": "239", "Text": "S", "AREA_DEL": "SPECIAL_PRIME", "polygon": null, "x": 538156.501, "y": 787954.26, "distance": 1185.0, "angle": 93.751589867137454 }, "geometry": { "type": "Point", "coordinates": [ 538443.100422316696495, 788603.557895319303498 ] } },
{ "type": "Feature", "properties": { "Layer": "ABEOKUTA_SPECIAL_PRIME", "Linetype": null, "EntityHand": "239", "Text": "S", "AREA_DEL": "SPECIAL_PRIME", "polygon": null, "x": 538156.501, "y": 787954.26, "distance": 1190.0, "angle": 93.751589867137454 }, "geometry": { "type": "Point", "coordinates": [ 538448.089707856765017, 788603.230741228209808 ] } },
{ "type": "Feature", "properties": { "Layer": "ABEOKUTA_SPECIAL_PRIME", "Linetype": null, "EntityHand": "239", "Text": "S", "AREA_DEL": "SPECIAL_PRIME", "polygon": null, "x": 538156.501, "y": 787954.26, "distance": 1195.0, "angle": 93.751589867137454 }, "geometry": { "type": "Point", "coordinates": [ 538453.078993396833539, 788602.903587137232535 ] } },
{ "type": "Feature", "properties": { "Layer": "ABEOKUTA_SPECIAL_PRIME", "Linetype": null, "EntityHand": "239", "Text": "S", "AREA_DEL": "SPECIAL_PRIME", "polygon": null, "x": 538156.501, "y": 787954.26, "distance": 1200.0, "angle": 93.751589867137454 }, "geometry": { "type": "Point", "coordinates": [ 538458.068278936902061, 788602.576433046138845 ] } },
{ "type": "Feature", "properties": { "Layer": "ABEOKUTA_SPECIAL_PRIME", "Linetype": null, "EntityHand": "239", "Text": "S", "AREA_DEL": "SPECIAL_PRIME", "polygon": null, "x": 538156.501, "y": 787954.26, "distance": 1205.0, "angle": 93.751589867137454 }, "geometry": { "type": "Point", "coordinates": [ 538463.057564477086999, 788602.249278955045156 ] } },
{ "type": "Feature", "properties": { "Layer": "ABEOKUTA_SPECIAL_PRIME", "Linetype": null, "EntityHand": "239", "Text": "S", "AREA_DEL": "SPECIAL_PRIME", "polygon": null, "x": 538156.501, "y": 787954.26, "distance": 1210.0, "angle": 93.751589867137454 }, "geometry": { "type": "Point", "coordinates": [ 538468.046850017155521, 788601.922124864067882 ] } },
{ "type": "Feature", "properties": { "Layer": "ABEOKUTA_SPECIAL_PRIME", "Linetype": null, "EntityHand": "239", "Text": "S", "AREA_DEL": "SPECIAL_PRIME", "polygon": null, "x": 538156.501, "y": 787954.26, "distance": 1215.0, "angle": 93.751589867137454 }, "geometry": { "type": "Point", "coordinates": [ 538473.036135557224043, 788601.594970772974193 ] } },
{ "type": "Feature", "properties": { "Layer": "ABEOKUTA_SPECIAL_PRIME", "Linetype": null, "EntityHand": "239", "Text": "S", "AREA_DEL": "SPECIAL_PRIME", "polygon": null, "x": 538156.501, "y": 787954.26, "distance": 1220.0, "angle": 93.751589867137454 }, "geometry": { "type": "Point", "coordinates": [ 538478.02542109740898, 788601.267816681996919 ] } },
{ "type": "Feature", "properties": { "Layer": "ABEOKUTA_SPECIAL_PRIME", "Linetype": null, "EntityHand": "239", "Text": "S", "AREA_DEL": "SPECIAL_PRIME", "polygon": null, "x": 538156.501, "y": 787954.26, "distance": 1225.0, "angle": 93.751589867137454 }, "geometry": { "type": "Point", "coordinates": [ 538483.014706637477502, 788600.94066259090323 ] } },
{ "type": "Feature", "properties": { "Layer": "ABEOKUTA_SPECIAL_PRIME", "Linetype": null, "EntityHand": "239", "Text": "S", "AREA_DEL": "SPECIAL_PRIME", "polygon": null, "x": 538156.501, "y": 787954.26, "distance": 1230.0, "angle": 93.751589867137454 }, "geometry": { "type": "Point", "coordinates": [ 538488.003992177546024, 788600.613508499809541 ] } },
{ "type": "Feature", "properties": { "Layer": "ABEOKUTA_SPECIAL_PRIME", "Linetype": null, "EntityHand": "239", "Text": "S", "AREA_DEL": "SPECIAL_PRIME", "polygon": null, "x": 538156.501, "y": 787954.26, "distance": 1235.0, "angle": 93.751589867137454 }, "geometry": { "type": "Point", "coordinates": [ 538492.993277717730962, 788600.286354408832267 ] } },
{ "type": "Feature", "properties": { "Layer": "ABEOKUTA_SPECIAL_PRIME", "Linetype": null, "EntityHand": "239", "Text": "S", "AREA_DEL": "SPECIAL_PRIME", "polygon": null, "x": 538156.501, "y": 787954.26, "distance": 1240.0, "angle": 93.751589867137454 }, "geometry": { "type": "Point", "coordinates": [ 538497.982563257799484, 788599.959200317738578 ] } },
{ "type": "Feature", "properties": { "Layer": "ABEOKUTA_SPECIAL_PRIME", "Linetype": null, "EntityHand": "239", "Text": "S", "AREA_DEL": "SPECIAL_PRIME", "polygon": null, "x": 538156.501, "y": 787954.26, "distance": 1245.0, "angle": 93.751589867137454 }, "geometry": { "type": "Point", "coordinates": [ 538502.971848797868006, 788599.632046226761304 ] } },
{ "type": "Feature", "properties": { "Layer": "ABEOKUTA_SPECIAL_PRIME", "Linetype": null, "EntityHand": "239", "Text": "S", "AREA_DEL": "SPECIAL_PRIME", "polygon": null, "x": 538156.501, "y": 787954.26, "distance": 1250.0, "angle": 93.751589867137454 }, "geometry": { "type": "Point", "coordinates": [ 538507.961134338052943, 788599.304892135667615 ] } },
{ "type": "Feature", "properties": { "Layer": "ABEOKUTA_SPECIAL_PRIME", "Linetype": null, "EntityHand": "239", "Text": "S", "AREA_DEL": "SPECIAL_PRIME", "polygon": null, "x": 538156.501, "y": 787954.26, "distance": 1255.0, "angle": 93.751589867137454 }, "geometry": { "type": "Point", "coordinates": [ 538512.950419878121465, 788598.977738044573925 ] } },
{ "type": "Feature", "properties": { "Layer": "ABEOKUTA_SPECIAL_PRIME", "Linetype": null, "EntityHand": "239", "Text": "S", "AREA_DEL": "SPECIAL_PRIME", "polygon": null, "x": 538156.501, "y": 787954.26, "distance": 1260.0, "angle": 93.751589867137454 }, "geometry": { "type": "Point", "coordinates": [ 538517.939705418189988, 788598.650583953596652 ] } },
{ "type": "Feature", "properties": { "Layer": "ABEOKUTA_SPECIAL_PRIME", "Linetype": null, "EntityHand": "239", "Text": "S", "AREA_DEL": "SPECIAL_PRIME", "polygon": null, "x": 538156.501, "y": 787954.26, "distance": 1265.0, "angle": 93.751589867137454 }, "geometry": { "type": "Point", "coordinates": [ 538522.928990958374925, 788598.323429862502962 ] } },
{ "type": "Feature", "properties": { "Layer": "ABEOKUTA_SPECIAL_PRIME", "Linetype": null, "EntityHand": "239", "Text": "S", "AREA_DEL": "SPECIAL_PRIME", "polygon": null, "x": 538156.501, "y": 787954.26, "distance": 1270.0, "angle": 93.751589867137454 }, "geometry": { "type": "Point", "coordinates": [ 538527.918276498443447, 788597.996275771409273 ] } },
{ "type": "Feature", "properties": { "Layer": "ABEOKUTA_SPECIAL_PRIME", "Linetype": null, "EntityHand": "239", "Text": "S", "AREA_DEL": "SPECIAL_PRIME", "polygon": null, "x": 538156.501, "y": 787954.26, "distance": 1275.0, "angle": 93.751589867137454 }, "geometry": { "type": "Point", "coordinates": [ 538532.907562038511969, 788597.669121680431999 ] } },
{ "type": "Feature", "properties": { "Layer": "ABEOKUTA_SPECIAL_PRIME", "Linetype": null, "EntityHand": "239", "Text": "S", "AREA_DEL": "SPECIAL_PRIME", "polygon": null, "x": 538156.501, "y": 787954.26, "distance": 1280.0, "angle": 93.751589867137454 }, "geometry": { "type": "Point", "coordinates": [ 538537.896847578696907, 788597.34196758933831 ] } },
{ "type": "Feature", "properties": { "Layer": "ABEOKUTA_SPECIAL_PRIME", "Linetype": null, "EntityHand": "239", "Text": "S", "AREA_DEL": "SPECIAL_PRIME", "polygon": null, "x": 538156.501, "y": 787954.26, "distance": 1285.0, "angle": 93.751589867137454 }, "geometry": { "type": "Point", "coordinates": [ 538542.886133118765429, 788597.014813498361036 ] } },
{ "type": "Feature", "properties": { "Layer": "ABEOKUTA_SPECIAL_PRIME", "Linetype": null, "EntityHand": "239", "Text": "S", "AREA_DEL": "SPECIAL_PRIME", "polygon": null, "x": 538156.501, "y": 787954.26, "distance": 1290.0, "angle": 93.751589867137454 }, "geometry": { "type": "Point", "coordinates": [ 538547.875418658833951, 788596.687659407267347 ] } },
{ "type": "Feature", "properties": { "Layer": "ABEOKUTA_SPECIAL_PRIME", "Linetype": null, "EntityHand": "239", "Text": "S", "AREA_DEL": "SPECIAL_PRIME", "polygon": null, "x": 538156.501, "y": 787954.26, "distance": 1295.0, "angle": 93.751589867137454 }, "geometry": { "type": "Point", "coordinates": [ 538552.864704199018888, 788596.360505316173658 ] } },
{ "type": "Feature", "properties": { "Layer": "ABEOKUTA_SPECIAL_PRIME", "Linetype": null, "EntityHand": "239", "Text": "S", "AREA_DEL": "SPECIAL_PRIME", "polygon": null, "x": 538156.501, "y": 787954.26, "distance": 1300.0, "angle": 93.751589867137454 }, "geometry": { "type": "Point", "coordinates": [ 538557.85398973908741, 788596.033351225196384 ] } },
{ "type": "Feature", "properties": { "Layer": "ABEOKUTA_SPECIAL_PRIME", "Linetype": null, "EntityHand": "239", "Text": "S", "AREA_DEL": "SPECIAL_PRIME", "polygon": null, "x": 538156.501, "y": 787954.26, "distance": 1305.0, "angle": 93.751589867137454 }, "geometry": { "type": "Point", "coordinates": [ 538562.843275279155932, 788595.706197134102695 ] } },
{ "type": "Feature", "properties": { "Layer": "ABEOKUTA_SPECIAL_PRIME", "Linetype": null, "EntityHand": "239", "Text": "S", "AREA_DEL": "SPECIAL_PRIME", "polygon": null, "x": 538156.501, "y": 787954.26, "distance": 1310.0, "angle": 93.751589867137454 }, "geometry": { "type": "Point", "coordinates": [ 538567.83256081934087, 788595.379043043125421 ] } },
{ "type": "Feature", "properties": { "Layer": "ABEOKUTA_SPECIAL_PRIME", "Linetype": null, "EntityHand": "239", "Text": "S", "AREA_DEL": "SPECIAL_PRIME", "polygon": null, "x": 538156.501, "y": 787954.26, "distance": 1315.0, "angle": 93.751589867137454 }, "geometry": { "type": "Point", "coordinates": [ 538572.821846359409392, 788595.051888952031732 ] } },
{ "type": "Feature", "properties": { "Layer": "ABEOKUTA_SPECIAL_PRIME", "Linetype": null, "EntityHand": "239", "Text": "S", "AREA_DEL": "SPECIAL_PRIME", "polygon": null, "x": 538156.501, "y": 787954.26, "distance": 1320.0, "angle": 93.751589867137454 }, "geometry": { "type": "Point", "coordinates": [ 538577.811131899477914, 788594.724734860938042 ] } },
{ "type": "Feature", "properties": { "Layer": "ABEOKUTA_SPECIAL_PRIME", "Linetype": null, "EntityHand": "239", "Text": "S", "AREA_DEL": "SPECIAL_PRIME", "polygon": null, "x": 538156.501, "y": 787954.26, "distance": 1325.0, "angle": 93.751589867137454 }, "geometry": { "type": "Point", "coordinates": [ 538582.800417439662851, 788594.397580769960769 ] } },
{ "type": "Feature", "properties": { "Layer": "ABEOKUTA_SPECIAL_PRIME", "Linetype": null, "EntityHand": "239", "Text": "S", "AREA_DEL": "SPECIAL_PRIME", "polygon": null, "x": 538156.501, "y": 787954.26, "distance": 1330.0, "angle": 93.751589867137454 }, "geometry": { "type": "Point", "coordinates": [ 538587.789702979731373, 788594.070426678867079 ] } },
{ "type": "Feature", "properties": { "Layer": "ABEOKUTA_SPECIAL_PRIME", "Linetype": null, "EntityHand": "239", "Text": "S", "AREA_DEL": "SPECIAL_PRIME", "polygon": null, "x": 538156.501, "y": 787954.26, "distance": 1335.0, "angle": 93.751589867137454 }, "geometry": { "type": "Point", "coordinates": [ 538592.778988519799896, 788593.743272587889805 ] } },
{ "type": "Feature", "properties": { "Layer": "ABEOKUTA_SPECIAL_PRIME", "Linetype": null, "EntityHand": "239", "Text": "S", "AREA_DEL": "SPECIAL_PRIME", "polygon": null, "x": 538156.501, "y": 787954.26, "distance": 1340.0, "angle": 93.751589867137454 }, "geometry": { "type": "Point", "coordinates": [ 538597.768274059868418, 788593.416118496796116 ] } },
{ "type": "Feature", "properties": { "Layer": "ABEOKUTA_SPECIAL_PRIME", "Linetype": null, "EntityHand": "239", "Text": "S", "AREA_DEL": "SPECIAL_PRIME", "polygon": null, "x": 538156.501, "y": 787954.26, "distance": 1345.0, "angle": 93.751589867137454 }, "geometry": { "type": "Point", "coordinates": [ 538602.757559600053355, 788593.088964405702427 ] } },
{ "type": "Feature", "properties": { "Layer": "ABEOKUTA_SPECIAL_PRIME", "Linetype": null, "EntityHand": "239", "Text": "S", "AREA_DEL": "SPECIAL_PRIME", "polygon": null, "x": 538156.501, "y": 787954.26, "distance": 1350.0, "angle": 93.751589867137454 }, "geometry": { "type": "Point", "coordinates": [ 538607.746845140121877, 788592.761810314725153 ] } },
{ "type": "Feature", "properties": { "Layer": "ABEOKUTA_SPECIAL_PRIME", "Linetype": null, "EntityHand": "239", "Text": "S", "AREA_DEL": "SPECIAL_PRIME", "polygon": null, "x": 538156.501, "y": 787954.26, "distance": 1355.0, "angle": 96.348459567314677 }, "geometry": { "type": "Point", "coordinates": [ 538612.721294002607465, 788592.266760694910772 ] } },
{ "type": "Feature", "properties": { "Layer": "ABEOKUTA_SPECIAL_PRIME", "Linetype": null, "EntityHand": "239", "Text": "S", "AREA_DEL": "SPECIAL_PRIME", "polygon": null, "x": 538156.501, "y": 787954.26, "distance": 1360.0, "angle": 96.348459567314677 }, "geometry": { "type": "Point", "coordinates": [ 538617.690632947487757, 788591.713885979726911 ] } },
{ "type": "Feature", "properties": { "Layer": "ABEOKUTA_SPECIAL_PRIME", "Linetype": null, "EntityHand": "239", "Text": "S", "AREA_DEL": "SPECIAL_PRIME", "polygon": null, "x": 538156.501, "y": 787954.26, "distance": 1365.0, "angle": 96.348459567314677 }, "geometry": { "type": "Point", "coordinates": [ 538622.659971892368048, 788591.161011264426634 ] } },
{ "type": "Feature", "properties": { "Layer": "ABEOKUTA_SPECIAL_PRIME", "Linetype": null, "EntityHand": "239", "Text": "S", "AREA_DEL": "SPECIAL_PRIME", "polygon": null, "x": 538156.501, "y": 787954.26, "distance": 1370.0, "angle": 96.348459567314677 }, "geometry": { "type": "Point", "coordinates": [ 538627.62931083724834, 788590.608136549242772 ] } },
{ "type": "Feature", "properties": { "Layer": "ABEOKUTA_SPECIAL_PRIME", "Linetype": null, "EntityHand": "239", "Text": "S", "AREA_DEL": "SPECIAL_PRIME", "polygon": null, "x": 538156.501, "y": 787954.26, "distance": 1375.0, "angle": 96.348459567314677 }, "geometry": { "type": "Point", "coordinates": [ 538632.598649782128632, 788590.055261833942495 ] } },
{ "type": "Feature", "properties": { "Layer": "ABEOKUTA_SPECIAL_PRIME", "Linetype": null, "EntityHand": "239", "Text": "S", "AREA_DEL": "SPECIAL_PRIME", "polygon": null, "x": 538156.501, "y": 787954.26, "distance": 1380.0, "angle": 96.348459567314677 }, "geometry": { "type": "Point", "coordinates": [ 538637.567988727008924, 788589.502387118758634 ] } },
{ "type": "Feature", "properties": { "Layer": "ABEOKUTA_SPECIAL_PRIME", "Linetype": null, "EntityHand": "239", "Text": "S", "AREA_DEL": "SPECIAL_PRIME", "polygon": null, "x": 538156.501, "y": 787954.26, "distance": 1385.0, "angle": 96.348459567314677 }, "geometry": { "type": "Point", "coordinates": [ 538642.537327671889216, 788588.949512403458357 ] } },
{ "type": "Feature", "properties": { "Layer": "ABEOKUTA_SPECIAL_PRIME", "Linetype": null, "EntityHand": "239", "Text": "S", "AREA_DEL": "SPECIAL_PRIME", "polygon": null, "x": 538156.501, "y": 787954.26, "distance": 1390.0, "angle": 96.348459567314677 }, "geometry": { "type": "Point", "coordinates": [ 538647.506666616769508, 788588.396637688274495 ] } },
{ "type": "Feature", "properties": { "Layer": "ABEOKUTA_SPECIAL_PRIME", "Linetype": null, "EntityHand": "239", "Text": "S", "AREA_DEL": "SPECIAL_PRIME", "polygon": null, "x": 538156.501, "y": 787954.26, "distance": 1395.0, "angle": 96.348459567314677 }, "geometry": { "type": "Point", "coordinates": [ 538652.476005561766215, 788587.843762972974218 ] } },
{ "type": "Feature", "properties": { "Layer": "ABEOKUTA_SPECIAL_PRIME", "Linetype": null, "EntityHand": "239", "Text": "S", "AREA_DEL": "SPECIAL_PRIME", "polygon": null, "x": 538156.501, "y": 787954.26, "distance": 1400.0, "angle": 96.348459567314677 }, "geometry": { "type": "Point", "coordinates": [ 538657.445344506646506, 788587.290888257790357 ] } },
{ "type": "Feature", "properties": { "Layer": "ABEOKUTA_SPECIAL_PRIME", "Linetype": null, "EntityHand": "239", "Text": "S", "AREA_DEL": "SPECIAL_PRIME", "polygon": null, "x": 538156.501, "y": 787954.26, "distance": 1405.0, "angle": 96.348459567314677 }, "geometry": { "type": "Point", "coordinates": [ 538662.414683451526798, 788586.73801354249008 ] } },
{ "type": "Feature", "properties": { "Layer": "ABEOKUTA_SPECIAL_PRIME", "Linetype": null, "EntityHand": "239", "Text": "S", "AREA_DEL": "SPECIAL_PRIME", "polygon": null, "x": 538156.501, "y": 787954.26, "distance": 1410.0, "angle": 96.348459567314677 }, "geometry": { "type": "Point", "coordinates": [ 538667.38402239640709, 788586.185138827306218 ] } },
{ "type": "Feature", "properties": { "Layer": "ABEOKUTA_SPECIAL_PRIME", "Linetype": null, "EntityHand": "239", "Text": "S", "AREA_DEL": "SPECIAL_PRIME", "polygon": null, "x": 538156.501, "y": 787954.26, "distance": 1415.0, "angle": 96.348459567314677 }, "geometry": { "type": "Point", "coordinates": [ 538672.353361341287382, 788585.632264112005942 ] } },
{ "type": "Feature", "properties": { "Layer": "ABEOKUTA_SPECIAL_PRIME", "Linetype": null, "EntityHand": "239", "Text": "S", "AREA_DEL": "SPECIAL_PRIME", "polygon": null, "x": 538156.501, "y": 787954.26, "distance": 1420.0, "angle": 96.348459567314677 }, "geometry": { "type": "Point", "coordinates": [ 538677.322700286167674, 788585.07938939682208 ] } },
{ "type": "Feature", "properties": { "Layer": "ABEOKUTA_SPECIAL_PRIME", "Linetype": null, "EntityHand": "239", "Text": "S", "AREA_DEL": "SPECIAL_PRIME", "polygon": null, "x": 538156.501, "y": 787954.26, "distance": 1425.0, "angle": 96.348459567314677 }, "geometry": { "type": "Point", "coordinates": [ 538682.292039231047966, 788584.526514681521803 ] } },
{ "type": "Feature", "properties": { "Layer": "ABEOKUTA_SPECIAL_PRIME", "Linetype": null, "EntityHand": "239", "Text": "S", "AREA_DEL": "SPECIAL_PRIME", "polygon": null, "x": 538156.501, "y": 787954.26, "distance": 1430.0, "angle": 96.348459567314677 }, "geometry": { "type": "Point", "coordinates": [ 538687.261378175928257, 788583.973639966337942 ] } },
{ "type": "Feature", "properties": { "Layer": "ABEOKUTA_SPECIAL_PRIME", "Linetype": null, "EntityHand": "239", "Text": "S", "AREA_DEL": "SPECIAL_PRIME", "polygon": null, "x": 538156.501, "y": 787954.26, "distance": 1435.0, "angle": 96.348459567314677 }, "geometry": { "type": "Point", "coordinates": [ 538692.230717120808549, 788583.420765251037665 ] } },
{ "type": "Feature", "properties": { "Layer": "ABEOKUTA_SPECIAL_PRIME", "Linetype": null, "EntityHand": "239", "Text": "S", "AREA_DEL": "SPECIAL_PRIME", "polygon": null, "x": 538156.501, "y": 787954.26, "distance": 1440.0, "angle": 96.348459567314677 }, "geometry": { "type": "Point", "coordinates": [ 538697.200056065805256, 788582.867890535853803 ] } },
{ "type": "Feature", "properties": { "Layer": "ABEOKUTA_SPECIAL_PRIME", "Linetype": null, "EntityHand": "239", "Text": "S", "AREA_DEL": "SPECIAL_PRIME", "polygon": null, "x": 538156.501, "y": 787954.26, "distance": 1445.0, "angle": 96.348459567314677 }, "geometry": { "type": "Point", "coordinates": [ 538702.169395010685548, 788582.315015820553526 ] } },
{ "type": "Feature", "properties": { "Layer": "ABEOKUTA_SPECIAL_PRIME", "Linetype": null, "EntityHand": "239", "Text": "S", "AREA_DEL": "SPECIAL_PRIME", "polygon": null, "x": 538156.501, "y": 787954.26, "distance": 1450.0, "angle": 96.348459567314677 }, "geometry": { "type": "Point", "coordinates": [ 538707.13873395556584, 788581.762141105369665 ] } },
{ "type": "Feature", "properties": { "Layer": "ABEOKUTA_SPECIAL_PRIME", "Linetype": null, "EntityHand": "239", "Text": "S", "AREA_DEL": "SPECIAL_PRIME", "polygon": null, "x": 538156.501, "y": 787954.26, "distance": 1455.0, "angle": 96.348459567314677 }, "geometry": { "type": "Point", "coordinates": [ 538712.108072900446132, 788581.209266390069388 ] } },
{ "type": "Feature", "properties": { "Layer": "ABEOKUTA_SPECIAL_PRIME", "Linetype": null, "EntityHand": "239", "Text": "S", "AREA_DEL": "SPECIAL_PRIME", "polygon": null, "x": 538156.501, "y": 787954.26, "distance": 1460.0, "angle": 96.348459567314677 }, "geometry": { "type": "Point", "coordinates": [ 538717.077411845326424, 788580.656391674769111 ] } },
{ "type": "Feature", "properties": { "Layer": "ABEOKUTA_SPECIAL_PRIME", "Linetype": null, "EntityHand": "239", "Text": "S", "AREA_DEL": "SPECIAL_PRIME", "polygon": null, "x": 538156.501, "y": 787954.26, "distance": 1465.0, "angle": 96.348459567314677 }, "geometry": { "type": "Point", "coordinates": [ 538722.046750790206715, 788580.103516959585249 ] } },
{ "type": "Feature", "properties": { "Layer": "ABEOKUTA_SPECIAL_PRIME", "Linetype": null, "EntityHand": "239", "Text": "S", "AREA_DEL": "SPECIAL_PRIME", "polygon": null, "x": 538156.501, "y": 787954.26, "distance": 1470.0, "angle": 96.348459567314677 }, "geometry": { "type": "Point", "coordinates": [ 538727.016089735087007, 788579.550642244284973 ] } },
{ "type": "Feature", "properties": { "Layer": "ABEOKUTA_SPECIAL_PRIME", "Linetype": null, "EntityHand": "239", "Text": "S", "AREA_DEL": "SPECIAL_PRIME", "polygon": null, "x": 538156.501, "y": 787954.26, "distance": 1475.0, "angle": 96.348459567314677 }, "geometry": { "type": "Point", "coordinates": [ 538731.985428679967299, 788578.997767529101111 ] } },
{ "type": "Feature", "properties": { "Layer": "ABEOKUTA_SPECIAL_PRIME", "Linetype": null, "EntityHand": "239", "Text": "S", "AREA_DEL": "SPECIAL_PRIME", "polygon": null, "x": 538156.501, "y": 787954.26, "distance": 1480.0, "angle": 96.348459567314677 }, "geometry": { "type": "Point", "coordinates": [ 538736.954767624964006, 788578.444892813800834 ] } },
{ "type": "Feature", "properties": { "Layer": "ABEOKUTA_SPECIAL_PRIME", "Linetype": null, "EntityHand": "239", "Text": "S", "AREA_DEL": "SPECIAL_PRIME", "polygon": null, "x": 538156.501, "y": 787954.26, "distance": 1485.0, "angle": 96.348459567314677 }, "geometry": { "type": "Point", "coordinates": [ 538741.924106569844298, 788577.892018098616973 ] } },
{ "type": "Feature", "properties": { "Layer": "ABEOKUTA_SPECIAL_PRIME", "Linetype": null, "EntityHand": "239", "Text": "S", "AREA_DEL": "SPECIAL_PRIME", "polygon": null, "x": 538156.501, "y": 787954.26, "distance": 1490.0, "angle": 96.348459567314677 }, "geometry": { "type": "Point", "coordinates": [ 538746.89344551472459, 788577.339143383316696 ] } },
{ "type": "Feature", "properties": { "Layer": "ABEOKUTA_SPECIAL_PRIME", "Linetype": null, "EntityHand": "239", "Text": "S", "AREA_DEL": "SPECIAL_PRIME", "polygon": null, "x": 538156.501, "y": 787954.26, "distance": 1495.0, "angle": 114.84389202732591 }, "geometry": { "type": "Point", "coordinates": [ 538751.67778409528546, 788576.123501034337096 ] } },
{ "type": "Feature", "properties": { "Layer": "ABEOKUTA_SPECIAL_PRIME", "Linetype": null, "EntityHand": "239", "Text": "S", "AREA_DEL": "SPECIAL_PRIME", "polygon": null, "x": 538156.501, "y": 787954.26, "distance": 1500.0, "angle": 114.84389202732591 }, "geometry": { "type": "Point", "coordinates": [ 538756.215063528157771, 788574.022764176013879 ] } },
{ "type": "Feature", "properties": { "Layer": "ABEOKUTA_SPECIAL_PRIME", "Linetype": null, "EntityHand": "239", "Text": "S", "AREA_DEL": "SPECIAL_PRIME", "polygon": null, "x": 538156.501, "y": 787954.26, "distance": 1505.0, "angle": 114.84389202732591 }, "geometry": { "type": "Point", "coordinates": [ 538760.752342961030081, 788571.922027317690663 ] } },
{ "type": "Feature", "properties": { "Layer": "ABEOKUTA_SPECIAL_PRIME", "Linetype": null, "EntityHand": "239", "Text": "S", "AREA_DEL": "SPECIAL_PRIME", "polygon": null, "x": 538156.501, "y": 787954.26, "distance": 1510.0, "angle": 114.84389202732591 }, "geometry": { "type": "Point", "coordinates": [ 538765.289622393902391, 788569.821290459251031 ] } },
{ "type": "Feature", "properties": { "Layer": "ABEOKUTA_SPECIAL_PRIME", "Linetype": null, "EntityHand": "239", "Text": "S", "AREA_DEL": "SPECIAL_PRIME", "polygon": null, "x": 538156.501, "y": 787954.26, "distance": 1515.0, "angle": 114.84389202732591 }, "geometry": { "type": "Point", "coordinates": [ 538769.826901826774701, 788567.720553600927815 ] } },
{ "type": "Feature", "properties": { "Layer": "ABEOKUTA_SPECIAL_PRIME", "Linetype": null, "EntityHand": "239", "Text": "S", "AREA_DEL": "SPECIAL_PRIME", "polygon": null, "x": 538156.501, "y": 787954.26, "distance": 1520.0, "angle": 114.84389202732591 }, "geometry": { "type": "Point", "coordinates": [ 538774.364181259647012, 788565.619816742604598 ] } },
{ "type": "Feature", "properties": { "Layer": "ABEOKUTA_SPECIAL_PRIME", "Linetype": null, "EntityHand": "239", "Text": "S", "AREA_DEL": "SPECIAL_PRIME", "polygon": null, "x": 538156.501, "y": 787954.26, "distance": 1525.0, "angle": 114.84389202732591 }, "geometry": { "type": "Point", "coordinates": [ 538778.901460692519322, 788563.519079884281382 ] } },
{ "type": "Feature", "properties": { "Layer": "ABEOKUTA_SPECIAL_PRIME", "Linetype": null, "EntityHand": "239", "Text": "S", "AREA_DEL": "SPECIAL_PRIME", "polygon": null, "x": 538156.501, "y": 787954.26, "distance": 1530.0, "angle": 114.84389202732591 }, "geometry": { "type": "Point", "coordinates": [ 538783.438740125391632, 788561.41834302584175 ] } },
{ "type": "Feature", "properties": { "Layer": "ABEOKUTA_SPECIAL_PRIME", "Linetype": null, "EntityHand": "239", "Text": "S", "AREA_DEL": "SPECIAL_PRIME", "polygon": null, "x": 538156.501, "y": 787954.26, "distance": 1535.0, "angle": 114.84389202732591 }, "geometry": { "type": "Point", "coordinates": [ 538787.976019558147527, 788559.317606167518534 ] } },
{ "type": "Feature", "properties": { "Layer": "ABEOKUTA_SPECIAL_PRIME", "Linetype": null, "EntityHand": "239", "Text": "S", "AREA_DEL": "SPECIAL_PRIME", "polygon": null, "x": 538156.501, "y": 787954.26, "distance": 1540.0, "angle": 114.84389202732591 }, "geometry": { "type": "Point", "coordinates": [ 538792.513298991019838, 788557.216869309195317 ] } },
{ "type": "Feature", "properties": { "Layer": "ABEOKUTA_SPECIAL_PRIME", "Linetype": null, "EntityHand": "239", "Text": "S", "AREA_DEL": "SPECIAL_PRIME", "polygon": null, "x": 538156.501, "y": 787954.26, "distance": 1545.0, "angle": 114.84389202732591 }, "geometry": { "type": "Point", "coordinates": [ 538797.050578423892148, 788555.116132450755686 ] } },
{ "type": "Feature", "properties": { "Layer": "ABEOKUTA_SPECIAL_PRIME", "Linetype": null, "EntityHand": "239", "Text": "S", "AREA_DEL": "SPECIAL_PRIME", "polygon": null, "x": 538156.501, "y": 787954.26, "distance": 1550.0, "angle": 114.84389202732591 }, "geometry": { "type": "Point", "coordinates": [ 538801.587857856764458, 788553.015395592432469 ] } },
{ "type": "Feature", "properties": { "Layer": "ABEOKUTA_SPECIAL_PRIME", "Linetype": null, "EntityHand": "239", "Text": "S", "AREA_DEL": "SPECIAL_PRIME", "polygon": null, "x": 538156.501, "y": 787954.26, "distance": 1555.0, "angle": 114.84389202732591 }, "geometry": { "type": "Point", "coordinates": [ 538806.125137289636768, 788550.914658734109253 ] } },
{ "type": "Feature", "properties": { "Layer": "ABEOKUTA_SPECIAL_PRIME", "Linetype": null, "EntityHand": "239", "Text": "S", "AREA_DEL": "SPECIAL_PRIME", "polygon": null, "x": 538156.501, "y": 787954.26, "distance": 1560.0, "angle": 114.84389202732591 }, "geometry": { "type": "Point", "coordinates": [ 538810.662416722509079, 788548.813921875669621 ] } },
{ "type": "Feature", "properties": { "Layer": "ABEOKUTA_SPECIAL_PRIME", "Linetype": null, "EntityHand": "239", "Text": "S", "AREA_DEL": "SPECIAL_PRIME", "polygon": null, "x": 538156.501, "y": 787954.26, "distance": 1565.0, "angle": 114.84389202732591 }, "geometry": { "type": "Point", "coordinates": [ 538815.199696155381389, 788546.713185017346404 ] } },
{ "type": "Feature", "properties": { "Layer": "ABEOKUTA_SPECIAL_PRIME", "Linetype": null, "EntityHand": "239", "Text": "S", "AREA_DEL": "SPECIAL_PRIME", "polygon": null, "x": 538156.501, "y": 787954.26, "distance": 1570.0, "angle": 114.84389202732591 }, "geometry": { "type": "Point", "coordinates": [ 538819.736975588253699, 788544.612448159023188 ] } },
{ "type": "Feature", "properties": { "Layer": "ABEOKUTA_SPECIAL_PRIME", "Linetype": null, "EntityHand": "239", "Text": "S", "AREA_DEL": "SPECIAL_PRIME", "polygon": null, "x": 538156.501, "y": 787954.26, "distance": 1575.0, "angle": 114.84389202732591 }, "geometry": { "type": "Point", "coordinates": [ 538824.27425502112601, 788542.511711300583556 ] } },
{ "type": "Feature", "properties": { "Layer": "ABEOKUTA_SPECIAL_PRIME", "Linetype": null, "EntityHand": "239", "Text": "S", "AREA_DEL": "SPECIAL_PRIME", "polygon": null, "x": 538156.501, "y": 787954.26, "distance": 1580.0, "angle": 114.84389202732591 }, "geometry": { "type": "Point", "coordinates": [ 538828.81153445399832, 788540.41097444226034 ] } },
{ "type": "Feature", "properties": { "Layer": "ABEOKUTA_SPECIAL_PRIME", "Linetype": null, "EntityHand": "239", "Text": "S", "AREA_DEL": "SPECIAL_PRIME", "polygon": null, "x": 538156.501, "y": 787954.26, "distance": 1585.0, "angle": 114.84389202732591 }, "geometry": { "type": "Point", "coordinates": [ 538833.34881388687063, 788538.310237583937123 ] } },
{ "type": "Feature", "properties": { "Layer": "ABEOKUTA_SPECIAL_PRIME", "Linetype": null, "EntityHand": "239", "Text": "S", "AREA_DEL": "SPECIAL_PRIME", "polygon": null, "x": 538156.501, "y": 787954.26, "distance": 1590.0, "angle": 114.84389202732591 }, "geometry": { "type": "Point", "coordinates": [ 538837.88609331974294, 788536.209500725497492 ] } },
{ "type": "Feature", "properties": { "Layer": "ABEOKUTA_SPECIAL_PRIME", "Linetype": null, "EntityHand": "239", "Text": "S", "AREA_DEL": "SPECIAL_PRIME", "polygon": null, "x": 538156.501, "y": 787954.26, "distance": 1595.0, "angle": 114.84389202732591 }, "geometry": { "type": "Point", "coordinates": [ 538842.423372752615251, 788534.108763867174275 ] } },
{ "type": "Feature", "properties": { "Layer": "ABEOKUTA_SPECIAL_PRIME", "Linetype": null, "EntityHand": "239", "Text": "S", "AREA_DEL": "SPECIAL_PRIME", "polygon": null, "x": 538156.501, "y": 787954.26, "distance": 1600.0, "angle": 114.84389202732591 }, "geometry": { "type": "Point", "coordinates": [ 538846.960652185487561, 788532.008027008851059 ] } },
{ "type": "Feature", "properties": { "Layer": "ABEOKUTA_SPECIAL_PRIME", "Linetype": null, "EntityHand": "239", "Text": "S", "AREA_DEL": "SPECIAL_PRIME", "polygon": null, "x": 538156.501, "y": 787954.26, "distance": 1605.0, "angle": 114.84389202732591 }, "geometry": { "type": "Point", "coordinates": [ 538851.497931618359871, 788529.907290150411427 ] } },
{ "type": "Feature", "properties": { "Layer": "ABEOKUTA_SPECIAL_PRIME", "Linetype": null, "EntityHand": "239", "Text": "S", "AREA_DEL": "SPECIAL_PRIME", "polygon": null, "x": 538156.501, "y": 787954.26, "distance": 1610.0, "angle": 114.84389202732591 }, "geometry": { "type": "Point", "coordinates": [ 538856.035211051232181, 788527.806553292088211 ] } },
{ "type": "Feature", "properties": { "Layer": "ABEOKUTA_SPECIAL_PRIME", "Linetype": null, "EntityHand": "239", "Text": "S", "AREA_DEL": "SPECIAL_PRIME", "polygon": null, "x": 538156.501, "y": 787954.26, "distance": 1615.0, "angle": 114.84389202732591 }, "geometry": { "type": "Point", "coordinates": [ 538860.572490484104492, 788525.705816433764994 ] } },
{ "type": "Feature", "properties": { "Layer": "ABEOKUTA_SPECIAL_PRIME", "Linetype": null, "EntityHand": "239", "Text": "S", "AREA_DEL": "SPECIAL_PRIME", "polygon": null, "x": 538156.501, "y": 787954.26, "distance": 1620.0, "angle": 114.84389202732591 }, "geometry": { "type": "Point", "coordinates": [ 538865.109769916976802, 788523.605079575441778 ] } },
{ "type": "Feature", "properties": { "Layer": "ABEOKUTA_SPECIAL_PRIME", "Linetype": null, "EntityHand": "239", "Text": "S", "AREA_DEL": "SPECIAL_PRIME", "polygon": null, "x": 538156.501, "y": 787954.26, "distance": 1625.0, "angle": 114.84389202732591 }, "geometry": { "type": "Point", "coordinates": [ 538869.647049349849112, 788521.504342717002146 ] } },
{ "type": "Feature", "properties": { "Layer": "ABEOKUTA_SPECIAL_PRIME", "Linetype": null, "EntityHand": "239", "Text": "S", "AREA_DEL": "SPECIAL_PRIME", "polygon": null, "x": 538156.501, "y": 787954.26, "distance": 1630.0, "angle": 114.84389202732591 }, "geometry": { "type": "Point", "coordinates": [ 538874.184328782721423, 788519.40360585867893 ] } },
{ "type": "Feature", "properties": { "Layer": "ABEOKUTA_SPECIAL_PRIME", "Linetype": null, "EntityHand": "239", "Text": "S", "AREA_DEL": "SPECIAL_PRIME", "polygon": null, "x": 538156.501, "y": 787954.26, "distance": 1635.0, "angle": 114.84389202732591 }, "geometry": { "type": "Point", "coordinates": [ 538878.721608215593733, 788517.302869000355713 ] } },
{ "type": "Feature", "properties": { "Layer": "ABEOKUTA_SPECIAL_PRIME", "Linetype": null, "EntityHand": "239", "Text": "S", "AREA_DEL": "SPECIAL_PRIME", "polygon": null, "x": 538156.501, "y": 787954.26, "distance": 1640.0, "angle": 114.84389202732591 }, "geometry": { "type": "Point", "coordinates": [ 538883.258887648466043, 788515.202132141916081 ] } },
{ "type": "Feature", "properties": { "Layer": "ABEOKUTA_SPECIAL_PRIME", "Linetype": null, "EntityHand": "239", "Text": "S", "AREA_DEL": "SPECIAL_PRIME", "polygon": null, "x": 538156.501, "y": 787954.26, "distance": 1645.0, "angle": 114.84389202732591 }, "geometry": { "type": "Point", "coordinates": [ 538887.796167081338353, 788513.101395283592865 ] } },
{ "type": "Feature", "properties": { "Layer": "ABEOKUTA_SPECIAL_PRIME", "Linetype": null, "EntityHand": "239", "Text": "S", "AREA_DEL": "SPECIAL_PRIME", "polygon": null, "x": 538156.501, "y": 787954.26, "distance": 1650.0, "angle": 114.84389202732591 }, "geometry": { "type": "Point", "coordinates": [ 538892.333446514210664, 788511.000658425269648 ] } },
{ "type": "Feature", "properties": { "Layer": "ABEOKUTA_SPECIAL_PRIME", "Linetype": null, "EntityHand": "239", "Text": "S", "AREA_DEL": "SPECIAL_PRIME", "polygon": null, "x": 538156.501, "y": 787954.26, "distance": 1655.0, "angle": 114.84389202732591 }, "geometry": { "type": "Point", "coordinates": [ 538896.870725947082974, 788508.899921566830017 ] } },
{ "type": "Feature", "properties": { "Layer": "ABEOKUTA_SPECIAL_PRIME", "Linetype": null, "EntityHand": "239", "Text": "S", "AREA_DEL": "SPECIAL_PRIME", "polygon": null, "x": 538156.501, "y": 787954.26, "distance": 1660.0, "angle": 114.84389202732591 }, "geometry": { "type": "Point", "coordinates": [ 538901.408005379955284, 788506.7991847085068 ] } },
{ "type": "Feature", "properties": { "Layer": "ABEOKUTA_SPECIAL_PRIME", "Linetype": null, "EntityHand": "239", "Text": "S", "AREA_DEL": "SPECIAL_PRIME", "polygon": null, "x": 538156.501, "y": 787954.26, "distance": 1665.0, "angle": 114.84389202732591 }, "geometry": { "type": "Point", "coordinates": [ 538905.945284812827595, 788504.698447850183584 ] } },
{ "type": "Feature", "properties": { "Layer": "ABEOKUTA_SPECIAL_PRIME", "Linetype": null, "EntityHand": "239", "Text": "S", "AREA_DEL": "SPECIAL_PRIME", "polygon": null, "x": 538156.501, "y": 787954.26, "distance": 1670.0, "angle": 114.84389202732591 }, "geometry": { "type": "Point", "coordinates": [ 538910.482564245699905, 788502.597710991743952 ] } },
{ "type": "Feature", "properties": { "Layer": "ABEOKUTA_SPECIAL_PRIME", "Linetype": null, "EntityHand": "239", "Text": "S", "AREA_DEL": "SPECIAL_PRIME", "polygon": null, "x": 538156.501, "y": 787954.26, "distance": 1675.0, "angle": 114.84389202732591 }, "geometry": { "type": "Point", "coordinates": [ 538915.0198436784558, 788500.496974133420736 ] } },
{ "type": "Feature", "properties": { "Layer": "ABEOKUTA_SPECIAL_PRIME", "Linetype": null, "EntityHand": "239", "Text": "S", "AREA_DEL": "SPECIAL_PRIME", "polygon": null, "x": 538156.501, "y": 787954.26, "distance": 1680.0, "angle": 114.84389202732591 }, "geometry": { "type": "Point", "coordinates": [ 538919.55712311132811, 788498.396237275097519 ] } },
{ "type": "Feature", "properties": { "Layer": "ABEOKUTA_SPECIAL_PRIME", "Linetype": null, "EntityHand": "239", "Text": "S", "AREA_DEL": "SPECIAL_PRIME", "polygon": null, "x": 538156.501, "y": 787954.26, "distance": 1685.0, "angle": 137.98745222750063 }, "geometry": { "type": "Point", "coordinates": [ 538923.497221265570261, 788495.485967124812305 ] } },
{ "type": "Feature", "properties": { "Layer": "ABEOKUTA_SPECIAL_PRIME", "Linetype": null, "EntityHand": "239", "Text": "S", "AREA_DEL": "SPECIAL_PRIME", "polygon": null, "x": 538156.501, "y": 787954.26, "distance": 1690.0, "angle": 137.98745222750063 }, "geometry": { "type": "Point", "coordinates": [ 538926.843687960528769, 788491.770975784398615 ] } },
{ "type": "Feature", "properties": { "Layer": "ABEOKUTA_SPECIAL_PRIME", "Linetype": null, "EntityHand": "239", "Text": "S", "AREA_DEL": "SPECIAL_PRIME", "polygon": null, "x": 538156.501, "y": 787954.26, "distance": 1695.0, "angle": 137.98745222750063 }, "geometry": { "type": "Point", "coordinates": [ 538930.190154655487277, 788488.05598444386851 ] } },
{ "type": "Feature", "properties": { "Layer": "ABEOKUTA_SPECIAL_PRIME", "Linetype": null, "EntityHand": "239", "Text": "S", "AREA_DEL": "SPECIAL_PRIME", "polygon": null, "x": 538156.501, "y": 787954.26, "distance": 1700.0, "angle": 137.98745222750063 }, "geometry": { "type": "Point", "coordinates": [ 538933.536621350329369, 788484.340993103454821 ] } },
{ "type": "Feature", "properties": { "Layer": "ABEOKUTA_SPECIAL_PRIME", "Linetype": null, "EntityHand": "239", "Text": "S", "AREA_DEL": "SPECIAL_PRIME", "polygon": null, "x": 538156.501, "y": 787954.26, "distance": 1705.0, "angle": 137.98745222750063 }, "geometry": { "type": "Point", "coordinates": [ 538936.883088045287877, 788480.626001763041131 ] } },
{ "type": "Feature", "properties": { "Layer": "ABEOKUTA_SPECIAL_PRIME", "Linetype": null, "EntityHand": "239", "Text": "S", "AREA_DEL": "SPECIAL_PRIME", "polygon": null, "x": 538156.501, "y": 787954.26, "distance": 1710.0, "angle": 137.98745222750063 }, "geometry": { "type": "Point", "coordinates": [ 538940.229554740246385, 788476.911010422511026 ] } },
{ "type": "Feature", "properties": { "Layer": "ABEOKUTA_SPECIAL_PRIME", "Linetype": null, "EntityHand": "239", "Text": "S", "AREA_DEL": "SPECIAL_PRIME", "polygon": null, "x": 538156.501, "y": 787954.26, "distance": 1715.0, "angle": 137.98745222750063 }, "geometry": { "type": "Point", "coordinates": [ 538943.576021435204893, 788473.196019082097337 ] } },
{ "type": "Feature", "properties": { "Layer": "ABEOKUTA_SPECIAL_PRIME", "Linetype": null, "EntityHand": "239", "Text": "S", "AREA_DEL": "SPECIAL_PRIME", "polygon": null, "x": 538156.501, "y": 787954.26, "distance": 1720.0, "angle": 137.98745222750063 }, "geometry": { "type": "Point", "coordinates": [ 538946.922488130046986, 788469.481027741567232 ] } },
{ "type": "Feature", "properties": { "Layer": "ABEOKUTA_SPECIAL_PRIME", "Linetype": null, "EntityHand": "239", "Text": "S", "AREA_DEL": "SPECIAL_PRIME", "polygon": null, "x": 538156.501, "y": 787954.26, "distance": 1725.0, "angle": 137.98745222750063 }, "geometry": { "type": "Point", "coordinates": [ 538950.268954825005494, 788465.766036401153542 ] } },
{ "type": "Feature", "properties": { "Layer": "ABEOKUTA_SPECIAL_PRIME", "Linetype": null, "EntityHand": "239", "Text": "S", "AREA_DEL": "SPECIAL_PRIME", "polygon": null, "x": 538156.501, "y": 787954.26, "distance": 1730.0, "angle": 137.98745222750063 }, "geometry": { "type": "Point", "coordinates": [ 538953.615421519964002, 788462.051045060623437 ] } },
{ "type": "Feature", "properties": { "Layer": "ABEOKUTA_SPECIAL_PRIME", "Linetype": null, "EntityHand": "239", "Text": "S", "AREA_DEL": "SPECIAL_PRIME", "polygon": null, "x": 538156.501, "y": 787954.26, "distance": 1735.0, "angle": 137.98745222750063 }, "geometry": { "type": "Point", "coordinates": [ 538956.96188821492251, 788458.336053720209748 ] } },
{ "type": "Feature", "properties": { "Layer": "ABEOKUTA_SPECIAL_PRIME", "Linetype": null, "EntityHand": "239", "Text": "S", "AREA_DEL": "SPECIAL_PRIME", "polygon": null, "x": 538156.501, "y": 787954.26, "distance": 1740.0, "angle": 137.98745222750063 }, "geometry": { "type": "Point", "coordinates": [ 538960.308354909881018, 788454.621062379796058 ] } },
{ "type": "Feature", "properties": { "Layer": "ABEOKUTA_SPECIAL_PRIME", "Linetype": null, "EntityHand": "239", "Text": "S", "AREA_DEL": "SPECIAL_PRIME", "polygon": null, "x": 538156.501, "y": 787954.26, "distance": 1745.0, "angle": 137.98745222750063 }, "geometry": { "type": "Point", "coordinates": [ 538963.654821604723111, 788450.906071039265953 ] } },
{ "type": "Feature", "properties": { "Layer": "ABEOKUTA_SPECIAL_PRIME", "Linetype": null, "EntityHand": "239", "Text": "S", "AREA_DEL": "SPECIAL_PRIME", "polygon": null, "x": 538156.501, "y": 787954.26, "distance": 1750.0, "angle": 137.98745222750063 }, "geometry": { "type": "Point", "coordinates": [ 538967.001288299681619, 788447.191079698852263 ] } },
{ "type": "Feature", "properties": { "Layer": "ABEOKUTA_SPECIAL_PRIME", "Linetype": null, "EntityHand": "239", "Text": "S", "AREA_DEL": "SPECIAL_PRIME", "polygon": null, "x": 538156.501, "y": 787954.26, "distance": 1755.0, "angle": 137.98745222750063 }, "geometry": { "type": "Point", "coordinates": [ 538970.347754994640127, 788443.476088358322158 ] } },
{ "type": "Feature", "properties": { "Layer": "ABEOKUTA_SPECIAL_PRIME", "Linetype": null, "EntityHand": "239", "Text": "S", "AREA_DEL": "SPECIAL_PRIME", "polygon": null, "x": 538156.501, "y": 787954.26, "distance": 1760.0, "angle": 137.98745222750063 }, "geometry": { "type": "Point", "coordinates": [ 538973.694221689598635, 788439.761097017908469 ] } },
{ "type": "Feature", "properties": { "Layer": "ABEOKUTA_SPECIAL_PRIME", "Linetype": null, "EntityHand": "239", "Text": "S", "AREA_DEL": "SPECIAL_PRIME", "polygon": null, "x": 538156.501, "y": 787954.26, "distance": 1765.0, "angle": 137.98745222750063 }, "geometry": { "type": "Point", "coordinates": [ 538977.040688384440728, 788436.046105677494779 ] } },
{ "type": "Feature", "properties": { "Layer": "ABEOKUTA_SPECIAL_PRIME", "Linetype": null, "EntityHand": "239", "Text": "S", "AREA_DEL": "SPECIAL_PRIME", "polygon": null, "x": 538156.501, "y": 787954.26, "distance": 1770.0, "angle": 137.98745222750063 }, "geometry": { "type": "Point", "coordinates": [ 538980.387155079399236, 788432.331114336964674 ] } },
{ "type": "Feature", "properties": { "Layer": "ABEOKUTA_SPECIAL_PRIME", "Linetype": null, "EntityHand": "239", "Text": "S", "AREA_DEL": "SPECIAL_PRIME", "polygon": null, "x": 538156.501, "y": 787954.26, "distance": 1775.0, "angle": 137.98745222750063 }, "geometry": { "type": "Point", "coordinates": [ 538983.733621774357744, 788428.616122996550985 ] } },
{ "type": "Feature", "properties": { "Layer": "ABEOKUTA_SPECIAL_PRIME", "Linetype": null, "EntityHand": "239", "Text": "S", "AREA_DEL": "SPECIAL_PRIME", "polygon": null, "x": 538156.501, "y": 787954.26, "distance": 1780.0, "angle": 137.98745222750063 }, "geometry": { "type": "Point", "coordinates": [ 538987.080088469316252, 788424.90113165602088 ] } },
{ "type": "Feature", "properties": { "Layer": "ABEOKUTA_SPECIAL_PRIME", "Linetype": null, "EntityHand": "239", "Text": "S", "AREA_DEL": "SPECIAL_PRIME", "polygon": null, "x": 538156.501, "y": 787954.26, "distance": 1785.0, "angle": 137.98745222750063 }, "geometry": { "type": "Point", "coordinates": [ 538990.42655516427476, 788421.18614031560719 ] } },
{ "type": "Feature", "properties": { "Layer": "ABEOKUTA_SPECIAL_PRIME", "Linetype": null, "EntityHand": "239", "Text": "S", "AREA_DEL": "SPECIAL_PRIME", "polygon": null, "x": 538156.501, "y": 787954.26, "distance": 1790.0, "angle": 137.98745222750063 }, "geometry": { "type": "Point", "coordinates": [ 538993.773021859116852, 788417.471148975193501 ] } },
{ "type": "Feature", "properties": { "Layer": "ABEOKUTA_SPECIAL_PRIME", "Linetype": null, "EntityHand": "239", "Text": "S", "AREA_DEL": "SPECIAL_PRIME", "polygon": null, "x": 538156.501, "y": 787954.26, "distance": 1795.0, "angle": 137.98745222750063 }, "geometry": { "type": "Point", "coordinates": [ 538997.11948855407536, 788413.756157634663396 ] } },
{ "type": "Feature", "properties": { "Layer": "ABEOKUTA_SPECIAL_PRIME", "Linetype": null, "EntityHand": "239", "Text": "S", "AREA_DEL": "SPECIAL_PRIME", "polygon": null, "x": 538156.501, "y": 787954.26, "distance": 1800.0, "angle": 137.98745222750063 }, "geometry": { "type": "Point", "coordinates": [ 539000.465955249033868, 788410.041166294249706 ] } },
{ "type": "Feature", "properties": { "Layer": "ABEOKUTA_SPECIAL_PRIME", "Linetype": null, "EntityHand": "239", "Text": "S", "AREA_DEL": "SPECIAL_PRIME", "polygon": null, "x": 538156.501, "y": 787954.26, "distance": 1805.0, "angle": 137.98745222750063 }, "geometry": { "type": "Point", "coordinates": [ 539003.812421943992376, 788406.326174953719601 ] } },
{ "type": "Feature", "properties": { "Layer": "ABEOKUTA_SPECIAL_PRIME", "Linetype": null, "EntityHand": "239", "Text": "S", "AREA_DEL": "SPECIAL_PRIME", "polygon": null, "x": 538156.501, "y": 787954.26, "distance": 1810.0, "angle": 137.98745222750063 }, "geometry": { "type": "Point", "coordinates": [ 539007.158888638834469, 788402.611183613305911 ] } },
{ "type": "Feature", "properties": { "Layer": "ABEOKUTA_SPECIAL_PRIME", "Linetype": null, "EntityHand": "239", "Text": "S", "AREA_DEL": "SPECIAL_PRIME", "polygon": null, "x": 538156.501, "y": 787954.26, "distance": 1815.0, "angle": 137.98745222750063 }, "geometry": { "type": "Point", "coordinates": [ 539010.505355333792977, 788398.896192272775806 ] } },
{ "type": "Feature", "properties": { "Layer": "ABEOKUTA_SPECIAL_PRIME", "Linetype": null, "EntityHand": "239", "Text": "S", "AREA_DEL": "SPECIAL_PRIME", "polygon": null, "x": 538156.501, "y": 787954.26, "distance": 1820.0, "angle": 137.98745222750063 }, "geometry": { "type": "Point", "coordinates": [ 539013.851822028751485, 788395.181200932362117 ] } },
{ "type": "Feature", "properties": { "Layer": "ABEOKUTA_SPECIAL_PRIME", "Linetype": null, "EntityHand": "239", "Text": "S", "AREA_DEL": "SPECIAL_PRIME", "polygon": null, "x": 538156.501, "y": 787954.26, "distance": 1825.0, "angle": 137.98745222750063 }, "geometry": { "type": "Point", "coordinates": [ 539017.198288723709993, 788391.466209591948427 ] } },
{ "type": "Feature", "properties": { "Layer": "ABEOKUTA_SPECIAL_PRIME", "Linetype": null, "EntityHand": "239", "Text": "S", "AREA_DEL": "SPECIAL_PRIME", "polygon": null, "x": 538156.501, "y": 787954.26, "distance": 1830.0, "angle": 137.98745222750063 }, "geometry": { "type": "Point", "coordinates": [ 539020.544755418668501, 788387.751218251418322 ] } },
{ "type": "Feature", "properties": { "Layer": "ABEOKUTA_SPECIAL_PRIME", "Linetype": null, "EntityHand": "239", "Text": "S", "AREA_DEL": "SPECIAL_PRIME", "polygon": null, "x": 538156.501, "y": 787954.26, "distance": 1835.0, "angle": 137.98745222750063 }, "geometry": { "type": "Point", "coordinates": [ 539023.891222113510594, 788384.036226911004633 ] } },
{ "type": "Feature", "properties": { "Layer": "ABEOKUTA_SPECIAL_PRIME", "Linetype": null, "EntityHand": "239", "Text": "S", "AREA_DEL": "SPECIAL_PRIME", "polygon": null, "x": 538156.501, "y": 787954.26, "distance": 1840.0, "angle": 137.98745222750063 }, "geometry": { "type": "Point", "coordinates": [ 539027.237688808469102, 788380.321235570474528 ] } },
{ "type": "Feature", "properties": { "Layer": "ABEOKUTA_SPECIAL_PRIME", "Linetype": null, "EntityHand": "239", "Text": "S", "AREA_DEL": "SPECIAL_PRIME", "polygon": null, "x": 538156.501, "y": 787954.26, "distance": 1845.0, "angle": 137.98745222750063 }, "geometry": { "type": "Point", "coordinates": [ 539030.58415550342761, 788376.606244230060838 ] } },
{ "type": "Feature", "properties": { "Layer": "ABEOKUTA_SPECIAL_PRIME", "Linetype": null, "EntityHand": "239", "Text": "S", "AREA_DEL": "SPECIAL_PRIME", "polygon": null, "x": 538156.501, "y": 787954.26, "distance": 1850.0, "angle": 137.98745222750063 }, "geometry": { "type": "Point", "coordinates": [ 539033.930622198386118, 788372.891252889647149 ] } },
{ "type": "Feature", "properties": { "Layer": "ABEOKUTA_SPECIAL_PRIME", "Linetype": null, "EntityHand": "239", "Text": "S", "AREA_DEL": "SPECIAL_PRIME", "polygon": null, "x": 538156.501, "y": 787954.26, "distance": 1855.0, "angle": 137.98745222750063 }, "geometry": { "type": "Point", "coordinates": [ 539037.277088893228211, 788369.176261549117044 ] } },
{ "type": "Feature", "properties": { "Layer": "ABEOKUTA_SPECIAL_PRIME", "Linetype": null, "EntityHand": "239", "Text": "S", "AREA_DEL": "SPECIAL_PRIME", "polygon": null, "x": 538156.501, "y": 787954.26, "distance": 1860.0, "angle": 137.98745222750063 }, "geometry": { "type": "Point", "coordinates": [ 539040.623555588186719, 788365.461270208703354 ] } },
{ "type": "Feature", "properties": { "Layer": "ABEOKUTA_SPECIAL_PRIME", "Linetype": null, "EntityHand": "239", "Text": "S", "AREA_DEL": "SPECIAL_PRIME", "polygon": null, "x": 538156.501, "y": 787954.26, "distance": 1865.0, "angle": 137.98745222750063 }, "geometry": { "type": "Point", "coordinates": [ 539043.970022283145227, 788361.746278868173249 ] } },
{ "type": "Feature", "properties": { "Layer": "ABEOKUTA_SPECIAL_PRIME", "Linetype": null, "EntityHand": "239", "Text": "S", "AREA_DEL": "SPECIAL_PRIME", "polygon": null, "x": 538156.501, "y": 787954.26, "distance": 1870.0, "angle": 137.98745222750063 }, "geometry": { "type": "Point", "coordinates": [ 539047.316488978103735, 788358.031287527759559 ] } },
{ "type": "Feature", "properties": { "Layer": "ABEOKUTA_SPECIAL_PRIME", "Linetype": null, "EntityHand": "239", "Text": "S", "AREA_DEL": "SPECIAL_PRIME", "polygon": null, "x": 538156.501, "y": 787954.26, "distance": 1875.0, "angle": 137.98745222750063 }, "geometry": { "type": "Point", "coordinates": [ 539050.662955673062243, 788354.31629618734587 ] } },
{ "type": "Feature", "properties": { "Layer": "ABEOKUTA_SPECIAL_PRIME", "Linetype": null, "EntityHand": "239", "Text": "S", "AREA_DEL": "SPECIAL_PRIME", "polygon": null, "x": 538156.501, "y": 787954.26, "distance": 1880.0, "angle": 137.98745222750063 }, "geometry": { "type": "Point", "coordinates": [ 539054.009422367904335, 788350.601304846815765 ] } },
{ "type": "Feature", "properties": { "Layer": "ABEOKUTA_SPECIAL_PRIME", "Linetype": null, "EntityHand": "239", "Text": "S", "AREA_DEL": "SPECIAL_PRIME", "polygon": null, "x": 538156.501, "y": 787954.26, "distance": 1885.0, "angle": 137.98745222750063 }, "geometry": { "type": "Point", "coordinates": [ 539057.355889062862843, 788346.886313506402075 ] } },
{ "type": "Feature", "properties": { "Layer": "ABEOKUTA_SPECIAL_PRIME", "Linetype": null, "EntityHand": "239", "Text": "S", "AREA_DEL": "SPECIAL_PRIME", "polygon": null, "x": 538156.501, "y": 787954.26, "distance": 1890.0, "angle": 137.98745222750063 }, "geometry": { "type": "Point", "coordinates": [ 539060.702355757821351, 788343.17132216587197 ] } },
{ "type": "Feature", "properties": { "Layer": "ABEOKUTA_SPECIAL_PRIME", "Linetype": null, "EntityHand": "239", "Text": "S", "AREA_DEL": "SPECIAL_PRIME", "polygon": null, "x": 538156.501, "y": 787954.26, "distance": 1895.0, "angle": 137.98745222750063 }, "geometry": { "type": "Point", "coordinates": [ 539064.048822452779859, 788339.456330825458281 ] } },
{ "type": "Feature", "properties": { "Layer": "ABEOKUTA_SPECIAL_PRIME", "Linetype": null, "EntityHand": "239", "Text": "S", "AREA_DEL": "SPECIAL_PRIME", "polygon": null, "x": 538156.501, "y": 787954.26, "distance": 1900.0, "angle": 137.98745222750063 }, "geometry": { "type": "Point", "coordinates": [ 539067.395289147621952, 788335.741339484928176 ] } },
{ "type": "Feature", "properties": { "Layer": "ABEOKUTA_SPECIAL_PRIME", "Linetype": null, "EntityHand": "239", "Text": "S", "AREA_DEL": "SPECIAL_PRIME", "polygon": null, "x": 538156.501, "y": 787954.26, "distance": 1905.0, "angle": 137.98745222750063 }, "geometry": { "type": "Point", "coordinates": [ 539070.74175584258046, 788332.026348144514486 ] } },
{ "type": "Feature", "properties": { "Layer": "ABEOKUTA_SPECIAL_PRIME", "Linetype": null, "EntityHand": "239", "Text": "S", "AREA_DEL": "SPECIAL_PRIME", "polygon": null, "x": 538156.501, "y": 787954.26, "distance": 1910.0, "angle": 151.40094697529449 }, "geometry": { "type": "Point", "coordinates": [ 539073.49748008698225, 788327.892998042167164 ] } },
{ "type": "Feature", "properties": { "Layer": "ABEOKUTA_SPECIAL_PRIME", "Linetype": null, "EntityHand": "239", "Text": "S", "AREA_DEL": "SPECIAL_PRIME", "polygon": null, "x": 538156.501, "y": 787954.26, "distance": 1915.0, "angle": 151.40094697529449 }, "geometry": { "type": "Point", "coordinates": [ 539075.890866820584051, 788323.503043606877327 ] } },
{ "type": "Feature", "properties": { "Layer": "ABEOKUTA_SPECIAL_PRIME", "Linetype": null, "EntityHand": "239", "Text": "S", "AREA_DEL": "SPECIAL_PRIME", "polygon": null, "x": 538156.501, "y": 787954.26, "distance": 1920.0, "angle": 151.40094697529449 }, "geometry": { "type": "Point", "coordinates": [ 539078.284253554185852, 788319.113089171703905 ] } },
{ "type": "Feature", "properties": { "Layer": "ABEOKUTA_SPECIAL_PRIME", "Linetype": null, "EntityHand": "239", "Text": "S", "AREA_DEL": "SPECIAL_PRIME", "polygon": null, "x": 538156.501, "y": 787954.26, "distance": 1925.0, "angle": 151.40094697529449 }, "geometry": { "type": "Point", "coordinates": [ 539080.677640287671238, 788314.723134736414067 ] } },
{ "type": "Feature", "properties": { "Layer": "ABEOKUTA_SPECIAL_PRIME", "Linetype": null, "EntityHand": "239", "Text": "S", "AREA_DEL": "SPECIAL_PRIME", "polygon": null, "x": 538156.501, "y": 787954.26, "distance": 1930.0, "angle": 151.40094697529449 }, "geometry": { "type": "Point", "coordinates": [ 539083.071027021273039, 788310.33318030112423 ] } },
{ "type": "Feature", "properties": { "Layer": "ABEOKUTA_SPECIAL_PRIME", "Linetype": null, "EntityHand": "239", "Text": "S", "AREA_DEL": "SPECIAL_PRIME", "polygon": null, "x": 538156.501, "y": 787954.26, "distance": 1935.0, "angle": 151.40094697529449 }, "geometry": { "type": "Point", "coordinates": [ 539085.46441375487484, 788305.943225865950808 ] } },
{ "type": "Feature", "properties": { "Layer": "ABEOKUTA_SPECIAL_PRIME", "Linetype": null, "EntityHand": "239", "Text": "S", "AREA_DEL": "SPECIAL_PRIME", "polygon": null, "x": 538156.501, "y": 787954.26, "distance": 1940.0, "angle": 151.40094697529449 }, "geometry": { "type": "Point", "coordinates": [ 539087.857800488476641, 788301.553271430660971 ] } },
{ "type": "Feature", "properties": { "Layer": "ABEOKUTA_SPECIAL_PRIME", "Linetype": null, "EntityHand": "239", "Text": "S", "AREA_DEL": "SPECIAL_PRIME", "polygon": null, "x": 538156.501, "y": 787954.26, "distance": 1945.0, "angle": 151.40094697529449 }, "geometry": { "type": "Point", "coordinates": [ 539090.251187222078443, 788297.163316995371133 ] } },
{ "type": "Feature", "properties": { "Layer": "ABEOKUTA_SPECIAL_PRIME", "Linetype": null, "EntityHand": "239", "Text": "S", "AREA_DEL": "SPECIAL_PRIME", "polygon": null, "x": 538156.501, "y": 787954.26, "distance": 1950.0, "angle": 151.40094697529449 }, "geometry": { "type": "Point", "coordinates": [ 539092.644573955680244, 788292.773362560197711 ] } },
{ "type": "Feature", "properties": { "Layer": "ABEOKUTA_SPECIAL_PRIME", "Linetype": null, "EntityHand": "239", "Text": "S", "AREA_DEL": "SPECIAL_PRIME", "polygon": null, "x": 538156.501, "y": 787954.26, "distance": 1955.0, "angle": 151.40094697529449 }, "geometry": { "type": "Point", "coordinates": [ 539095.037960689165629, 788288.383408124907874 ] } },
{ "type": "Feature", "properties": { "Layer": "ABEOKUTA_SPECIAL_PRIME", "Linetype": null, "EntityHand": "239", "Text": "S", "AREA_DEL": "SPECIAL_PRIME", "polygon": null, "x": 538156.501, "y": 787954.26, "distance": 1960.0, "angle": 151.40094697529449 }, "geometry": { "type": "Point", "coordinates": [ 539097.431347422767431, 788283.993453689734451 ] } },
{ "type": "Feature", "properties": { "Layer": "ABEOKUTA_SPECIAL_PRIME", "Linetype": null, "EntityHand": "239", "Text": "S", "AREA_DEL": "SPECIAL_PRIME", "polygon": null, "x": 538156.501, "y": 787954.26, "distance": 1965.0, "angle": 151.40094697529449 }, "geometry": { "type": "Point", "coordinates": [ 539099.824734156369232, 788279.603499254444614 ] } },
{ "type": "Feature", "properties": { "Layer": "ABEOKUTA_SPECIAL_PRIME", "Linetype": null, "EntityHand": "239", "Text": "S", "AREA_DEL": "SPECIAL_PRIME", "polygon": null, "x": 538156.501, "y": 787954.26, "distance": 1970.0, "angle": 151.40094697529449 }, "geometry": { "type": "Point", "coordinates": [ 539102.218120889971033, 788275.213544819154777 ] } },
{ "type": "Feature", "properties": { "Layer": "ABEOKUTA_SPECIAL_PRIME", "Linetype": null, "EntityHand": "239", "Text": "S", "AREA_DEL": "SPECIAL_PRIME", "polygon": null, "x": 538156.501, "y": 787954.26, "distance": 1975.0, "angle": 151.40094697529449 }, "geometry": { "type": "Point", "coordinates": [ 539104.611507623572834, 788270.823590383981355 ] } },
{ "type": "Feature", "properties": { "Layer": "ABEOKUTA_SPECIAL_PRIME", "Linetype": null, "EntityHand": "239", "Text": "S", "AREA_DEL": "SPECIAL_PRIME", "polygon": null, "x": 538156.501, "y": 787954.26, "distance": 1980.0, "angle": 151.40094697529449 }, "geometry": { "type": "Point", "coordinates": [ 539107.00489435705822, 788266.433635948691517 ] } },
{ "type": "Feature", "properties": { "Layer": "ABEOKUTA_SPECIAL_PRIME", "Linetype": null, "EntityHand": "239", "Text": "S", "AREA_DEL": "SPECIAL_PRIME", "polygon": null, "x": 538156.501, "y": 787954.26, "distance": 1985.0, "angle": 151.40094697529449 }, "geometry": { "type": "Point", "coordinates": [ 539109.398281090660021, 788262.043681513518095 ] } },
{ "type": "Feature", "properties": { "Layer": "ABEOKUTA_SPECIAL_PRIME", "Linetype": null, "EntityHand": "239", "Text": "S", "AREA_DEL": "SPECIAL_PRIME", "polygon": null, "x": 538156.501, "y": 787954.26, "distance": 1990.0, "angle": 151.40094697529449 }, "geometry": { "type": "Point", "coordinates": [ 539111.791667824261822, 788257.653727078228258 ] } },
{ "type": "Feature", "properties": { "Layer": "ABEOKUTA_SPECIAL_PRIME", "Linetype": null, "EntityHand": "239", "Text": "S", "AREA_DEL": "SPECIAL_PRIME", "polygon": null, "x": 538156.501, "y": 787954.26, "distance": 1995.0, "angle": 151.40094697529449 }, "geometry": { "type": "Point", "coordinates": [ 539114.185054557863623, 788253.26377264293842 ] } },
{ "type": "Feature", "properties": { "Layer": "ABEOKUTA_SPECIAL_PRIME", "Linetype": null, "EntityHand": "239", "Text": "S", "AREA_DEL": "SPECIAL_PRIME", "polygon": null, "x": 538156.501, "y": 787954.26, "distance": 2000.0, "angle": 151.40094697529449 }, "geometry": { "type": "Point", "coordinates": [ 539116.578441291465424, 788248.873818207764998 ] } },
{ "type": "Feature", "properties": { "Layer": "ABEOKUTA_SPECIAL_PRIME", "Linetype": null, "EntityHand": "239", "Text": "S", "AREA_DEL": "SPECIAL_PRIME", "polygon": null, "x": 538156.501, "y": 787954.26, "distance": 2005.0, "angle": 151.40094697529449 }, "geometry": { "type": "Point", "coordinates": [ 539118.97182802495081, 788244.483863772475161 ] } },
{ "type": "Feature", "properties": { "Layer": "ABEOKUTA_SPECIAL_PRIME", "Linetype": null, "EntityHand": "239", "Text": "S", "AREA_DEL": "SPECIAL_PRIME", "polygon": null, "x": 538156.501, "y": 787954.26, "distance": 2010.0, "angle": 151.40094697529449 }, "geometry": { "type": "Point", "coordinates": [ 539121.365214758552611, 788240.093909337185323 ] } },
{ "type": "Feature", "properties": { "Layer": "ABEOKUTA_SPECIAL_PRIME", "Linetype": null, "EntityHand": "239", "Text": "S", "AREA_DEL": "SPECIAL_PRIME", "polygon": null, "x": 538156.501, "y": 787954.26, "distance": 2015.0, "angle": 151.40094697529449 }, "geometry": { "type": "Point", "coordinates": [ 539123.758601492154412, 788235.703954902011901 ] } },
{ "type": "Feature", "properties": { "Layer": "ABEOKUTA_SPECIAL_PRIME", "Linetype": null, "EntityHand": "239", "Text": "S", "AREA_DEL": "SPECIAL_PRIME", "polygon": null, "x": 538156.501, "y": 787954.26, "distance": 2020.0, "angle": 151.40094697529449 }, "geometry": { "type": "Point", "coordinates": [ 539126.151988225756213, 788231.314000466722064 ] } },
{ "type": "Feature", "properties": { "Layer": "ABEOKUTA_SPECIAL_PRIME", "Linetype": null, "EntityHand": "239", "Text": "S", "AREA_DEL": "SPECIAL_PRIME", "polygon": null, "x": 538156.501, "y": 787954.26, "distance": 2025.0, "angle": 151.40094697529449 }, "geometry": { "type": "Point", "coordinates": [ 539128.545374959358014, 788226.924046031548642 ] } },
{ "type": "Feature", "properties": { "Layer": "ABEOKUTA_SPECIAL_PRIME", "Linetype": null, "EntityHand": "239", "Text": "S", "AREA_DEL": "SPECIAL_PRIME", "polygon": null, "x": 538156.501, "y": 787954.26, "distance": 2030.0, "angle": 151.40094697529449 }, "geometry": { "type": "Point", "coordinates": [ 539130.9387616928434, 788222.534091596258804 ] } },
{ "type": "Feature", "properties": { "Layer": "ABEOKUTA_SPECIAL_PRIME", "Linetype": null, "EntityHand": "239", "Text": "S", "AREA_DEL": "SPECIAL_PRIME", "polygon": null, "x": 538156.501, "y": 787954.26, "distance": 2035.0, "angle": 151.40094697529449 }, "geometry": { "type": "Point", "coordinates": [ 539133.332148426445201, 788218.144137160968967 ] } },
{ "type": "Feature", "properties": { "Layer": "ABEOKUTA_SPECIAL_PRIME", "Linetype": null, "EntityHand": "239", "Text": "S", "AREA_DEL": "SPECIAL_PRIME", "polygon": null, "x": 538156.501, "y": 787954.26, "distance": 2040.0, "angle": 151.40094697529449 }, "geometry": { "type": "Point", "coordinates": [ 539135.725535160047002, 788213.754182725795545 ] } },
{ "type": "Feature", "properties": { "Layer": "ABEOKUTA_SPECIAL_PRIME", "Linetype": null, "EntityHand": "239", "Text": "S", "AREA_DEL": "SPECIAL_PRIME", "polygon": null, "x": 538156.501, "y": 787954.26, "distance": 2045.0, "angle": 151.40094697529449 }, "geometry": { "type": "Point", "coordinates": [ 539138.118921893648803, 788209.364228290505707 ] } },
{ "type": "Feature", "properties": { "Layer": "ABEOKUTA_SPECIAL_PRIME", "Linetype": null, "EntityHand": "239", "Text": "S", "AREA_DEL": "SPECIAL_PRIME", "polygon": null, "x": 538156.501, "y": 787954.26, "distance": 2050.0, "angle": 151.40094697529449 }, "geometry": { "type": "Point", "coordinates": [ 539140.512308627250604, 788204.974273855332285 ] } },
{ "type": "Feature", "properties": { "Layer": "ABEOKUTA_SPECIAL_PRIME", "Linetype": null, "EntityHand": "239", "Text": "S", "AREA_DEL": "SPECIAL_PRIME", "polygon": null, "x": 538156.501, "y": 787954.26, "distance": 2055.0, "angle": 151.40094697529449 }, "geometry": { "type": "Point", "coordinates": [ 539142.90569536073599, 788200.584319420042448 ] } },
{ "type": "Feature", "properties": { "Layer": "ABEOKUTA_SPECIAL_PRIME", "Linetype": null, "EntityHand": "239", "Text": "S", "AREA_DEL": "SPECIAL_PRIME", "polygon": null, "x": 538156.501, "y": 787954.26, "distance": 2060.0, "angle": 151.40094697529449 }, "geometry": { "type": "Point", "coordinates": [ 539145.299082094337791, 788196.19436498475261 ] } },
{ "type": "Feature", "properties": { "Layer": "ABEOKUTA_SPECIAL_PRIME", "Linetype": null, "EntityHand": "239", "Text": "S", "AREA_DEL": "SPECIAL_PRIME", "polygon": null, "x": 538156.501, "y": 787954.26, "distance": 2065.0, "angle": 151.40094697529449 }, "geometry": { "type": "Point", "coordinates": [ 539147.692468827939592, 788191.804410549579188 ] } },
{ "type": "Feature", "properties": { "Layer": "ABEOKUTA_SPECIAL_PRIME", "Linetype": null, "EntityHand": "239", "Text": "S", "AREA_DEL": "SPECIAL_PRIME", "polygon": null, "x": 538156.501, "y": 787954.26, "distance": 2070.0, "angle": 151.40094697529449 }, "geometry": { "type": "Point", "coordinates": [ 539150.085855561541393, 788187.414456114289351 ] } },
{ "type": "Feature", "properties": { "Layer": "ABEOKUTA_SPECIAL_PRIME", "Linetype": null, "EntityHand": "239", "Text": "S", "AREA_DEL": "SPECIAL_PRIME", "polygon": null, "x": 538156.501, "y": 787954.26, "distance": 2075.0, "angle": 151.40094697529449 }, "geometry": { "type": "Point", "coordinates": [ 539152.479242295143194, 788183.024501678999513 ] } },
{ "type": "Feature", "properties": { "Layer": "ABEOKUTA_SPECIAL_PRIME", "Linetype": null, "EntityHand": "239", "Text": "S", "AREA_DEL": "SPECIAL_PRIME", "polygon": null, "x": 538156.501, "y": 787954.26, "distance": 2080.0, "angle": 151.40094697529449 }, "geometry": { "type": "Point", "coordinates": [ 539154.872629028744996, 788178.634547243826091 ] } },
{ "type": "Feature", "properties": { "Layer": "ABEOKUTA_SPECIAL_PRIME", "Linetype": null, "EntityHand": "239", "Text": "S", "AREA_DEL": "SPECIAL_PRIME", "polygon": null, "x": 538156.501, "y": 787954.26, "distance": 2085.0, "angle": 151.40094697529449 }, "geometry": { "type": "Point", "coordinates": [ 539157.266015762230381, 788174.244592808536254 ] } },
{ "type": "Feature", "properties": { "Layer": "ABEOKUTA_SPECIAL_PRIME", "Linetype": null, "EntityHand": "239", "Text": "S", "AREA_DEL": "SPECIAL_PRIME", "polygon": null, "x": 538156.501, "y": 787954.26, "distance": 2090.0, "angle": 151.40094697529449 }, "geometry": { "type": "Point", "coordinates": [ 539159.659402495832182, 788169.854638373362832 ] } },
{ "type": "Feature", "properties": { "Layer": "ABEOKUTA_SPECIAL_PRIME", "Linetype": null, "EntityHand": "239", "Text": "S", "AREA_DEL": "SPECIAL_PRIME", "polygon": null, "x": 538156.501, "y": 787954.26, "distance": 2095.0, "angle": 151.40094697529449 }, "geometry": { "type": "Point", "coordinates": [ 539162.052789229433984, 788165.464683938072994 ] } },
{ "type": "Feature", "properties": { "Layer": "ABEOKUTA_SPECIAL_PRIME", "Linetype": null, "EntityHand": "239", "Text": "S", "AREA_DEL": "SPECIAL_PRIME", "polygon": null, "x": 538156.501, "y": 787954.26, "distance": 2100.0, "angle": 151.40094697529449 }, "geometry": { "type": "Point", "coordinates": [ 539164.446175963035785, 788161.074729502783157 ] } },
{ "type": "Feature", "properties": { "Layer": "ABEOKUTA_SPECIAL_PRIME", "Linetype": null, "EntityHand": "239", "Text": "S", "AREA_DEL": "SPECIAL_PRIME", "polygon": null, "x": 538156.501, "y": 787954.26, "distance": 2105.0, "angle": 151.40094697529449 }, "geometry": { "type": "Point", "coordinates": [ 539166.839562696637586, 788156.684775067609735 ] } },
{ "type": "Feature", "properties": { "Layer": "ABEOKUTA_SPECIAL_PRIME", "Linetype": null, "EntityHand": "239", "Text": "S", "AREA_DEL": "SPECIAL_PRIME", "polygon": null, "x": 538156.501, "y": 787954.26, "distance": 2110.0, "angle": 151.40094697529449 }, "geometry": { "type": "Point", "coordinates": [ 539169.232949430122972, 788152.294820632319897 ] } },
{ "type": "Feature", "properties": { "Layer": "ABEOKUTA_SPECIAL_PRIME", "Linetype": null, "EntityHand": "239", "Text": "S", "AREA_DEL": "SPECIAL_PRIME", "polygon": null, "x": 538156.501, "y": 787954.26, "distance": 2115.0, "angle": 151.40094697529449 }, "geometry": { "type": "Point", "coordinates": [ 539171.626336163724773, 788147.904866197146475 ] } },
{ "type": "Feature", "properties": { "Layer": "ABEOKUTA_SPECIAL_PRIME", "Linetype": null, "EntityHand": "239", "Text": "S", "AREA_DEL": "SPECIAL_PRIME", "polygon": null, "x": 538156.501, "y": 787954.26, "distance": 2120.0, "angle": 151.40094697529449 }, "geometry": { "type": "Point", "coordinates": [ 539174.019722897326574, 788143.514911761856638 ] } },
{ "type": "Feature", "properties": { "Layer": "ABEOKUTA_SPECIAL_PRIME", "Linetype": null, "EntityHand": "239", "Text": "S", "AREA_DEL": "SPECIAL_PRIME", "polygon": null, "x": 538156.501, "y": 787954.26, "distance": 2125.0, "angle": 151.40094697529449 }, "geometry": { "type": "Point", "coordinates": [ 539176.413109630928375, 788139.1249573265668 ] } },
{ "type": "Feature", "properties": { "Layer": "ABEOKUTA_SPECIAL_PRIME", "Linetype": null, "EntityHand": "239", "Text": "S", "AREA_DEL": "SPECIAL_PRIME", "polygon": null, "x": 538156.501, "y": 787954.26, "distance": 2130.0, "angle": 151.40094697529449 }, "geometry": { "type": "Point", "coordinates": [ 539178.806496364530176, 788134.735002891393378 ] } },
{ "type": "Feature", "properties": { "Layer": "ABEOKUTA_SPECIAL_PRIME", "Linetype": null, "EntityHand": "239", "Text": "S", "AREA_DEL": "SPECIAL_PRIME", "polygon": null, "x": 538156.501, "y": 787954.26, "distance": 2135.0, "angle": 151.40094697529449 }, "geometry": { "type": "Point", "coordinates": [ 539181.199883098015562, 788130.345048456103541 ] } },
{ "type": "Feature", "properties": { "Layer": "ABEOKUTA_SPECIAL_PRIME", "Linetype": null, "EntityHand": "239", "Text": "S", "AREA_DEL": "SPECIAL_PRIME", "polygon": null, "x": 538156.501, "y": 787954.26, "distance": 2140.0, "angle": 151.40094697529449 }, "geometry": { "type": "Point", "coordinates": [ 539183.593269831617363, 788125.955094020813704 ] } },
{ "type": "Feature", "properties": { "Layer": "ABEOKUTA_SPECIAL_PRIME", "Linetype": null, "EntityHand": "239", "Text": "S", "AREA_DEL": "SPECIAL_PRIME", "polygon": null, "x": 538156.501, "y": 787954.26, "distance": 2145.0, "angle": 151.40094697529449 }, "geometry": { "type": "Point", "coordinates": [ 539185.986656565219164, 788121.565139585640281 ] } },
{ "type": "Feature", "properties": { "Layer": "ABEOKUTA_SPECIAL_PRIME", "Linetype": null, "EntityHand": "239", "Text": "S", "AREA_DEL": "SPECIAL_PRIME", "polygon": null, "x": 538156.501, "y": 787954.26, "distance": 2150.0, "angle": 151.40094697529449 }, "geometry": { "type": "Point", "coordinates": [ 539188.380043298820965, 788117.175185150350444 ] } },
{ "type": "Feature", "properties": { "Layer": "ABEOKUTA_SPECIAL_PRIME", "Linetype": null, "EntityHand": "239", "Text": "S", "AREA_DEL": "SPECIAL_PRIME", "polygon": null, "x": 538156.501, "y": 787954.26, "distance": 2155.0, "angle": 151.40094697529449 }, "geometry": { "type": "Point", "coordinates": [ 539190.773430032422766, 788112.785230715177022 ] } },
{ "type": "Feature", "properties": { "Layer": "ABEOKUTA_SPECIAL_PRIME", "Linetype": null, "EntityHand": "239", "Text": "S", "AREA_DEL": "SPECIAL_PRIME", "polygon": null, "x": 538156.501, "y": 787954.26, "distance": 2160.0, "angle": 149.54445670996782 }, "geometry": { "type": "Point", "coordinates": [ 539193.261275596101768, 788108.44877794070635 ] } },
{ "type": "Feature", "properties": { "Layer": "ABEOKUTA_SPECIAL_PRIME", "Linetype": null, "EntityHand": "239", "Text": "S", "AREA_DEL": "SPECIAL_PRIME", "polygon": null, "x": 538156.501, "y": 787954.26, "distance": 2165.0, "angle": 149.54445670996782 }, "geometry": { "type": "Point", "coordinates": [ 539195.795623888261616, 788104.138664399972185 ] } },
{ "type": "Feature", "properties": { "Layer": "ABEOKUTA_SPECIAL_PRIME", "Linetype": null, "EntityHand": "239", "Text": "S", "AREA_DEL": "SPECIAL_PRIME", "polygon": null, "x": 538156.501, "y": 787954.26, "distance": 2170.0, "angle": 149.54445670996782 }, "geometry": { "type": "Point", "coordinates": [ 539198.329972180421464, 788099.828550859238021 ] } },
{ "type": "Feature", "properties": { "Layer": "ABEOKUTA_SPECIAL_PRIME", "Linetype": null, "EntityHand": "239", "Text": "S", "AREA_DEL": "SPECIAL_PRIME", "polygon": null, "x": 538156.501, "y": 787954.26, "distance": 2175.0, "angle": 149.54445670996782 }, "geometry": { "type": "Point", "coordinates": [ 539200.864320472581312, 788095.518437318503857 ] } },
{ "type": "Feature", "properties": { "Layer": "ABEOKUTA_SPECIAL_PRIME", "Linetype": null, "EntityHand": "239", "Text": "S", "AREA_DEL": "SPECIAL_PRIME", "polygon": null, "x": 538156.501, "y": 787954.26, "distance": 2180.0, "angle": 149.54445670996782 }, "geometry": { "type": "Point", "coordinates": [ 539203.398668764624745, 788091.208323777653277 ] } },
{ "type": "Feature", "properties": { "Layer": "ABEOKUTA_SPECIAL_PRIME", "Linetype": null, "EntityHand": "239", "Text": "S", "AREA_DEL": "SPECIAL_PRIME", "polygon": null, "x": 538156.501, "y": 787954.26, "distance": 2185.0, "angle": 149.54445670996782 }, "geometry": { "type": "Point", "coordinates": [ 539205.933017056784593, 788086.898210236919113 ] } },
{ "type": "Feature", "properties": { "Layer": "ABEOKUTA_SPECIAL_PRIME", "Linetype": null, "EntityHand": "239", "Text": "S", "AREA_DEL": "SPECIAL_PRIME", "polygon": null, "x": 538156.501, "y": 787954.26, "distance": 2190.0, "angle": 149.54445670996782 }, "geometry": { "type": "Point", "coordinates": [ 539208.46736534894444, 788082.588096696184948 ] } },
{ "type": "Feature", "properties": { "Layer": "ABEOKUTA_SPECIAL_PRIME", "Linetype": null, "EntityHand": "239", "Text": "S", "AREA_DEL": "SPECIAL_PRIME", "polygon": null, "x": 538156.501, "y": 787954.26, "distance": 2195.0, "angle": 149.54445670996782 }, "geometry": { "type": "Point", "coordinates": [ 539211.001713641104288, 788078.277983155450784 ] } },
{ "type": "Feature", "properties": { "Layer": "ABEOKUTA_SPECIAL_PRIME", "Linetype": null, "EntityHand": "239", "Text": "S", "AREA_DEL": "SPECIAL_PRIME", "polygon": null, "x": 538156.501, "y": 787954.26, "distance": 2200.0, "angle": 149.54445670996782 }, "geometry": { "type": "Point", "coordinates": [ 539213.536061933147721, 788073.967869614716619 ] } },
{ "type": "Feature", "properties": { "Layer": "ABEOKUTA_SPECIAL_PRIME", "Linetype": null, "EntityHand": "239", "Text": "S", "AREA_DEL": "SPECIAL_PRIME", "polygon": null, "x": 538156.501, "y": 787954.26, "distance": 2205.0, "angle": 149.54445670996782 }, "geometry": { "type": "Point", "coordinates": [ 539216.070410225307569, 788069.657756073982455 ] } },
{ "type": "Feature", "properties": { "Layer": "ABEOKUTA_SPECIAL_PRIME", "Linetype": null, "EntityHand": "239", "Text": "S", "AREA_DEL": "SPECIAL_PRIME", "polygon": null, "x": 538156.501, "y": 787954.26, "distance": 2210.0, "angle": 149.54445670996782 }, "geometry": { "type": "Point", "coordinates": [ 539218.604758517467417, 788065.34764253324829 ] } },
{ "type": "Feature", "properties": { "Layer": "ABEOKUTA_SPECIAL_PRIME", "Linetype": null, "EntityHand": "239", "Text": "S", "AREA_DEL": "SPECIAL_PRIME", "polygon": null, "x": 538156.501, "y": 787954.26, "distance": 2215.0, "angle": 149.54445670996782 }, "geometry": { "type": "Point", "coordinates": [ 539221.139106809627265, 788061.037528992514126 ] } },
{ "type": "Feature", "properties": { "Layer": "ABEOKUTA_SPECIAL_PRIME", "Linetype": null, "EntityHand": "239", "Text": "S", "AREA_DEL": "SPECIAL_PRIME", "polygon": null, "x": 538156.501, "y": 787954.26, "distance": 2220.0, "angle": 149.54445670996782 }, "geometry": { "type": "Point", "coordinates": [ 539223.673455101787113, 788056.727415451663546 ] } },
{ "type": "Feature", "properties": { "Layer": "ABEOKUTA_SPECIAL_PRIME", "Linetype": null, "EntityHand": "239", "Text": "S", "AREA_DEL": "SPECIAL_PRIME", "polygon": null, "x": 538156.501, "y": 787954.26, "distance": 2225.0, "angle": 149.54445670996782 }, "geometry": { "type": "Point", "coordinates": [ 539226.207803393830545, 788052.417301910929382 ] } },
{ "type": "Feature", "properties": { "Layer": "ABEOKUTA_SPECIAL_PRIME", "Linetype": null, "EntityHand": "239", "Text": "S", "AREA_DEL": "SPECIAL_PRIME", "polygon": null, "x": 538156.501, "y": 787954.26, "distance": 2230.0, "angle": 149.54445670996782 }, "geometry": { "type": "Point", "coordinates": [ 539228.742151685990393, 788048.107188370195217 ] } },
{ "type": "Feature", "properties": { "Layer": "ABEOKUTA_SPECIAL_PRIME", "Linetype": null, "EntityHand": "239", "Text": "S", "AREA_DEL": "SPECIAL_PRIME", "polygon": null, "x": 538156.501, "y": 787954.26, "distance": 2235.0, "angle": 149.54445670996782 }, "geometry": { "type": "Point", "coordinates": [ 539231.276499978150241, 788043.797074829461053 ] } },
{ "type": "Feature", "properties": { "Layer": "ABEOKUTA_SPECIAL_PRIME", "Linetype": null, "EntityHand": "239", "Text": "S", "AREA_DEL": "SPECIAL_PRIME", "polygon": null, "x": 538156.501, "y": 787954.26, "distance": 2240.0, "angle": 149.54445670996782 }, "geometry": { "type": "Point", "coordinates": [ 539233.810848270310089, 788039.486961288726889 ] } },
{ "type": "Feature", "properties": { "Layer": "ABEOKUTA_SPECIAL_PRIME", "Linetype": null, "EntityHand": "239", "Text": "S", "AREA_DEL": "SPECIAL_PRIME", "polygon": null, "x": 538156.501, "y": 787954.26, "distance": 2245.0, "angle": 149.54445670996782 }, "geometry": { "type": "Point", "coordinates": [ 539236.345196562469937, 788035.176847747992724 ] } },
{ "type": "Feature", "properties": { "Layer": "ABEOKUTA_SPECIAL_PRIME", "Linetype": null, "EntityHand": "239", "Text": "S", "AREA_DEL": "SPECIAL_PRIME", "polygon": null, "x": 538156.501, "y": 787954.26, "distance": 2250.0, "angle": 149.54445670996782 }, "geometry": { "type": "Point", "coordinates": [ 539238.87954485451337, 788030.86673420725856 ] } },
{ "type": "Feature", "properties": { "Layer": "ABEOKUTA_SPECIAL_PRIME", "Linetype": null, "EntityHand": "239", "Text": "S", "AREA_DEL": "SPECIAL_PRIME", "polygon": null, "x": 538156.501, "y": 787954.26, "distance": 2255.0, "angle": 149.54445670996782 }, "geometry": { "type": "Point", "coordinates": [ 539241.413893146673217, 788026.55662066640798 ] } },
{ "type": "Feature", "properties": { "Layer": "ABEOKUTA_SPECIAL_PRIME", "Linetype": null, "EntityHand": "239", "Text": "S", "AREA_DEL": "SPECIAL_PRIME", "polygon": null, "x": 538156.501, "y": 787954.26, "distance": 2260.0, "angle": 149.54445670996782 }, "geometry": { "type": "Point", "coordinates": [ 539243.948241438833065, 788022.246507125673816 ] } },
{ "type": "Feature", "properties": { "Layer": "ABEOKUTA_SPECIAL_PRIME", "Linetype": null, "EntityHand": "239", "Text": "S", "AREA_DEL": "SPECIAL_PRIME", "polygon": null, "x": 538156.501, "y": 787954.26, "distance": 2265.0, "angle": 149.54445670996782 }, "geometry": { "type": "Point", "coordinates": [ 539246.482589730992913, 788017.936393584939651 ] } },
{ "type": "Feature", "properties": { "Layer": "ABEOKUTA_SPECIAL_PRIME", "Linetype": null, "EntityHand": "239", "Text": "S", "AREA_DEL": "SPECIAL_PRIME", "polygon": null, "x": 538156.501, "y": 787954.26, "distance": 2270.0, "angle": 149.54445670996782 }, "geometry": { "type": "Point", "coordinates": [ 539249.016938023036346, 788013.626280044205487 ] } },
{ "type": "Feature", "properties": { "Layer": "ABEOKUTA_SPECIAL_PRIME", "Linetype": null, "EntityHand": "239", "Text": "S", "AREA_DEL": "SPECIAL_PRIME", "polygon": null, "x": 538156.501, "y": 787954.26, "distance": 2275.0, "angle": 149.54445670996782 }, "geometry": { "type": "Point", "coordinates": [ 539251.551286315196194, 788009.316166503471322 ] } },
{ "type": "Feature", "properties": { "Layer": "ABEOKUTA_SPECIAL_PRIME", "Linetype": null, "EntityHand": "239", "Text": "S", "AREA_DEL": "SPECIAL_PRIME", "polygon": null, "x": 538156.501, "y": 787954.26, "distance": 2280.0, "angle": 149.54445670996782 }, "geometry": { "type": "Point", "coordinates": [ 539254.085634607356042, 788005.006052962737158 ] } },
{ "type": "Feature", "properties": { "Layer": "ABEOKUTA_SPECIAL_PRIME", "Linetype": null, "EntityHand": "239", "Text": "S", "AREA_DEL": "SPECIAL_PRIME", "polygon": null, "x": 538156.501, "y": 787954.26, "distance": 2285.0, "angle": 149.54445670996782 }, "geometry": { "type": "Point", "coordinates": [ 539256.61998289951589, 788000.695939422002994 ] } },
{ "type": "Feature", "properties": { "Layer": "ABEOKUTA_SPECIAL_PRIME", "Linetype": null, "EntityHand": "239", "Text": "S", "AREA_DEL": "SPECIAL_PRIME", "polygon": null, "x": 538156.501, "y": 787954.26, "distance": 2290.0, "angle": 149.54445670996782 }, "geometry": { "type": "Point", "coordinates": [ 539259.154331191675738, 787996.385825881268829 ] } },
{ "type": "Feature", "properties": { "Layer": "ABEOKUTA_SPECIAL_PRIME", "Linetype": null, "EntityHand": "239", "Text": "S", "AREA_DEL": "SPECIAL_PRIME", "polygon": null, "x": 538156.501, "y": 787954.26, "distance": 2295.0, "angle": 149.54445670996782 }, "geometry": { "type": "Point", "coordinates": [ 539261.68867948371917, 787992.075712340418249 ] } },
{ "type": "Feature", "properties": { "Layer": "ABEOKUTA_SPECIAL_PRIME", "Linetype": null, "EntityHand": "239", "Text": "S", "AREA_DEL": "SPECIAL_PRIME", "polygon": null, "x": 538156.501, "y": 787954.26, "distance": 2300.0, "angle": 149.54445670996782 }, "geometry": { "type": "Point", "coordinates": [ 539264.223027775879018, 787987.765598799684085 ] } },
{ "type": "Feature", "properties": { "Layer": "ABEOKUTA_SPECIAL_PRIME", "Linetype": null, "EntityHand": "239", "Text": "S", "AREA_DEL": "SPECIAL_PRIME", "polygon": null, "x": 538156.501, "y": 787954.26, "distance": 2305.0, "angle": 149.54445670996782 }, "geometry": { "type": "Point", "coordinates": [ 539266.757376068038866, 787983.455485258949921 ] } },
{ "type": "Feature", "properties": { "Layer": "ABEOKUTA_SPECIAL_PRIME", "Linetype": null, "EntityHand": "239", "Text": "S", "AREA_DEL": "SPECIAL_PRIME", "polygon": null, "x": 538156.501, "y": 787954.26, "distance": 2310.0, "angle": 149.54445670996782 }, "geometry": { "type": "Point", "coordinates": [ 539269.291724360198714, 787979.145371718215756 ] } },
{ "type": "Feature", "properties": { "Layer": "ABEOKUTA_SPECIAL_PRIME", "Linetype": null, "EntityHand": "239", "Text": "S", "AREA_DEL": "SPECIAL_PRIME", "polygon": null, "x": 538156.501, "y": 787954.26, "distance": 2315.0, "angle": 149.54445670996782 }, "geometry": { "type": "Point", "coordinates": [ 539271.826072652242146, 787974.835258177481592 ] } },
{ "type": "Feature", "properties": { "Layer": "ABEOKUTA_SPECIAL_PRIME", "Linetype": null, "EntityHand": "239", "Text": "S", "AREA_DEL": "SPECIAL_PRIME", "polygon": null, "x": 538156.501, "y": 787954.26, "distance": 2320.0, "angle": 149.54445670996782 }, "geometry": { "type": "Point", "coordinates": [ 539274.360420944401994, 787970.525144636747427 ] } },
{ "type": "Feature", "properties": { "Layer": "ABEOKUTA_SPECIAL_PRIME", "Linetype": null, "EntityHand": "239", "Text": "S", "AREA_DEL": "SPECIAL_PRIME", "polygon": null, "x": 538156.501, "y": 787954.26, "distance": 2325.0, "angle": 149.54445670996782 }, "geometry": { "type": "Point", "coordinates": [ 539276.894769236561842, 787966.215031096013263 ] } },
{ "type": "Feature", "properties": { "Layer": "ABEOKUTA_SPECIAL_PRIME", "Linetype": null, "EntityHand": "239", "Text": "S", "AREA_DEL": "SPECIAL_PRIME", "polygon": null, "x": 538156.501, "y": 787954.26, "distance": 2330.0, "angle": 149.54445670996782 }, "geometry": { "type": "Point", "coordinates": [ 539279.42911752872169, 787961.904917555162683 ] } },
{ "type": "Feature", "properties": { "Layer": "ABEOKUTA_SPECIAL_PRIME", "Linetype": null, "EntityHand": "239", "Text": "S", "AREA_DEL": "SPECIAL_PRIME", "polygon": null, "x": 538156.501, "y": 787954.26, "distance": 2335.0, "angle": 149.54445670996782 }, "geometry": { "type": "Point", "coordinates": [ 539281.963465820881538, 787957.594804014428519 ] } },
{ "type": "Feature", "properties": { "Layer": "ABEOKUTA_SPECIAL_PRIME", "Linetype": null, "EntityHand": "239", "Text": "S", "AREA_DEL": "SPECIAL_PRIME", "polygon": null, "x": 538156.501, "y": 787954.26, "distance": 2340.0, "angle": 149.54445670996782 }, "geometry": { "type": "Point", "coordinates": [ 539284.497814112924971, 787953.284690473694354 ] } },
{ "type": "Feature", "properties": { "Layer": "ABEOKUTA_SPECIAL_PRIME", "Linetype": null, "EntityHand": "239", "Text": "S", "AREA_DEL": "SPECIAL_PRIME", "polygon": null, "x": 538156.501, "y": 787954.26, "distance": 2345.0, "angle": 149.54445670996782 }, "geometry": { "type": "Point", "coordinates": [ 539287.032162405084819, 787948.97457693296019 ] } },
{ "type": "Feature", "properties": { "Layer": "ABEOKUTA_SPECIAL_PRIME", "Linetype": null, "EntityHand": "239", "Text": "S", "AREA_DEL": "SPECIAL_PRIME", "polygon": null, "x": 538156.501, "y": 787954.26, "distance": 2350.0, "angle": 149.54445670996782 }, "geometry": { "type": "Point", "coordinates": [ 539289.566510697244667, 787944.664463392226025 ] } },
{ "type": "Feature", "properties": { "Layer": "ABEOKUTA_SPECIAL_PRIME", "Linetype": null, "EntityHand": "239", "Text": "S", "AREA_DEL": "SPECIAL_PRIME", "polygon": null, "x": 538156.501, "y": 787954.26, "distance": 2355.0, "angle": 149.54445670996782 }, "geometry": { "type": "Point", "coordinates": [ 539292.100858989404514, 787940.354349851491861 ] } },
{ "type": "Feature", "properties": { "Layer": "ABEOKUTA_SPECIAL_PRIME", "Linetype": null, "EntityHand": "239", "Text": "S", "AREA_DEL": "SPECIAL_PRIME", "polygon": null, "x": 538156.501, "y": 787954.26, "distance": 2360.0, "angle": 149.54445670996782 }, "geometry": { "type": "Point", "coordinates": [ 539294.635207281564362, 787936.044236310757697 ] } },
{ "type": "Feature", "properties": { "Layer": "ABEOKUTA_SPECIAL_PRIME", "Linetype": null, "EntityHand": "239", "Text": "S", "AREA_DEL": "SPECIAL_PRIME", "polygon": null, "x": 538156.501, "y": 787954.26, "distance": 2365.0, "angle": 149.54445670996782 }, "geometry": { "type": "Point", "coordinates": [ 539297.169555573607795, 787931.734122770023532 ] } },
{ "type": "Feature", "properties": { "Layer": "ABEOKUTA_SPECIAL_PRIME", "Linetype": null, "EntityHand": "239", "Text": "S", "AREA_DEL": "SPECIAL_PRIME", "polygon": null, "x": 538156.501, "y": 787954.26, "distance": 2370.0, "angle": 149.54445670996782 }, "geometry": { "type": "Point", "coordinates": [ 539299.703903865767643, 787927.424009229172952 ] } },
{ "type": "Feature", "properties": { "Layer": "ABEOKUTA_SPECIAL_PRIME", "Linetype": null, "EntityHand": "239", "Text": "S", "AREA_DEL": "SPECIAL_PRIME", "polygon": null, "x": 538156.501, "y": 787954.26, "distance": 2375.0, "angle": 149.54445670996782 }, "geometry": { "type": "Point", "coordinates": [ 539302.238252157927491, 787923.113895688438788 ] } },
{ "type": "Feature", "properties": { "Layer": "ABEOKUTA_SPECIAL_PRIME", "Linetype": null, "EntityHand": "239", "Text": "S", "AREA_DEL": "SPECIAL_PRIME", "polygon": null, "x": 538156.501, "y": 787954.26, "distance": 2380.0, "angle": 149.54445670996782 }, "geometry": { "type": "Point", "coordinates": [ 539304.772600450087339, 787918.803782147704624 ] } },
{ "type": "Feature", "properties": { "Layer": "ABEOKUTA_SPECIAL_PRIME", "Linetype": null, "EntityHand": "239", "Text": "S", "AREA_DEL": "SPECIAL_PRIME", "polygon": null, "x": 538156.501, "y": 787954.26, "distance": 2385.0, "angle": 149.54445670996782 }, "geometry": { "type": "Point", "coordinates": [ 539307.306948742130771, 787914.493668606970459 ] } },
{ "type": "Feature", "properties": { "Layer": "ABEOKUTA_SPECIAL_PRIME", "Linetype": null, "EntityHand": "239", "Text": "S", "AREA_DEL": "SPECIAL_PRIME", "polygon": null, "x": 538156.501, "y": 787954.26, "distance": 2390.0, "angle": 149.54445670996782 }, "geometry": { "type": "Point", "coordinates": [ 539309.841297034290619, 787910.183555066236295 ] } },
{ "type": "Feature", "properties": { "Layer": "ABEOKUTA_SPECIAL_PRIME", "Linetype": null, "EntityHand": "239", "Text": "S", "AREA_DEL": "SPECIAL_PRIME", "polygon": null, "x": 538156.501, "y": 787954.26, "distance": 2395.0, "angle": 149.54445670996782 }, "geometry": { "type": "Point", "coordinates": [ 539312.375645326450467, 787905.87344152550213 ] } },
{ "type": "Feature", "properties": { "Layer": "ABEOKUTA_SPECIAL_PRIME", "Linetype": null, "EntityHand": "239", "Text": "S", "AREA_DEL": "SPECIAL_PRIME", "polygon": null, "x": 538156.501, "y": 787954.26, "distance": 2400.0, "angle": 149.54445670996782 }, "geometry": { "type": "Point", "coordinates": [ 539314.909993618610315, 787901.563327984767966 ] } },
{ "type": "Feature", "properties": { "Layer": "ABEOKUTA_SPECIAL_PRIME", "Linetype": null, "EntityHand": "239", "Text": "S", "AREA_DEL": "SPECIAL_PRIME", "polygon": null, "x": 538156.501, "y": 787954.26, "distance": 2405.0, "angle": 149.54445670996782 }, "geometry": { "type": "Point", "coordinates": [ 539317.444341910770163, 787897.253214443917386 ] } },
{ "type": "Feature", "properties": { "Layer": "ABEOKUTA_SPECIAL_PRIME", "Linetype": null, "EntityHand": "239", "Text": "S", "AREA_DEL": "SPECIAL_PRIME", "polygon": null, "x": 538156.501, "y": 787954.26, "distance": 2410.0, "angle": 149.54445670996782 }, "geometry": { "type": "Point", "coordinates": [ 539319.978690202813596, 787892.943100903183222 ] } },
{ "type": "Feature", "properties": { "Layer": "ABEOKUTA_SPECIAL_PRIME", "Linetype": null, "EntityHand": "239", "Text": "S", "AREA_DEL": "SPECIAL_PRIME", "polygon": null, "x": 538156.501, "y": 787954.26, "distance": 2415.0, "angle": 149.54445670996782 }, "geometry": { "type": "Point", "coordinates": [ 539322.513038494973443, 787888.632987362449057 ] } },
{ "type": "Feature", "properties": { "Layer": "ABEOKUTA_SPECIAL_PRIME", "Linetype": null, "EntityHand": "239", "Text": "S", "AREA_DEL": "SPECIAL_PRIME", "polygon": null, "x": 538156.501, "y": 787954.26, "distance": 2420.0, "angle": 149.54445670996782 }, "geometry": { "type": "Point", "coordinates": [ 539325.047386787133291, 787884.322873821714893 ] } },
{ "type": "Feature", "properties": { "Layer": "ABEOKUTA_SPECIAL_PRIME", "Linetype": null, "EntityHand": "239", "Text": "S", "AREA_DEL": "SPECIAL_PRIME", "polygon": null, "x": 538156.501, "y": 787954.26, "distance": 2425.0, "angle": 149.54445670996782 }, "geometry": { "type": "Point", "coordinates": [ 539327.581735079293139, 787880.012760280980729 ] } },
{ "type": "Feature", "properties": { "Layer": "ABEOKUTA_SPECIAL_PRIME", "Linetype": null, "EntityHand": "239", "Text": "S", "AREA_DEL": "SPECIAL_PRIME", "polygon": null, "x": 538156.501, "y": 787954.26, "distance": 2430.0, "angle": 149.54445670996782 }, "geometry": { "type": "Point", "coordinates": [ 539330.116083371452987, 787875.702646740246564 ] } },
{ "type": "Feature", "properties": { "Layer": "ABEOKUTA_SPECIAL_PRIME", "Linetype": null, "EntityHand": "239", "Text": "S", "AREA_DEL": "SPECIAL_PRIME", "polygon": null, "x": 538156.501, "y": 787954.26, "distance": 2435.0, "angle": 149.54445670996782 }, "geometry": { "type": "Point", "coordinates": [ 539332.65043166349642, 787871.3925331995124 ] } },
{ "type": "Feature", "properties": { "Layer": "ABEOKUTA_SPECIAL_PRIME", "Linetype": null, "EntityHand": "239", "Text": "S", "AREA_DEL": "SPECIAL_PRIME", "polygon": null, "x": 538156.501, "y": 787954.26, "distance": 2440.0, "angle": 149.54445670996782 }, "geometry": { "type": "Point", "coordinates": [ 539335.184779955656268, 787867.082419658778235 ] } },
{ "type": "Feature", "properties": { "Layer": "ABEOKUTA_SPECIAL_PRIME", "Linetype": null, "EntityHand": "239", "Text": "S", "AREA_DEL": "SPECIAL_PRIME", "polygon": null, "x": 538156.501, "y": 787954.26, "distance": 2445.0, "angle": 148.81295017390576 }, "geometry": { "type": "Point", "coordinates": [ 539337.727913134265691, 787862.777547387871891 ] } },
{ "type": "Feature", "properties": { "Layer": "ABEOKUTA_SPECIAL_PRIME", "Linetype": null, "EntityHand": "239", "Text": "S", "AREA_DEL": "SPECIAL_PRIME", "polygon": null, "x": 538156.501, "y": 787954.26, "distance": 2450.0, "angle": 148.81295017390576 }, "geometry": { "type": "Point", "coordinates": [ 539340.317081454209983, 787858.500140765798278 ] } },
{ "type": "Feature", "properties": { "Layer": "ABEOKUTA_SPECIAL_PRIME", "Linetype": null, "EntityHand": "239", "Text": "S", "AREA_DEL": "SPECIAL_PRIME", "polygon": null, "x": 538156.501, "y": 787954.26, "distance": 2455.0, "angle": 148.81295017390576 }, "geometry": { "type": "Point", "coordinates": [ 539342.906249774154276, 787854.222734143724665 ] } },
{ "type": "Feature", "properties": { "Layer": "ABEOKUTA_SPECIAL_PRIME", "Linetype": null, "EntityHand": "239", "Text": "S", "AREA_DEL": "SPECIAL_PRIME", "polygon": null, "x": 538156.501, "y": 787954.26, "distance": 2460.0, "angle": 148.81295017390576 }, "geometry": { "type": "Point", "coordinates": [ 539345.495418094214983, 787849.945327521651052 ] } },
{ "type": "Feature", "properties": { "Layer": "ABEOKUTA_SPECIAL_PRIME", "Linetype": null, "EntityHand": "239", "Text": "S", "AREA_DEL": "SPECIAL_PRIME", "polygon": null, "x": 538156.501, "y": 787954.26, "distance": 2465.0, "angle": 148.81295017390576 }, "geometry": { "type": "Point", "coordinates": [ 539348.084586414159276, 787845.667920899577439 ] } },
{ "type": "Feature", "properties": { "Layer": "ABEOKUTA_SPECIAL_PRIME", "Linetype": null, "EntityHand": "239", "Text": "S", "AREA_DEL": "SPECIAL_PRIME", "polygon": null, "x": 538156.501, "y": 787954.26, "distance": 2470.0, "angle": 148.81295017390576 }, "geometry": { "type": "Point", "coordinates": [ 539350.673754734219983, 787841.390514277503826 ] } },
{ "type": "Feature", "properties": { "Layer": "ABEOKUTA_SPECIAL_PRIME", "Linetype": null, "EntityHand": "239", "Text": "S", "AREA_DEL": "SPECIAL_PRIME", "polygon": null, "x": 538156.501, "y": 787954.26, "distance": 2475.0, "angle": 148.81295017390576 }, "geometry": { "type": "Point", "coordinates": [ 539353.262923054164276, 787837.113107655313797 ] } },
{ "type": "Feature", "properties": { "Layer": "ABEOKUTA_SPECIAL_PRIME", "Linetype": null, "EntityHand": "239", "Text": "S", "AREA_DEL": "SPECIAL_PRIME", "polygon": null, "x": 538156.501, "y": 787954.26, "distance": 2480.0, "angle": 148.81295017390576 }, "geometry": { "type": "Point", "coordinates": [ 539355.852091374108568, 787832.835701033240184 ] } },
{ "type": "Feature", "properties": { "Layer": "ABEOKUTA_SPECIAL_PRIME", "Linetype": null, "EntityHand": "239", "Text": "S", "AREA_DEL": "SPECIAL_PRIME", "polygon": null, "x": 538156.501, "y": 787954.26, "distance": 2485.0, "angle": 148.81295017390576 }, "geometry": { "type": "Point", "coordinates": [ 539358.441259694169275, 787828.558294411166571 ] } },
{ "type": "Feature", "properties": { "Layer": "ABEOKUTA_SPECIAL_PRIME", "Linetype": null, "EntityHand": "239", "Text": "S", "AREA_DEL": "SPECIAL_PRIME", "polygon": null, "x": 538156.501, "y": 787954.26, "distance": 2490.0, "angle": 148.81295017390576 }, "geometry": { "type": "Point", "coordinates": [ 539361.030428014113568, 787824.280887789092958 ] } },
{ "type": "Feature", "properties": { "Layer": "ABEOKUTA_SPECIAL_PRIME", "Linetype": null, "EntityHand": "239", "Text": "S", "AREA_DEL": "SPECIAL_PRIME", "polygon": null, "x": 538156.501, "y": 787954.26, "distance": 2495.0, "angle": 148.81295017390576 }, "geometry": { "type": "Point", "coordinates": [ 539363.619596334174275, 787820.003481167019345 ] } },
{ "type": "Feature", "properties": { "Layer": "ABEOKUTA_SPECIAL_PRIME", "Linetype": null, "EntityHand": "239", "Text": "S", "AREA_DEL": "SPECIAL_PRIME", "polygon": null, "x": 538156.501, "y": 787954.26, "distance": 2500.0, "angle": 148.81295017390576 }, "geometry": { "type": "Point", "coordinates": [ 539366.208764654118568, 787815.726074544829316 ] } },
{ "type": "Feature", "properties": { "Layer": "ABEOKUTA_SPECIAL_PRIME", "Linetype": null, "EntityHand": "239", "Text": "S", "AREA_DEL": "SPECIAL_PRIME", "polygon": null, "x": 538156.501, "y": 787954.26, "distance": 2505.0, "angle": 148.81295017390576 }, "geometry": { "type": "Point", "coordinates": [ 539368.79793297406286, 787811.448667922755703 ] } },
{ "type": "Feature", "properties": { "Layer": "ABEOKUTA_SPECIAL_PRIME", "Linetype": null, "EntityHand": "239", "Text": "S", "AREA_DEL": "SPECIAL_PRIME", "polygon": null, "x": 538156.501, "y": 787954.26, "distance": 2510.0, "angle": 148.81295017390576 }, "geometry": { "type": "Point", "coordinates": [ 539371.387101294123568, 787807.17126130068209 ] } },
{ "type": "Feature", "properties": { "Layer": "ABEOKUTA_SPECIAL_PRIME", "Linetype": null, "EntityHand": "239", "Text": "S", "AREA_DEL": "SPECIAL_PRIME", "polygon": null, "x": 538156.501, "y": 787954.26, "distance": 2515.0, "angle": 148.81295017390576 }, "geometry": { "type": "Point", "coordinates": [ 539373.97626961406786, 787802.893854678608477 ] } },
{ "type": "Feature", "properties": { "Layer": "ABEOKUTA_SPECIAL_PRIME", "Linetype": null, "EntityHand": "239", "Text": "S", "AREA_DEL": "SPECIAL_PRIME", "polygon": null, "x": 538156.501, "y": 787954.26, "distance": 2520.0, "angle": 148.81295017390576 }, "geometry": { "type": "Point", "coordinates": [ 539376.565437934128568, 787798.616448056534864 ] } },
{ "type": "Feature", "properties": { "Layer": "ABEOKUTA_SPECIAL_PRIME", "Linetype": null, "EntityHand": "239", "Text": "S", "AREA_DEL": "SPECIAL_PRIME", "polygon": null, "x": 538156.501, "y": 787954.26, "distance": 2525.0, "angle": 148.81295017390576 }, "geometry": { "type": "Point", "coordinates": [ 539379.15460625407286, 787794.339041434344836 ] } },
{ "type": "Feature", "properties": { "Layer": "ABEOKUTA_SPECIAL_PRIME", "Linetype": null, "EntityHand": "239", "Text": "S", "AREA_DEL": "SPECIAL_PRIME", "polygon": null, "x": 538156.501, "y": 787954.26, "distance": 2530.0, "angle": 148.81295017390576 }, "geometry": { "type": "Point", "coordinates": [ 539381.743774574017152, 787790.061634812271222 ] } },
{ "type": "Feature", "properties": { "Layer": "ABEOKUTA_SPECIAL_PRIME", "Linetype": null, "EntityHand": "239", "Text": "S", "AREA_DEL": "SPECIAL_PRIME", "polygon": null, "x": 538156.501, "y": 787954.26, "distance": 2535.0, "angle": 148.81295017390576 }, "geometry": { "type": "Point", "coordinates": [ 539384.33294289407786, 787785.784228190197609 ] } },
{ "type": "Feature", "properties": { "Layer": "ABEOKUTA_SPECIAL_PRIME", "Linetype": null, "EntityHand": "239", "Text": "S", "AREA_DEL": "SPECIAL_PRIME", "polygon": null, "x": 538156.501, "y": 787954.26, "distance": 2540.0, "angle": 148.81295017390576 }, "geometry": { "type": "Point", "coordinates": [ 539386.922111214022152, 787781.506821568123996 ] } },
{ "type": "Feature", "properties": { "Layer": "ABEOKUTA_SPECIAL_PRIME", "Linetype": null, "EntityHand": "239", "Text": "S", "AREA_DEL": "SPECIAL_PRIME", "polygon": null, "x": 538156.501, "y": 787954.26, "distance": 2545.0, "angle": 148.81295017390576 }, "geometry": { "type": "Point", "coordinates": [ 539389.51127953408286, 787777.229414946050383 ] } },
{ "type": "Feature", "properties": { "Layer": "ABEOKUTA_SPECIAL_PRIME", "Linetype": null, "EntityHand": "239", "Text": "S", "AREA_DEL": "SPECIAL_PRIME", "polygon": null, "x": 538156.501, "y": 787954.26, "distance": 2550.0, "angle": 148.81295017390576 }, "geometry": { "type": "Point", "coordinates": [ 539392.100447854027152, 787772.952008323860355 ] } },
{ "type": "Feature", "properties": { "Layer": "ABEOKUTA_SPECIAL_PRIME", "Linetype": null, "EntityHand": "239", "Text": "S", "AREA_DEL": "SPECIAL_PRIME", "polygon": null, "x": 538156.501, "y": 787954.26, "distance": 2555.0, "angle": 148.81295017390576 }, "geometry": { "type": "Point", "coordinates": [ 539394.689616173971444, 787768.674601701786742 ] } },
{ "type": "Feature", "properties": { "Layer": "ABEOKUTA_SPECIAL_PRIME", "Linetype": null, "EntityHand": "239", "Text": "S", "AREA_DEL": "SPECIAL_PRIME", "polygon": null, "x": 538156.501, "y": 787954.26, "distance": 2560.0, "angle": 148.81295017390576 }, "geometry": { "type": "Point", "coordinates": [ 539397.278784494032152, 787764.397195079713129 ] } },
{ "type": "Feature", "properties": { "Layer": "ABEOKUTA_SPECIAL_PRIME", "Linetype": null, "EntityHand": "239", "Text": "S", "AREA_DEL": "SPECIAL_PRIME", "polygon": null, "x": 538156.501, "y": 787954.26, "distance": 2565.0, "angle": 148.81295017390576 }, "geometry": { "type": "Point", "coordinates": [ 539399.867952813976444, 787760.119788457639515 ] } },
{ "type": "Feature", "properties": { "Layer": "ABEOKUTA_SPECIAL_PRIME", "Linetype": null, "EntityHand": "239", "Text": "S", "AREA_DEL": "SPECIAL_PRIME", "polygon": null, "x": 538156.501, "y": 787954.26, "distance": 2570.0, "angle": 148.81295017390576 }, "geometry": { "type": "Point", "coordinates": [ 539402.457121134037152, 787755.842381835565902 ] } },
{ "type": "Feature", "properties": { "Layer": "ABEOKUTA_SPECIAL_PRIME", "Linetype": null, "EntityHand": "239", "Text": "S", "AREA_DEL": "SPECIAL_PRIME", "polygon": null, "x": 538156.501, "y": 787954.26, "distance": 2575.0, "angle": 148.81295017390576 }, "geometry": { "type": "Point", "coordinates": [ 539405.046289453981444, 787751.564975213375874 ] } },
{ "type": "Feature", "properties": { "Layer": "ABEOKUTA_SPECIAL_PRIME", "Linetype": null, "EntityHand": "239", "Text": "S", "AREA_DEL": "SPECIAL_PRIME", "polygon": null, "x": 538156.501, "y": 787954.26, "distance": 2580.0, "angle": 148.81295017390576 }, "geometry": { "type": "Point", "coordinates": [ 539407.635457773925737, 787747.287568591302261 ] } },
{ "type": "Feature", "properties": { "Layer": "ABEOKUTA_SPECIAL_PRIME", "Linetype": null, "EntityHand": "239", "Text": "S", "AREA_DEL": "SPECIAL_PRIME", "polygon": null, "x": 538156.501, "y": 787954.26, "distance": 2585.0, "angle": 148.81295017390576 }, "geometry": { "type": "Point", "coordinates": [ 539410.224626093986444, 787743.010161969228648 ] } },
{ "type": "Feature", "properties": { "Layer": "ABEOKUTA_SPECIAL_PRIME", "Linetype": null, "EntityHand": "239", "Text": "S", "AREA_DEL": "SPECIAL_PRIME", "polygon": null, "x": 538156.501, "y": 787954.26, "distance": 2590.0, "angle": 148.81295017390576 }, "geometry": { "type": "Point", "coordinates": [ 539412.813794413930736, 787738.732755347155035 ] } },
{ "type": "Feature", "properties": { "Layer": "ABEOKUTA_SPECIAL_PRIME", "Linetype": null, "EntityHand": "239", "Text": "S", "AREA_DEL": "SPECIAL_PRIME", "polygon": null, "x": 538156.501, "y": 787954.26, "distance": 2595.0, "angle": 148.81295017390576 }, "geometry": { "type": "Point", "coordinates": [ 539415.402962733991444, 787734.455348725081421 ] } },
{ "type": "Feature", "properties": { "Layer": "ABEOKUTA_SPECIAL_PRIME", "Linetype": null, "EntityHand": "239", "Text": "S", "AREA_DEL": "SPECIAL_PRIME", "polygon": null, "x": 538156.501, "y": 787954.26, "distance": 2600.0, "angle": 148.81295017390576 }, "geometry": { "type": "Point", "coordinates": [ 539417.992131053935736, 787730.177942102891393 ] } },
{ "type": "Feature", "properties": { "Layer": "ABEOKUTA_SPECIAL_PRIME", "Linetype": null, "EntityHand": "239", "Text": "S", "AREA_DEL": "SPECIAL_PRIME", "polygon": null, "x": 538156.501, "y": 787954.26, "distance": 2605.0, "angle": 148.81295017390576 }, "geometry": { "type": "Point", "coordinates": [ 539420.581299373880029, 787725.90053548081778 ] } },
{ "type": "Feature", "properties": { "Layer": "ABEOKUTA_SPECIAL_PRIME", "Linetype": null, "EntityHand": "239", "Text": "S", "AREA_DEL": "SPECIAL_PRIME", "polygon": null, "x": 538156.501, "y": 787954.26, "distance": 2610.0, "angle": 148.81295017390576 }, "geometry": { "type": "Point", "coordinates": [ 539423.170467693940736, 787721.623128858744167 ] } },
{ "type": "Feature", "properties": { "Layer": "ABEOKUTA_SPECIAL_PRIME", "Linetype": null, "EntityHand": "239", "Text": "S", "AREA_DEL": "SPECIAL_PRIME", "polygon": null, "x": 538156.501, "y": 787954.26, "distance": 2615.0, "angle": 148.81295017390576 }, "geometry": { "type": "Point", "coordinates": [ 539425.759636013885029, 787717.345722236670554 ] } },
{ "type": "Feature", "properties": { "Layer": "ABEOKUTA_SPECIAL_PRIME", "Linetype": null, "EntityHand": "239", "Text": "S", "AREA_DEL": "SPECIAL_PRIME", "polygon": null, "x": 538156.501, "y": 787954.26, "distance": 2620.0, "angle": 148.81295017390576 }, "geometry": { "type": "Point", "coordinates": [ 539428.348804333945736, 787713.068315614596941 ] } },
{ "type": "Feature", "properties": { "Layer": "ABEOKUTA_SPECIAL_PRIME", "Linetype": null, "EntityHand": "239", "Text": "S", "AREA_DEL": "SPECIAL_PRIME", "polygon": null, "x": 538156.501, "y": 787954.26, "distance": 2625.0, "angle": 148.81295017390576 }, "geometry": { "type": "Point", "coordinates": [ 539430.937972653890029, 787708.790908992406912 ] } },
{ "type": "Feature", "properties": { "Layer": "ABEOKUTA_SPECIAL_PRIME", "Linetype": null, "EntityHand": "239", "Text": "S", "AREA_DEL": "SPECIAL_PRIME", "polygon": null, "x": 538156.501, "y": 787954.26, "distance": 2630.0, "angle": 148.81295017390576 }, "geometry": { "type": "Point", "coordinates": [ 539433.527140973834321, 787704.513502370333299 ] } },
{ "type": "Feature", "properties": { "Layer": "ABEOKUTA_SPECIAL_PRIME", "Linetype": null, "EntityHand": "239", "Text": "S", "AREA_DEL": "SPECIAL_PRIME", "polygon": null, "x": 538156.501, "y": 787954.26, "distance": 2635.0, "angle": 148.81295017390576 }, "geometry": { "type": "Point", "coordinates": [ 539436.116309293895029, 787700.236095748259686 ] } },
{ "type": "Feature", "properties": { "Layer": "ABEOKUTA_SPECIAL_PRIME", "Linetype": null, "EntityHand": "239", "Text": "S", "AREA_DEL": "SPECIAL_PRIME", "polygon": null, "x": 538156.501, "y": 787954.26, "distance": 2640.0, "angle": 148.81295017390576 }, "geometry": { "type": "Point", "coordinates": [ 539438.705477613839321, 787695.958689126186073 ] } },
{ "type": "Feature", "properties": { "Layer": "ABEOKUTA_SPECIAL_PRIME", "Linetype": null, "EntityHand": "239", "Text": "S", "AREA_DEL": "SPECIAL_PRIME", "polygon": null, "x": 538156.501, "y": 787954.26, "distance": 2645.0, "angle": 148.81295017390576 }, "geometry": { "type": "Point", "coordinates": [ 539441.294645933900028, 787691.68128250411246 ] } },
{ "type": "Feature", "properties": { "Layer": "ABEOKUTA_SPECIAL_PRIME", "Linetype": null, "EntityHand": "239", "Text": "S", "AREA_DEL": "SPECIAL_PRIME", "polygon": null, "x": 538156.501, "y": 787954.26, "distance": 2650.0, "angle": 148.81295017390576 }, "geometry": { "type": "Point", "coordinates": [ 539443.883814253844321, 787687.403875881922431 ] } },
{ "type": "Feature", "properties": { "Layer": "ABEOKUTA_SPECIAL_PRIME", "Linetype": null, "EntityHand": "239", "Text": "S", "AREA_DEL": "SPECIAL_PRIME", "polygon": null, "x": 538156.501, "y": 787954.26, "distance": 2655.0, "angle": 148.81295017390576 }, "geometry": { "type": "Point", "coordinates": [ 539446.472982573788613, 787683.126469259848818 ] } },
{ "type": "Feature", "properties": { "Layer": "ABEOKUTA_SPECIAL_PRIME", "Linetype": null, "EntityHand": "239", "Text": "S", "AREA_DEL": "SPECIAL_PRIME", "polygon": null, "x": 538156.501, "y": 787954.26, "distance": 2660.0, "angle": 148.81295017390576 }, "geometry": { "type": "Point", "coordinates": [ 539449.062150893849321, 787678.849062637775205 ] } },
{ "type": "Feature", "properties": { "Layer": "ABEOKUTA_SPECIAL_PRIME", "Linetype": null, "EntityHand": "239", "Text": "S", "AREA_DEL": "SPECIAL_PRIME", "polygon": null, "x": 538156.501, "y": 787954.26, "distance": 2665.0, "angle": 148.81295017390576 }, "geometry": { "type": "Point", "coordinates": [ 539451.651319213793613, 787674.571656015701592 ] } },
{ "type": "Feature", "properties": { "Layer": "ABEOKUTA_SPECIAL_PRIME", "Linetype": null, "EntityHand": "239", "Text": "S", "AREA_DEL": "SPECIAL_PRIME", "polygon": null, "x": 538156.501, "y": 787954.26, "distance": 2670.0, "angle": 148.81295017390576 }, "geometry": { "type": "Point", "coordinates": [ 539454.240487533854321, 787670.294249393627979 ] } },
{ "type": "Feature", "properties": { "Layer": "ABEOKUTA_SPECIAL_PRIME", "Linetype": null, "EntityHand": "239", "Text": "S", "AREA_DEL": "SPECIAL_PRIME", "polygon": null, "x": 538156.501, "y": 787954.26, "distance": 2675.0, "angle": 148.81295017390576 }, "geometry": { "type": "Point", "coordinates": [ 539456.829655853798613, 787666.01684277143795 ] } },
{ "type": "Feature", "properties": { "Layer": "ABEOKUTA_SPECIAL_PRIME", "Linetype": null, "EntityHand": "239", "Text": "S", "AREA_DEL": "SPECIAL_PRIME", "polygon": null, "x": 538156.501, "y": 787954.26, "distance": 2680.0, "angle": 148.81295017390576 }, "geometry": { "type": "Point", "coordinates": [ 539459.418824173742905, 787661.739436149364337 ] } },
{ "type": "Feature", "properties": { "Layer": "ABEOKUTA_SPECIAL_PRIME", "Linetype": null, "EntityHand": "239", "Text": "S", "AREA_DEL": "SPECIAL_PRIME", "polygon": null, "x": 538156.501, "y": 787954.26, "distance": 2685.0, "angle": 148.81295017390576 }, "geometry": { "type": "Point", "coordinates": [ 539462.007992493803613, 787657.462029527290724 ] } },
{ "type": "Feature", "properties": { "Layer": "ABEOKUTA_SPECIAL_PRIME", "Linetype": null, "EntityHand": "239", "Text": "S", "AREA_DEL": "SPECIAL_PRIME", "polygon": null, "x": 538156.501, "y": 787954.26, "distance": 2690.0, "angle": 148.81295017390576 }, "geometry": { "type": "Point", "coordinates": [ 539464.597160813747905, 787653.184622905217111 ] } },
{ "type": "Feature", "properties": { "Layer": "ABEOKUTA_SPECIAL_PRIME", "Linetype": null, "EntityHand": "239", "Text": "S", "AREA_DEL": "SPECIAL_PRIME", "polygon": null, "x": 538156.501, "y": 787954.26, "distance": 2695.0, "angle": 148.81295017390576 }, "geometry": { "type": "Point", "coordinates": [ 539467.186329133808613, 787648.907216283143498 ] } },
{ "type": "Feature", "properties": { "Layer": "ABEOKUTA_SPECIAL_PRIME", "Linetype": null, "EntityHand": "239", "Text": "S", "AREA_DEL": "SPECIAL_PRIME", "polygon": null, "x": 538156.501, "y": 787954.26, "distance": 2700.0, "angle": 148.81295017390576 }, "geometry": { "type": "Point", "coordinates": [ 539469.775497453752905, 787644.62980966095347 ] } },
{ "type": "Feature", "properties": { "Layer": "ABEOKUTA_SPECIAL_PRIME", "Linetype": null, "EntityHand": "239", "Text": "S", "AREA_DEL": "SPECIAL_PRIME", "polygon": null, "x": 538156.501, "y": 787954.26, "distance": 2705.0, "angle": 148.81295017390576 }, "geometry": { "type": "Point", "coordinates": [ 539472.364665773697197, 787640.352403038879856 ] } },
{ "type": "Feature", "properties": { "Layer": "ABEOKUTA_SPECIAL_PRIME", "Linetype": null, "EntityHand": "239", "Text": "S", "AREA_DEL": "SPECIAL_PRIME", "polygon": null, "x": 538156.501, "y": 787954.26, "distance": 2710.0, "angle": 148.81295017390576 }, "geometry": { "type": "Point", "coordinates": [ 539474.953834093757905, 787636.074996416806243 ] } },
{ "type": "Feature", "properties": { "Layer": "ABEOKUTA_SPECIAL_PRIME", "Linetype": null, "EntityHand": "239", "Text": "S", "AREA_DEL": "SPECIAL_PRIME", "polygon": null, "x": 538156.501, "y": 787954.26, "distance": 2715.0, "angle": 150.31730962954973 }, "geometry": { "type": "Point", "coordinates": [ 539477.477472533704713, 787631.759090014267713 ] } },
{ "type": "Feature", "properties": { "Layer": "ABEOKUTA_SPECIAL_PRIME", "Linetype": null, "EntityHand": "239", "Text": "S", "AREA_DEL": "SPECIAL_PRIME", "polygon": null, "x": 538156.501, "y": 787954.26, "distance": 2720.0, "angle": 150.31730962954973 }, "geometry": { "type": "Point", "coordinates": [ 539479.953453651396558, 787627.415184225072153 ] } },
{ "type": "Feature", "properties": { "Layer": "ABEOKUTA_SPECIAL_PRIME", "Linetype": null, "EntityHand": "239", "Text": "S", "AREA_DEL": "SPECIAL_PRIME", "polygon": null, "x": 538156.501, "y": 787954.26, "distance": 2725.0, "angle": 150.31730962954973 }, "geometry": { "type": "Point", "coordinates": [ 539482.429434768971987, 787623.071278435993008 ] } },
{ "type": "Feature", "properties": { "Layer": "ABEOKUTA_SPECIAL_PRIME", "Linetype": null, "EntityHand": "239", "Text": "S", "AREA_DEL": "SPECIAL_PRIME", "polygon": null, "x": 538156.501, "y": 787954.26, "distance": 2730.0, "angle": 150.31730962954973 }, "geometry": { "type": "Point", "coordinates": [ 539484.905415886663832, 787618.727372646797448 ] } },
{ "type": "Feature", "properties": { "Layer": "ABEOKUTA_SPECIAL_PRIME", "Linetype": null, "EntityHand": "239", "Text": "S", "AREA_DEL": "SPECIAL_PRIME", "polygon": null, "x": 538156.501, "y": 787954.26, "distance": 2735.0, "angle": 150.31730962954973 }, "geometry": { "type": "Point", "coordinates": [ 539487.381397004355676, 787614.383466857718304 ] } },
{ "type": "Feature", "properties": { "Layer": "ABEOKUTA_SPECIAL_PRIME", "Linetype": null, "EntityHand": "239", "Text": "S", "AREA_DEL": "SPECIAL_PRIME", "polygon": null, "x": 538156.501, "y": 787954.26, "distance": 2740.0, "angle": 150.31730962954973 }, "geometry": { "type": "Point", "coordinates": [ 539489.857378122047521, 787610.039561068522744 ] } },
{ "type": "Feature", "properties": { "Layer": "ABEOKUTA_SPECIAL_PRIME", "Linetype": null, "EntityHand": "239", "Text": "S", "AREA_DEL": "SPECIAL_PRIME", "polygon": null, "x": 538156.501, "y": 787954.26, "distance": 2745.0, "angle": 150.31730962954973 }, "geometry": { "type": "Point", "coordinates": [ 539492.333359239739366, 787605.695655279443599 ] } },
{ "type": "Feature", "properties": { "Layer": "ABEOKUTA_SPECIAL_PRIME", "Linetype": null, "EntityHand": "239", "Text": "S", "AREA_DEL": "SPECIAL_PRIME", "polygon": null, "x": 538156.501, "y": 787954.26, "distance": 2750.0, "angle": 150.31730962954973 }, "geometry": { "type": "Point", "coordinates": [ 539494.809340357431211, 787601.351749490248039 ] } },
{ "type": "Feature", "properties": { "Layer": "ABEOKUTA_SPECIAL_PRIME", "Linetype": null, "EntityHand": "239", "Text": "S", "AREA_DEL": "SPECIAL_PRIME", "polygon": null, "x": 538156.501, "y": 787954.26, "distance": 2755.0, "angle": 150.31730962954973 }, "geometry": { "type": "Point", "coordinates": [ 539497.28532147500664, 787597.007843701168895 ] } },
{ "type": "Feature", "properties": { "Layer": "ABEOKUTA_SPECIAL_PRIME", "Linetype": null, "EntityHand": "239", "Text": "S", "AREA_DEL": "SPECIAL_PRIME", "polygon": null, "x": 538156.501, "y": 787954.26, "distance": 2760.0, "angle": 150.31730962954973 }, "geometry": { "type": "Point", "coordinates": [ 539499.761302592698485, 787592.663937911973335 ] } },
{ "type": "Feature", "properties": { "Layer": "ABEOKUTA_SPECIAL_PRIME", "Linetype": null, "EntityHand": "239", "Text": "S", "AREA_DEL": "SPECIAL_PRIME", "polygon": null, "x": 538156.501, "y": 787954.26, "distance": 2765.0, "angle": 150.31730962954973 }, "geometry": { "type": "Point", "coordinates": [ 539502.237283710390329, 787588.32003212289419 ] } },
{ "type": "Feature", "properties": { "Layer": "ABEOKUTA_SPECIAL_PRIME", "Linetype": null, "EntityHand": "239", "Text": "S", "AREA_DEL": "SPECIAL_PRIME", "polygon": null, "x": 538156.501, "y": 787954.26, "distance": 2770.0, "angle": 150.31730962954973 }, "geometry": { "type": "Point", "coordinates": [ 539504.713264828082174, 787583.97612633369863 ] } },
{ "type": "Feature", "properties": { "Layer": "ABEOKUTA_SPECIAL_PRIME", "Linetype": null, "EntityHand": "239", "Text": "S", "AREA_DEL": "SPECIAL_PRIME", "polygon": null, "x": 538156.501, "y": 787954.26, "distance": 2775.0, "angle": 150.31730962954973 }, "geometry": { "type": "Point", "coordinates": [ 539507.189245945774019, 787579.632220544619486 ] } },
{ "type": "Feature", "properties": { "Layer": "ABEOKUTA_SPECIAL_PRIME", "Linetype": null, "EntityHand": "239", "Text": "S", "AREA_DEL": "SPECIAL_PRIME", "polygon": null, "x": 538156.501, "y": 787954.26, "distance": 2780.0, "angle": 136.07064443966607 }, "geometry": { "type": "Point", "coordinates": [ 539510.621707948390394, 787576.004010705160908 ] } },
{ "type": "Feature", "properties": { "Layer": "ABEOKUTA_SPECIAL_PRIME", "Linetype": null, "EntityHand": "239", "Text": "S", "AREA_DEL": "SPECIAL_PRIME", "polygon": null, "x": 538156.501, "y": 787954.26, "distance": 2785.0, "angle": 136.07064443966607 }, "geometry": { "type": "Point", "coordinates": [ 539514.090562510653399, 787572.403031945810653 ] } },
{ "type": "Feature", "properties": { "Layer": "ABEOKUTA_SPECIAL_PRIME", "Linetype": null, "EntityHand": "239", "Text": "S", "AREA_DEL": "SPECIAL_PRIME", "polygon": null, "x": 538156.501, "y": 787954.26, "distance": 2790.0, "angle": 120.67830584772145 }, "geometry": { "type": "Point", "coordinates": [ 539517.575335112400353, 787568.822155143832788 ] } },
{ "type": "Feature", "properties": { "Layer": "ABEOKUTA_SPECIAL_PRIME", "Linetype": null, "EntityHand": "239", "Text": "S", "AREA_DEL": "SPECIAL_PRIME", "polygon": null, "x": 538156.501, "y": 787954.26, "distance": 2795.0, "angle": 120.67830584772145 }, "geometry": { "type": "Point", "coordinates": [ 539521.87556270766072, 787566.271068585454486 ] } },
{ "type": "Feature", "properties": { "Layer": "ABEOKUTA_SPECIAL_PRIME", "Linetype": null, "EntityHand": "239", "Text": "S", "AREA_DEL": "SPECIAL_PRIME", "polygon": null, "x": 538156.501, "y": 787954.26, "distance": 2800.0, "angle": 120.67830584772145 }, "geometry": { "type": "Point", "coordinates": [ 539526.175790302921087, 787563.719982026959769 ] } },
{ "type": "Feature", "properties": { "Layer": "ABEOKUTA_SPECIAL_PRIME", "Linetype": null, "EntityHand": "239", "Text": "S", "AREA_DEL": "SPECIAL_PRIME", "polygon": null, "x": 538156.501, "y": 787954.26, "distance": 2805.0, "angle": 120.67830584772145 }, "geometry": { "type": "Point", "coordinates": [ 539530.476017898297869, 787561.168895468581468 ] } },
{ "type": "Feature", "properties": { "Layer": "ABEOKUTA_SPECIAL_PRIME", "Linetype": null, "EntityHand": "239", "Text": "S", "AREA_DEL": "SPECIAL_PRIME", "polygon": null, "x": 538156.501, "y": 787954.26, "distance": 2810.0, "angle": 120.67830584772145 }, "geometry": { "type": "Point", "coordinates": [ 539534.776245493558235, 787558.617808910203166 ] } },
{ "type": "Feature", "properties": { "Layer": "ABEOKUTA_SPECIAL_PRIME", "Linetype": null, "EntityHand": "239", "Text": "S", "AREA_DEL": "SPECIAL_PRIME", "polygon": null, "x": 538156.501, "y": 787954.26, "distance": 2815.0, "angle": 120.67830584772145 }, "geometry": { "type": "Point", "coordinates": [ 539539.076473088935018, 787556.066722351708449 ] } },
{ "type": "Feature", "properties": { "Layer": "ABEOKUTA_SPECIAL_PRIME", "Linetype": null, "EntityHand": "239", "Text": "S", "AREA_DEL": "SPECIAL_PRIME", "polygon": null, "x": 538156.501, "y": 787954.26, "distance": 2820.0, "angle": 120.67830584772145 }, "geometry": { "type": "Point", "coordinates": [ 539543.376700684195384, 787553.515635793330148 ] } },
{ "type": "Feature", "properties": { "Layer": "ABEOKUTA_SPECIAL_PRIME", "Linetype": null, "EntityHand": "239", "Text": "S", "AREA_DEL": "SPECIAL_PRIME", "polygon": null, "x": 538156.501, "y": 787954.26, "distance": 2825.0, "angle": 120.67830584772145 }, "geometry": { "type": "Point", "coordinates": [ 539547.676928279455751, 787550.964549234835431 ] } },
{ "type": "Feature", "properties": { "Layer": "ABEOKUTA_SPECIAL_PRIME", "Linetype": null, "EntityHand": "239", "Text": "S", "AREA_DEL": "SPECIAL_PRIME", "polygon": null, "x": 538156.501, "y": 787954.26, "distance": 2830.0, "angle": 120.67830584772145 }, "geometry": { "type": "Point", "coordinates": [ 539551.977155874832533, 787548.413462676457129 ] } },
{ "type": "Feature", "properties": { "Layer": "ABEOKUTA_SPECIAL_PRIME", "Linetype": null, "EntityHand": "239", "Text": "S", "AREA_DEL": "SPECIAL_PRIME", "polygon": null, "x": 538156.501, "y": 787954.26, "distance": 2835.0, "angle": 120.67830584772145 }, "geometry": { "type": "Point", "coordinates": [ 539556.2773834700929, 787545.862376117962413 ] } },
{ "type": "Feature", "properties": { "Layer": "ABEOKUTA_SPECIAL_PRIME", "Linetype": null, "EntityHand": "239", "Text": "S", "AREA_DEL": "SPECIAL_PRIME", "polygon": null, "x": 538156.501, "y": 787954.26, "distance": 2840.0, "angle": 120.67830584772145 }, "geometry": { "type": "Point", "coordinates": [ 539560.577611065353267, 787543.311289559584111 ] } },
{ "type": "Feature", "properties": { "Layer": "ABEOKUTA_SPECIAL_PRIME", "Linetype": null, "EntityHand": "239", "Text": "S", "AREA_DEL": "SPECIAL_PRIME", "polygon": null, "x": 538156.501, "y": 787954.26, "distance": 2845.0, "angle": 120.67830584772145 }, "geometry": { "type": "Point", "coordinates": [ 539564.877838660730049, 787540.760203001089394 ] } },
{ "type": "Feature", "properties": { "Layer": "ABEOKUTA_SPECIAL_PRIME", "Linetype": null, "EntityHand": "239", "Text": "S", "AREA_DEL": "SPECIAL_PRIME", "polygon": null, "x": 538156.501, "y": 787954.26, "distance": 2850.0, "angle": 120.67830584772145 }, "geometry": { "type": "Point", "coordinates": [ 539569.178066255990416, 787538.209116442711093 ] } },
{ "type": "Feature", "properties": { "Layer": "ABEOKUTA_SPECIAL_PRIME", "Linetype": null, "EntityHand": "239", "Text": "S", "AREA_DEL": "SPECIAL_PRIME", "polygon": null, "x": 538156.501, "y": 787954.26, "distance": 2855.0, "angle": 120.67830584772145 }, "geometry": { "type": "Point", "coordinates": [ 539573.478293851250783, 787535.658029884332791 ] } },
{ "type": "Feature", "properties": { "Layer": "ABEOKUTA_SPECIAL_PRIME", "Linetype": null, "EntityHand": "239", "Text": "S", "AREA_DEL": "SPECIAL_PRIME", "polygon": null, "x": 538156.501, "y": 787954.26, "distance": 2860.0, "angle": 120.67830584772145 }, "geometry": { "type": "Point", "coordinates": [ 539577.778521446627565, 787533.106943325838074 ] } },
{ "type": "Feature", "properties": { "Layer": "ABEOKUTA_SPECIAL_PRIME", "Linetype": null, "EntityHand": "239", "Text": "S", "AREA_DEL": "SPECIAL_PRIME", "polygon": null, "x": 538156.501, "y": 787954.26, "distance": 2865.0, "angle": 120.67830584772145 }, "geometry": { "type": "Point", "coordinates": [ 539582.078749041887932, 787530.555856767459773 ] } },
{ "type": "Feature", "properties": { "Layer": "ABEOKUTA_SPECIAL_PRIME", "Linetype": null, "EntityHand": "239", "Text": "S", "AREA_DEL": "SPECIAL_PRIME", "polygon": null, "x": 538156.501, "y": 787954.26, "distance": 2870.0, "angle": 120.67830584772145 }, "geometry": { "type": "Point", "coordinates": [ 539586.378976637264714, 787528.004770208965056 ] } },
{ "type": "Feature", "properties": { "Layer": "ABEOKUTA_SPECIAL_PRIME", "Linetype": null, "EntityHand": "239", "Text": "S", "AREA_DEL": "SPECIAL_PRIME", "polygon": null, "x": 538156.501, "y": 787954.26, "distance": 2875.0, "angle": 120.67830584772145 }, "geometry": { "type": "Point", "coordinates": [ 539590.67920423252508, 787525.453683650586754 ] } },
{ "type": "Feature", "properties": { "Layer": "ABEOKUTA_SPECIAL_PRIME", "Linetype": null, "EntityHand": "239", "Text": "S", "AREA_DEL": "SPECIAL_PRIME", "polygon": null, "x": 538156.501, "y": 787954.26, "distance": 2880.0, "angle": 120.67830584772145 }, "geometry": { "type": "Point", "coordinates": [ 539594.979431827785447, 787522.902597092092037 ] } },
{ "type": "Feature", "properties": { "Layer": "ABEOKUTA_SPECIAL_PRIME", "Linetype": null, "EntityHand": "239", "Text": "S", "AREA_DEL": "SPECIAL_PRIME", "polygon": null, "x": 538156.501, "y": 787954.26, "distance": 2885.0, "angle": 120.67830584772145 }, "geometry": { "type": "Point", "coordinates": [ 539599.279659423162229, 787520.351510533713736 ] } },
{ "type": "Feature", "properties": { "Layer": "ABEOKUTA_SPECIAL_PRIME", "Linetype": null, "EntityHand": "239", "Text": "S", "AREA_DEL": "SPECIAL_PRIME", "polygon": null, "x": 538156.501, "y": 787954.26, "distance": 2890.0, "angle": 120.67830584772145 }, "geometry": { "type": "Point", "coordinates": [ 539603.579887018422596, 787517.800423975219019 ] } },
{ "type": "Feature", "properties": { "Layer": "ABEOKUTA_SPECIAL_PRIME", "Linetype": null, "EntityHand": "239", "Text": "S", "AREA_DEL": "SPECIAL_PRIME", "polygon": null, "x": 538156.501, "y": 787954.26, "distance": 2895.0, "angle": 120.67830584772145 }, "geometry": { "type": "Point", "coordinates": [ 539607.880114613682963, 787515.249337416840717 ] } },
{ "type": "Feature", "properties": { "Layer": "ABEOKUTA_SPECIAL_PRIME", "Linetype": null, "EntityHand": "239", "Text": "S", "AREA_DEL": "SPECIAL_PRIME", "polygon": null, "x": 538156.501, "y": 787954.26, "distance": 2900.0, "angle": 120.67830584772145 }, "geometry": { "type": "Point", "coordinates": [ 539612.180342209059745, 787512.698250858462416 ] } },
{ "type": "Feature", "properties": { "Layer": "ABEOKUTA_SPECIAL_PRIME", "Linetype": null, "EntityHand": "239", "Text": "S", "AREA_DEL": "SPECIAL_PRIME", "polygon": null, "x": 538156.501, "y": 787954.26, "distance": 2905.0, "angle": 120.67830584772145 }, "geometry": { "type": "Point", "coordinates": [ 539616.480569804320112, 787510.147164299967699 ] } },
{ "type": "Feature", "properties": { "Layer": "ABEOKUTA_SPECIAL_PRIME", "Linetype": null, "EntityHand": "239", "Text": "S", "AREA_DEL": "SPECIAL_PRIME", "polygon": null, "x": 538156.501, "y": 787954.26, "distance": 2910.0, "angle": 120.67830584772145 }, "geometry": { "type": "Point", "coordinates": [ 539620.780797399580479, 787507.596077741589397 ] } },
{ "type": "Feature", "properties": { "Layer": "ABEOKUTA_SPECIAL_PRIME", "Linetype": null, "EntityHand": "239", "Text": "S", "AREA_DEL": "SPECIAL_PRIME", "polygon": null, "x": 538156.501, "y": 787954.26, "distance": 2915.0, "angle": 120.67830584772145 }, "geometry": { "type": "Point", "coordinates": [ 539625.081024994957261, 787505.04499118309468 ] } },
{ "type": "Feature", "properties": { "Layer": "ABEOKUTA_SPECIAL_PRIME", "Linetype": null, "EntityHand": "239", "Text": "S", "AREA_DEL": "SPECIAL_PRIME", "polygon": null, "x": 538156.501, "y": 787954.26, "distance": 2920.0, "angle": 120.67830584772145 }, "geometry": { "type": "Point", "coordinates": [ 539629.381252590217628, 787502.493904624716379 ] } },
{ "type": "Feature", "properties": { "Layer": "ABEOKUTA_SPECIAL_PRIME", "Linetype": null, "EntityHand": "239", "Text": "S", "AREA_DEL": "SPECIAL_PRIME", "polygon": null, "x": 538156.501, "y": 787954.26, "distance": 2925.0, "angle": 120.67830584772145 }, "geometry": { "type": "Point", "coordinates": [ 539633.681480185477994, 787499.942818066221662 ] } },
{ "type": "Feature", "properties": { "Layer": "ABEOKUTA_SPECIAL_PRIME", "Linetype": null, "EntityHand": "239", "Text": "S", "AREA_DEL": "SPECIAL_PRIME", "polygon": null, "x": 538156.501, "y": 787954.26, "distance": 2930.0, "angle": 120.67830584772145 }, "geometry": { "type": "Point", "coordinates": [ 539637.981707780854777, 787497.39173150784336 ] } },
{ "type": "Feature", "properties": { "Layer": "ABEOKUTA_SPECIAL_PRIME", "Linetype": null, "EntityHand": "239", "Text": "S", "AREA_DEL": "SPECIAL_PRIME", "polygon": null, "x": 538156.501, "y": 787954.26, "distance": 2935.0, "angle": 120.67830584772145 }, "geometry": { "type": "Point", "coordinates": [ 539642.281935376115143, 787494.840644949348643 ] } },
{ "type": "Feature", "properties": { "Layer": "ABEOKUTA_SPECIAL_PRIME", "Linetype": null, "EntityHand": "239", "Text": "S", "AREA_DEL": "SPECIAL_PRIME", "polygon": null, "x": 538156.501, "y": 787954.26, "distance": 2940.0, "angle": 120.67830584772145 }, "geometry": { "type": "Point", "coordinates": [ 539646.582162971491925, 787492.289558390970342 ] } },
{ "type": "Feature", "properties": { "Layer": "ABEOKUTA_SPECIAL_PRIME", "Linetype": null, "EntityHand": "239", "Text": "S", "AREA_DEL": "SPECIAL_PRIME", "polygon": null, "x": 538156.501, "y": 787954.26, "distance": 2945.0, "angle": 120.67830584772145 }, "geometry": { "type": "Point", "coordinates": [ 539650.882390566752292, 787489.73847183259204 ] } },
{ "type": "Feature", "properties": { "Layer": "ABEOKUTA_SPECIAL_PRIME", "Linetype": null, "EntityHand": "239", "Text": "S", "AREA_DEL": "SPECIAL_PRIME", "polygon": null, "x": 538156.501, "y": 787954.26, "distance": 2950.0, "angle": 120.67830584772145 }, "geometry": { "type": "Point", "coordinates": [ 539655.182618162012659, 787487.187385274097323 ] } },
{ "type": "Feature", "properties": { "Layer": "ABEOKUTA_SPECIAL_PRIME", "Linetype": null, "EntityHand": "239", "Text": "S", "AREA_DEL": "SPECIAL_PRIME", "polygon": null, "x": 538156.501, "y": 787954.26, "distance": 2955.0, "angle": 120.67830584772145 }, "geometry": { "type": "Point", "coordinates": [ 539659.482845757389441, 787484.636298715719022 ] } },
{ "type": "Feature", "properties": { "Layer": "ABEOKUTA_SPECIAL_PRIME", "Linetype": null, "EntityHand": "239", "Text": "S", "AREA_DEL": "SPECIAL_PRIME", "polygon": null, "x": 538156.501, "y": 787954.26, "distance": 2960.0, "angle": 120.67830584772145 }, "geometry": { "type": "Point", "coordinates": [ 539663.783073352649808, 787482.085212157224305 ] } },
{ "type": "Feature", "properties": { "Layer": "ABEOKUTA_SPECIAL_PRIME", "Linetype": null, "EntityHand": "239", "Text": "S", "AREA_DEL": "SPECIAL_PRIME", "polygon": null, "x": 538156.501, "y": 787954.26, "distance": 2965.0, "angle": 120.67830584772145 }, "geometry": { "type": "Point", "coordinates": [ 539668.083300947910175, 787479.534125598846003 ] } },
{ "type": "Feature", "properties": { "Layer": "ABEOKUTA_SPECIAL_PRIME", "Linetype": null, "EntityHand": "239", "Text": "S", "AREA_DEL": "SPECIAL_PRIME", "polygon": null, "x": 538156.501, "y": 787954.26, "distance": 2970.0, "angle": 120.67830584772145 }, "geometry": { "type": "Point", "coordinates": [ 539672.383528543286957, 787476.983039040351287 ] } },
{ "type": "Feature", "properties": { "Layer": "ABEOKUTA_SPECIAL_PRIME", "Linetype": null, "EntityHand": "239", "Text": "S", "AREA_DEL": "SPECIAL_PRIME", "polygon": null, "x": 538156.501, "y": 787954.26, "distance": 2975.0, "angle": 120.67830584772145 }, "geometry": { "type": "Point", "coordinates": [ 539676.683756138547324, 787474.431952481972985 ] } },
{ "type": "Feature", "properties": { "Layer": "ABEOKUTA_SPECIAL_PRIME", "Linetype": null, "EntityHand": "239", "Text": "S", "AREA_DEL": "SPECIAL_PRIME", "polygon": null, "x": 538156.501, "y": 787954.26, "distance": 2980.0, "angle": 120.67830584772145 }, "geometry": { "type": "Point", "coordinates": [ 539680.98398373380769, 787471.880865923478268 ] } },
{ "type": "Feature", "properties": { "Layer": "ABEOKUTA_SPECIAL_PRIME", "Linetype": null, "EntityHand": "239", "Text": "S", "AREA_DEL": "SPECIAL_PRIME", "polygon": null, "x": 538156.501, "y": 787954.26, "distance": 2985.0, "angle": 120.67830584772145 }, "geometry": { "type": "Point", "coordinates": [ 539685.284211329184473, 787469.329779365099967 ] } },
{ "type": "Feature", "properties": { "Layer": "ABEOKUTA_SPECIAL_PRIME", "Linetype": null, "EntityHand": "239", "Text": "S", "AREA_DEL": "SPECIAL_PRIME", "polygon": null, "x": 538156.501, "y": 787954.26, "distance": 2990.0, "angle": 120.67830584772145 }, "geometry": { "type": "Point", "coordinates": [ 539689.584438924444839, 787466.778692806721665 ] } },
{ "type": "Feature", "properties": { "Layer": "ABEOKUTA_SPECIAL_PRIME", "Linetype": null, "EntityHand": "239", "Text": "S", "AREA_DEL": "SPECIAL_PRIME", "polygon": null, "x": 538156.501, "y": 787954.26, "distance": 2995.0, "angle": 120.67830584772145 }, "geometry": { "type": "Point", "coordinates": [ 539693.884666519705206, 787464.227606248226948 ] } },
{ "type": "Feature", "properties": { "Layer": "ABEOKUTA_SPECIAL_PRIME", "Linetype": null, "EntityHand": "239", "Text": "S", "AREA_DEL": "SPECIAL_PRIME", "polygon": null, "x": 538156.501, "y": 787954.26, "distance": 3000.0, "angle": 120.67830584772145 }, "geometry": { "type": "Point", "coordinates": [ 539698.184894115081988, 787461.676519689848647 ] } },
{ "type": "Feature", "properties": { "Layer": "ABEOKUTA_SPECIAL_PRIME", "Linetype": null, "EntityHand": "239", "Text": "S", "AREA_DEL": "SPECIAL_PRIME", "polygon": null, "x": 538156.501, "y": 787954.26, "distance": 3005.0, "angle": 120.67830584772145 }, "geometry": { "type": "Point", "coordinates": [ 539702.485121710342355, 787459.12543313135393 ] } },
{ "type": "Feature", "properties": { "Layer": "ABEOKUTA_SPECIAL_PRIME", "Linetype": null, "EntityHand": "239", "Text": "S", "AREA_DEL": "SPECIAL_PRIME", "polygon": null, "x": 538156.501, "y": 787954.26, "distance": 3010.0, "angle": 120.67830584772145 }, "geometry": { "type": "Point", "coordinates": [ 539706.785349305719137, 787456.574346572975628 ] } },
{ "type": "Feature", "properties": { "Layer": "ABEOKUTA_SPECIAL_PRIME", "Linetype": null, "EntityHand": "239", "Text": "S", "AREA_DEL": "SPECIAL_PRIME", "polygon": null, "x": 538156.501, "y": 787954.26, "distance": 3015.0, "angle": 120.67830584772145 }, "geometry": { "type": "Point", "coordinates": [ 539711.085576900979504, 787454.023260014480911 ] } },
{ "type": "Feature", "properties": { "Layer": "ABEOKUTA_SPECIAL_PRIME", "Linetype": null, "EntityHand": "239", "Text": "S", "AREA_DEL": "SPECIAL_PRIME", "polygon": null, "x": 538156.501, "y": 787954.26, "distance": 3020.0, "angle": 120.67830584772145 }, "geometry": { "type": "Point", "coordinates": [ 539715.385804496239871, 787451.47217345610261 ] } },
{ "type": "Feature", "properties": { "Layer": "ABEOKUTA_SPECIAL_PRIME", "Linetype": null, "EntityHand": "239", "Text": "S", "AREA_DEL": "SPECIAL_PRIME", "polygon": null, "x": 538156.501, "y": 787954.26, "distance": 3025.0, "angle": 120.67830584772145 }, "geometry": { "type": "Point", "coordinates": [ 539719.686032091616653, 787448.921086897607893 ] } },
{ "type": "Feature", "properties": { "Layer": "ABEOKUTA_SPECIAL_PRIME", "Linetype": null, "EntityHand": "239", "Text": "S", "AREA_DEL": "SPECIAL_PRIME", "polygon": null, "x": 538156.501, "y": 787954.26, "distance": 3030.0, "angle": 120.67830584772145 }, "geometry": { "type": "Point", "coordinates": [ 539723.98625968687702, 787446.370000339229591 ] } },
{ "type": "Feature", "properties": { "Layer": "ABEOKUTA_SPECIAL_PRIME", "Linetype": null, "EntityHand": "239", "Text": "S", "AREA_DEL": "SPECIAL_PRIME", "polygon": null, "x": 538156.501, "y": 787954.26, "distance": 3035.0, "angle": 120.67830584772145 }, "geometry": { "type": "Point", "coordinates": [ 539728.286487282137387, 787443.81891378085129 ] } },
{ "type": "Feature", "properties": { "Layer": "ABEOKUTA_SPECIAL_PRIME", "Linetype": null, "EntityHand": "239", "Text": "S", "AREA_DEL": "SPECIAL_PRIME", "polygon": null, "x": 538156.501, "y": 787954.26, "distance": 3040.0, "angle": 120.67830584772145 }, "geometry": { "type": "Point", "coordinates": [ 539732.586714877514169, 787441.267827222356573 ] } },
{ "type": "Feature", "properties": { "Layer": "ABEOKUTA_SPECIAL_PRIME", "Linetype": null, "EntityHand": "239", "Text": "S", "AREA_DEL": "SPECIAL_PRIME", "polygon": null, "x": 538156.501, "y": 787954.26, "distance": 3045.0, "angle": 120.67830584772145 }, "geometry": { "type": "Point", "coordinates": [ 539736.886942472774535, 787438.716740663978271 ] } },
{ "type": "Feature", "properties": { "Layer": "ABEOKUTA_SPECIAL_PRIME", "Linetype": null, "EntityHand": "239", "Text": "S", "AREA_DEL": "SPECIAL_PRIME", "polygon": null, "x": 538156.501, "y": 787954.26, "distance": 3050.0, "angle": 120.67830584772145 }, "geometry": { "type": "Point", "coordinates": [ 539741.187170068034902, 787436.165654105483554 ] } },
{ "type": "Feature", "properties": { "Layer": "ABEOKUTA_SPECIAL_PRIME", "Linetype": null, "EntityHand": "239", "Text": "S", "AREA_DEL": "SPECIAL_PRIME", "polygon": null, "x": 538156.501, "y": 787954.26, "distance": 3055.0, "angle": 120.67830584772145 }, "geometry": { "type": "Point", "coordinates": [ 539745.487397663411684, 787433.614567547105253 ] } },
{ "type": "Feature", "properties": { "Layer": "ABEOKUTA_SPECIAL_PRIME", "Linetype": null, "EntityHand": "239", "Text": "S", "AREA_DEL": "SPECIAL_PRIME", "polygon": null, "x": 538156.501, "y": 787954.26, "distance": 3060.0, "angle": 120.67830584772145 }, "geometry": { "type": "Point", "coordinates": [ 539749.787625258672051, 787431.063480988610536 ] } },
{ "type": "Feature", "properties": { "Layer": "ABEOKUTA_SPECIAL_PRIME", "Linetype": null, "EntityHand": "239", "Text": "S", "AREA_DEL": "SPECIAL_PRIME", "polygon": null, "x": 538156.501, "y": 787954.26, "distance": 3065.0, "angle": 120.67830584772145 }, "geometry": { "type": "Point", "coordinates": [ 539754.087852853932418, 787428.512394430232234 ] } },
{ "type": "Feature", "properties": { "Layer": "ABEOKUTA_SPECIAL_PRIME", "Linetype": null, "EntityHand": "239", "Text": "S", "AREA_DEL": "SPECIAL_PRIME", "polygon": null, "x": 538156.501, "y": 787954.26, "distance": 3070.0, "angle": 120.67830584772145 }, "geometry": { "type": "Point", "coordinates": [ 539758.3880804493092, 787425.961307871737517 ] } },
{ "type": "Feature", "properties": { "Layer": "ABEOKUTA_SPECIAL_PRIME", "Linetype": null, "EntityHand": "239", "Text": "S", "AREA_DEL": "SPECIAL_PRIME", "polygon": null, "x": 538156.501, "y": 787954.26, "distance": 3075.0, "angle": 120.67830584772145 }, "geometry": { "type": "Point", "coordinates": [ 539762.688308044569567, 787423.410221313359216 ] } },
{ "type": "Feature", "properties": { "Layer": "ABEOKUTA_SPECIAL_PRIME", "Linetype": null, "EntityHand": "239", "Text": "S", "AREA_DEL": "SPECIAL_PRIME", "polygon": null, "x": 538156.501, "y": 787954.26, "distance": 3080.0, "angle": 120.67830584772145 }, "geometry": { "type": "Point", "coordinates": [ 539766.988535639946349, 787420.859134754980914 ] } },
{ "type": "Feature", "properties": { "Layer": "ABEOKUTA_SPECIAL_PRIME", "Linetype": null, "EntityHand": "239", "Text": "S", "AREA_DEL": "SPECIAL_PRIME", "polygon": null, "x": 538156.501, "y": 787954.26, "distance": 3085.0, "angle": 120.67830584772145 }, "geometry": { "type": "Point", "coordinates": [ 539771.288763235206716, 787418.308048196486197 ] } },
{ "type": "Feature", "properties": { "Layer": "ABEOKUTA_SPECIAL_PRIME", "Linetype": null, "EntityHand": "239", "Text": "S", "AREA_DEL": "SPECIAL_PRIME", "polygon": null, "x": 538156.501, "y": 787954.26, "distance": 3090.0, "angle": 120.67830584772145 }, "geometry": { "type": "Point", "coordinates": [ 539775.588990830467083, 787415.756961638107896 ] } },
{ "type": "Feature", "properties": { "Layer": "ABEOKUTA_SPECIAL_PRIME", "Linetype": null, "EntityHand": "239", "Text": "S", "AREA_DEL": "SPECIAL_PRIME", "polygon": null, "x": 538156.501, "y": 787954.26, "distance": 3095.0, "angle": 120.67830584772145 }, "geometry": { "type": "Point", "coordinates": [ 539779.889218425843865, 787413.205875079613179 ] } },
{ "type": "Feature", "properties": { "Layer": "ABEOKUTA_SPECIAL_PRIME", "Linetype": null, "EntityHand": "239", "Text": "S", "AREA_DEL": "SPECIAL_PRIME", "polygon": null, "x": 538156.501, "y": 787954.26, "distance": 3100.0, "angle": 120.67830584772145 }, "geometry": { "type": "Point", "coordinates": [ 539784.189446021104231, 787410.654788521234877 ] } },
{ "type": "Feature", "properties": { "Layer": "ABEOKUTA_SPECIAL_PRIME", "Linetype": null, "EntityHand": "239", "Text": "S", "AREA_DEL": "SPECIAL_PRIME", "polygon": null, "x": 538156.501, "y": 787954.26, "distance": 3105.0, "angle": 120.67830584772145 }, "geometry": { "type": "Point", "coordinates": [ 539788.489673616364598, 787408.103701962740161 ] } },
{ "type": "Feature", "properties": { "Layer": "ABEOKUTA_SPECIAL_PRIME", "Linetype": null, "EntityHand": "239", "Text": "S", "AREA_DEL": "SPECIAL_PRIME", "polygon": null, "x": 538156.501, "y": 787954.26, "distance": 3110.0, "angle": 120.67830584772145 }, "geometry": { "type": "Point", "coordinates": [ 539792.78990121174138, 787405.552615404361859 ] } },
{ "type": "Feature", "properties": { "Layer": "ABEOKUTA_SPECIAL_PRIME", "Linetype": null, "EntityHand": "239", "Text": "S", "AREA_DEL": "SPECIAL_PRIME", "polygon": null, "x": 538156.501, "y": 787954.26, "distance": 3115.0, "angle": 120.67830584772145 }, "geometry": { "type": "Point", "coordinates": [ 539797.090128807001747, 787403.001528845867142 ] } },
{ "type": "Feature", "properties": { "Layer": "ABEOKUTA_SPECIAL_PRIME", "Linetype": null, "EntityHand": "239", "Text": "S", "AREA_DEL": "SPECIAL_PRIME", "polygon": null, "x": 538156.501, "y": 787954.26, "distance": 3120.0, "angle": 120.67830584772145 }, "geometry": { "type": "Point", "coordinates": [ 539801.390356402262114, 787400.450442287488841 ] } },
{ "type": "Feature", "properties": { "Layer": "ABEOKUTA_SPECIAL_PRIME", "Linetype": null, "EntityHand": "239", "Text": "S", "AREA_DEL": "SPECIAL_PRIME", "polygon": null, "x": 538156.501, "y": 787954.26, "distance": 3125.0, "angle": 208.03529471745802 }, "geometry": { "type": "Point", "coordinates": [ 539805.071080611902289, 787397.725883665960282 ] } },
{ "type": "Feature", "properties": { "Layer": "ABEOKUTA_SPECIAL_PRIME", "Linetype": null, "EntityHand": "239", "Text": "S", "AREA_DEL": "SPECIAL_PRIME", "polygon": null, "x": 538156.501, "y": 787954.26, "distance": 3130.0, "angle": 208.03529471745802 }, "geometry": { "type": "Point", "coordinates": [ 539802.721003725077026, 787393.312592532718554 ] } },
{ "type": "Feature", "properties": { "Layer": "ABEOKUTA_SPECIAL_PRIME", "Linetype": null, "EntityHand": "239", "Text": "S", "AREA_DEL": "SPECIAL_PRIME", "polygon": null, "x": 538156.501, "y": 787954.26, "distance": 3135.0, "angle": 208.03529471745802 }, "geometry": { "type": "Point", "coordinates": [ 539800.370926838251762, 787388.899301399593242 ] } },
{ "type": "Feature", "properties": { "Layer": "ABEOKUTA_SPECIAL_PRIME", "Linetype": null, "EntityHand": "239", "Text": "S", "AREA_DEL": "SPECIAL_PRIME", "polygon": null, "x": 538156.501, "y": 787954.26, "distance": 3140.0, "angle": 208.03529471745802 }, "geometry": { "type": "Point", "coordinates": [ 539798.020849951426499, 787384.486010266467929 ] } },
{ "type": "Feature", "properties": { "Layer": "ABEOKUTA_SPECIAL_PRIME", "Linetype": null, "EntityHand": "239", "Text": "S", "AREA_DEL": "SPECIAL_PRIME", "polygon": null, "x": 538156.501, "y": 787954.26, "distance": 3145.0, "angle": 208.03529471745802 }, "geometry": { "type": "Point", "coordinates": [ 539795.670773064601235, 787380.072719133342616 ] } },
{ "type": "Feature", "properties": { "Layer": "ABEOKUTA_SPECIAL_PRIME", "Linetype": null, "EntityHand": "239", "Text": "S", "AREA_DEL": "SPECIAL_PRIME", "polygon": null, "x": 538156.501, "y": 787954.26, "distance": 3150.0, "angle": 208.03529471745802 }, "geometry": { "type": "Point", "coordinates": [ 539793.320696177775972, 787375.659428000100888 ] } },
{ "type": "Feature", "properties": { "Layer": "ABEOKUTA_SPECIAL_PRIME", "Linetype": null, "EntityHand": "239", "Text": "S", "AREA_DEL": "SPECIAL_PRIME", "polygon": null, "x": 538156.501, "y": 787954.26, "distance": 3155.0, "angle": 208.03529471745802 }, "geometry": { "type": "Point", "coordinates": [ 539790.970619290950708, 787371.246136866975576 ] } },
{ "type": "Feature", "properties": { "Layer": "ABEOKUTA_SPECIAL_PRIME", "Linetype": null, "EntityHand": "239", "Text": "S", "AREA_DEL": "SPECIAL_PRIME", "polygon": null, "x": 538156.501, "y": 787954.26, "distance": 3160.0, "angle": 208.03529471745802 }, "geometry": { "type": "Point", "coordinates": [ 539788.620542404125445, 787366.832845733850263 ] } },
{ "type": "Feature", "properties": { "Layer": "ABEOKUTA_SPECIAL_PRIME", "Linetype": null, "EntityHand": "239", "Text": "S", "AREA_DEL": "SPECIAL_PRIME", "polygon": null, "x": 538156.501, "y": 787954.26, "distance": 3165.0, "angle": 208.03529471745802 }, "geometry": { "type": "Point", "coordinates": [ 539786.270465517300181, 787362.41955460072495 ] } },
{ "type": "Feature", "properties": { "Layer": "ABEOKUTA_SPECIAL_PRIME", "Linetype": null, "EntityHand": "239", "Text": "S", "AREA_DEL": "SPECIAL_PRIME", "polygon": null, "x": 538156.501, "y": 787954.26, "distance": 3170.0, "angle": 208.03529471745802 }, "geometry": { "type": "Point", "coordinates": [ 539783.920388630474918, 787358.006263467483222 ] } },
{ "type": "Feature", "properties": { "Layer": "ABEOKUTA_SPECIAL_PRIME", "Linetype": null, "EntityHand": "239", "Text": "S", "AREA_DEL": "SPECIAL_PRIME", "polygon": null, "x": 538156.501, "y": 787954.26, "distance": 3175.0, "angle": 208.03529471745802 }, "geometry": { "type": "Point", "coordinates": [ 539781.570311743649654, 787353.59297233435791 ] } },
{ "type": "Feature", "properties": { "Layer": "ABEOKUTA_SPECIAL_PRIME", "Linetype": null, "EntityHand": "239", "Text": "S", "AREA_DEL": "SPECIAL_PRIME", "polygon": null, "x": 538156.501, "y": 787954.26, "distance": 3180.0, "angle": 208.03529471745802 }, "geometry": { "type": "Point", "coordinates": [ 539779.220234856824391, 787349.179681201232597 ] } },
{ "type": "Feature", "properties": { "Layer": "ABEOKUTA_SPECIAL_PRIME", "Linetype": null, "EntityHand": "239", "Text": "S", "AREA_DEL": "SPECIAL_PRIME", "polygon": null, "x": 538156.501, "y": 787954.26, "distance": 3185.0, "angle": 208.03529471745802 }, "geometry": { "type": "Point", "coordinates": [ 539776.870157969999127, 787344.766390068107285 ] } },
{ "type": "Feature", "properties": { "Layer": "ABEOKUTA_SPECIAL_PRIME", "Linetype": null, "EntityHand": "239", "Text": "S", "AREA_DEL": "SPECIAL_PRIME", "polygon": null, "x": 538156.501, "y": 787954.26, "distance": 3190.0, "angle": 208.03529471745802 }, "geometry": { "type": "Point", "coordinates": [ 539774.520081083173864, 787340.353098934865557 ] } },
{ "type": "Feature", "properties": { "Layer": "ABEOKUTA_SPECIAL_PRIME", "Linetype": null, "EntityHand": "239", "Text": "S", "AREA_DEL": "SPECIAL_PRIME", "polygon": null, "x": 538156.501, "y": 787954.26, "distance": 3195.0, "angle": 208.03529471745802 }, "geometry": { "type": "Point", "coordinates": [ 539772.1700041963486, 787335.939807801740244 ] } },
{ "type": "Feature", "properties": { "Layer": "ABEOKUTA_SPECIAL_PRIME", "Linetype": null, "EntityHand": "239", "Text": "S", "AREA_DEL": "SPECIAL_PRIME", "polygon": null, "x": 538156.501, "y": 787954.26, "distance": 3200.0, "angle": 208.03529471745802 }, "geometry": { "type": "Point", "coordinates": [ 539769.819927309523337, 787331.526516668614931 ] } },
{ "type": "Feature", "properties": { "Layer": "ABEOKUTA_SPECIAL_PRIME", "Linetype": null, "EntityHand": "239", "Text": "S", "AREA_DEL": "SPECIAL_PRIME", "polygon": null, "x": 538156.501, "y": 787954.26, "distance": 3205.0, "angle": 208.03529471745802 }, "geometry": { "type": "Point", "coordinates": [ 539767.469850422698073, 787327.113225535373203 ] } },
{ "type": "Feature", "properties": { "Layer": "ABEOKUTA_SPECIAL_PRIME", "Linetype": null, "EntityHand": "239", "Text": "S", "AREA_DEL": "SPECIAL_PRIME", "polygon": null, "x": 538156.501, "y": 787954.26, "distance": 3210.0, "angle": 208.03529471745802 }, "geometry": { "type": "Point", "coordinates": [ 539765.11977353587281, 787322.699934402247891 ] } },
{ "type": "Feature", "properties": { "Layer": "ABEOKUTA_SPECIAL_PRIME", "Linetype": null, "EntityHand": "239", "Text": "S", "AREA_DEL": "SPECIAL_PRIME", "polygon": null, "x": 538156.501, "y": 787954.26, "distance": 3215.0, "angle": 208.03529471745802 }, "geometry": { "type": "Point", "coordinates": [ 539762.769696649047546, 787318.286643269122578 ] } },
{ "type": "Feature", "properties": { "Layer": "ABEOKUTA_SPECIAL_PRIME", "Linetype": null, "EntityHand": "239", "Text": "S", "AREA_DEL": "SPECIAL_PRIME", "polygon": null, "x": 538156.501, "y": 787954.26, "distance": 3220.0, "angle": 208.03529471745802 }, "geometry": { "type": "Point", "coordinates": [ 539760.419619762222283, 787313.873352135997266 ] } },
{ "type": "Feature", "properties": { "Layer": "ABEOKUTA_SPECIAL_PRIME", "Linetype": null, "EntityHand": "239", "Text": "S", "AREA_DEL": "SPECIAL_PRIME", "polygon": null, "x": 538156.501, "y": 787954.26, "distance": 3225.0, "angle": 208.03529471745802 }, "geometry": { "type": "Point", "coordinates": [ 539758.069542875397019, 787309.460061002755538 ] } },
{ "type": "Feature", "properties": { "Layer": "ABEOKUTA_SPECIAL_PRIME", "Linetype": null, "EntityHand": "239", "Text": "S", "AREA_DEL": "SPECIAL_PRIME", "polygon": null, "x": 538156.501, "y": 787954.26, "distance": 3230.0, "angle": 208.03529471745802 }, "geometry": { "type": "Point", "coordinates": [ 539755.719465988571756, 787305.046769869630225 ] } },
{ "type": "Feature", "properties": { "Layer": "ABEOKUTA_SPECIAL_PRIME", "Linetype": null, "EntityHand": "239", "Text": "S", "AREA_DEL": "SPECIAL_PRIME", "polygon": null, "x": 538156.501, "y": 787954.26, "distance": 3235.0, "angle": 208.03529471745802 }, "geometry": { "type": "Point", "coordinates": [ 539753.369389101746492, 787300.633478736504912 ] } },
{ "type": "Feature", "properties": { "Layer": "ABEOKUTA_SPECIAL_PRIME", "Linetype": null, "EntityHand": "239", "Text": "S", "AREA_DEL": "SPECIAL_PRIME", "polygon": null, "x": 538156.501, "y": 787954.26, "distance": 3240.0, "angle": 208.03529471745802 }, "geometry": { "type": "Point", "coordinates": [ 539751.019312214921229, 787296.2201876033796 ] } },
{ "type": "Feature", "properties": { "Layer": "ABEOKUTA_SPECIAL_PRIME", "Linetype": null, "EntityHand": "239", "Text": "S", "AREA_DEL": "SPECIAL_PRIME", "polygon": null, "x": 538156.501, "y": 787954.26, "distance": 3245.0, "angle": 208.03529471745802 }, "geometry": { "type": "Point", "coordinates": [ 539748.669235328095965, 787291.806896470137872 ] } },
{ "type": "Feature", "properties": { "Layer": "ABEOKUTA_SPECIAL_PRIME", "Linetype": null, "EntityHand": "239", "Text": "S", "AREA_DEL": "SPECIAL_PRIME", "polygon": null, "x": 538156.501, "y": 787954.26, "distance": 3250.0, "angle": 208.03529471745802 }, "geometry": { "type": "Point", "coordinates": [ 539746.319158441270702, 787287.393605337012559 ] } },
{ "type": "Feature", "properties": { "Layer": "ABEOKUTA_SPECIAL_PRIME", "Linetype": null, "EntityHand": "239", "Text": "S", "AREA_DEL": "SPECIAL_PRIME", "polygon": null, "x": 538156.501, "y": 787954.26, "distance": 3255.0, "angle": 208.03529471745802 }, "geometry": { "type": "Point", "coordinates": [ 539743.969081554445438, 787282.980314203887247 ] } },
{ "type": "Feature", "properties": { "Layer": "ABEOKUTA_SPECIAL_PRIME", "Linetype": null, "EntityHand": "239", "Text": "S", "AREA_DEL": "SPECIAL_PRIME", "polygon": null, "x": 538156.501, "y": 787954.26, "distance": 3260.0, "angle": 208.03529471745802 }, "geometry": { "type": "Point", "coordinates": [ 539741.619004667503759, 787278.567023070761934 ] } },
{ "type": "Feature", "properties": { "Layer": "ABEOKUTA_SPECIAL_PRIME", "Linetype": null, "EntityHand": "239", "Text": "S", "AREA_DEL": "SPECIAL_PRIME", "polygon": null, "x": 538156.501, "y": 787954.26, "distance": 3265.0, "angle": 208.03529471745802 }, "geometry": { "type": "Point", "coordinates": [ 539739.268927780678496, 787274.153731937520206 ] } },
{ "type": "Feature", "properties": { "Layer": "ABEOKUTA_SPECIAL_PRIME", "Linetype": null, "EntityHand": "239", "Text": "S", "AREA_DEL": "SPECIAL_PRIME", "polygon": null, "x": 538156.501, "y": 787954.26, "distance": 3270.0, "angle": 208.03529471745802 }, "geometry": { "type": "Point", "coordinates": [ 539736.918850893853232, 787269.740440804394893 ] } },
{ "type": "Feature", "properties": { "Layer": "ABEOKUTA_SPECIAL_PRIME", "Linetype": null, "EntityHand": "239", "Text": "S", "AREA_DEL": "SPECIAL_PRIME", "polygon": null, "x": 538156.501, "y": 787954.26, "distance": 3275.0, "angle": 208.03529471745802 }, "geometry": { "type": "Point", "coordinates": [ 539734.568774007027969, 787265.327149671269581 ] } },
{ "type": "Feature", "properties": { "Layer": "ABEOKUTA_SPECIAL_PRIME", "Linetype": null, "EntityHand": "239", "Text": "S", "AREA_DEL": "SPECIAL_PRIME", "polygon": null, "x": 538156.501, "y": 787954.26, "distance": 3280.0, "angle": 208.03529471745802 }, "geometry": { "type": "Point", "coordinates": [ 539732.218697120202705, 787260.913858538027853 ] } },
{ "type": "Feature", "properties": { "Layer": "ABEOKUTA_SPECIAL_PRIME", "Linetype": null, "EntityHand": "239", "Text": "S", "AREA_DEL": "SPECIAL_PRIME", "polygon": null, "x": 538156.501, "y": 787954.26, "distance": 3285.0, "angle": 208.03529471745802 }, "geometry": { "type": "Point", "coordinates": [ 539729.868620233377442, 787256.50056740490254 ] } },
{ "type": "Feature", "properties": { "Layer": "ABEOKUTA_SPECIAL_PRIME", "Linetype": null, "EntityHand": "239", "Text": "S", "AREA_DEL": "SPECIAL_PRIME", "polygon": null, "x": 538156.501, "y": 787954.26, "distance": 3290.0, "angle": 208.03529471745802 }, "geometry": { "type": "Point", "coordinates": [ 539727.518543346552178, 787252.087276271777228 ] } },
{ "type": "Feature", "properties": { "Layer": "ABEOKUTA_SPECIAL_PRIME", "Linetype": null, "EntityHand": "239", "Text": "S", "AREA_DEL": "SPECIAL_PRIME", "polygon": null, "x": 538156.501, "y": 787954.26, "distance": 3295.0, "angle": 208.03529471745802 }, "geometry": { "type": "Point", "coordinates": [ 539725.168466459726915, 787247.673985138651915 ] } },
{ "type": "Feature", "properties": { "Layer": "ABEOKUTA_SPECIAL_PRIME", "Linetype": null, "EntityHand": "239", "Text": "S", "AREA_DEL": "SPECIAL_PRIME", "polygon": null, "x": 538156.501, "y": 787954.26, "distance": 3300.0, "angle": 208.03529471745802 }, "geometry": { "type": "Point", "coordinates": [ 539722.818389572901651, 787243.260694005410187 ] } },
{ "type": "Feature", "properties": { "Layer": "ABEOKUTA_SPECIAL_PRIME", "Linetype": null, "EntityHand": "239", "Text": "S", "AREA_DEL": "SPECIAL_PRIME", "polygon": null, "x": 538156.501, "y": 787954.26, "distance": 3305.0, "angle": 208.03529471745802 }, "geometry": { "type": "Point", "coordinates": [ 539720.468312686076388, 787238.847402872284874 ] } },
{ "type": "Feature", "properties": { "Layer": "ABEOKUTA_SPECIAL_PRIME", "Linetype": null, "EntityHand": "239", "Text": "S", "AREA_DEL": "SPECIAL_PRIME", "polygon": null, "x": 538156.501, "y": 787954.26, "distance": 3310.0, "angle": 208.03529471745802 }, "geometry": { "type": "Point", "coordinates": [ 539718.118235799251124, 787234.434111739159562 ] } },
{ "type": "Feature", "properties": { "Layer": "ABEOKUTA_SPECIAL_PRIME", "Linetype": null, "EntityHand": "239", "Text": "S", "AREA_DEL": "SPECIAL_PRIME", "polygon": null, "x": 538156.501, "y": 787954.26, "distance": 3315.0, "angle": 208.03529471745802 }, "geometry": { "type": "Point", "coordinates": [ 539715.768158912425861, 787230.020820606034249 ] } },
{ "type": "Feature", "properties": { "Layer": "ABEOKUTA_SPECIAL_PRIME", "Linetype": null, "EntityHand": "239", "Text": "S", "AREA_DEL": "SPECIAL_PRIME", "polygon": null, "x": 538156.501, "y": 787954.26, "distance": 3320.0, "angle": 214.0946686607758 }, "geometry": { "type": "Point", "coordinates": [ 539713.360689331078902, 787225.642103135120124 ] } },
{ "type": "Feature", "properties": { "Layer": "ABEOKUTA_SPECIAL_PRIME", "Linetype": null, "EntityHand": "239", "Text": "S", "AREA_DEL": "SPECIAL_PRIME", "polygon": null, "x": 538156.501, "y": 787954.26, "distance": 3325.0, "angle": 214.0946686607758 }, "geometry": { "type": "Point", "coordinates": [ 539710.557879623025656, 787221.501540644327179 ] } },
{ "type": "Feature", "properties": { "Layer": "ABEOKUTA_SPECIAL_PRIME", "Linetype": null, "EntityHand": "239", "Text": "S", "AREA_DEL": "SPECIAL_PRIME", "polygon": null, "x": 538156.501, "y": 787954.26, "distance": 3330.0, "angle": 214.0946686607758 }, "geometry": { "type": "Point", "coordinates": [ 539707.755069915088825, 787217.360978153417818 ] } },
{ "type": "Feature", "properties": { "Layer": "ABEOKUTA_SPECIAL_PRIME", "Linetype": null, "EntityHand": "239", "Text": "S", "AREA_DEL": "SPECIAL_PRIME", "polygon": null, "x": 538156.501, "y": 787954.26, "distance": 3335.0, "angle": 214.0946686607758 }, "geometry": { "type": "Point", "coordinates": [ 539704.952260207035579, 787213.220415662508458 ] } },
{ "type": "Feature", "properties": { "Layer": "ABEOKUTA_SPECIAL_PRIME", "Linetype": null, "EntityHand": "239", "Text": "S", "AREA_DEL": "SPECIAL_PRIME", "polygon": null, "x": 538156.501, "y": 787954.26, "distance": 3340.0, "angle": 214.0946686607758 }, "geometry": { "type": "Point", "coordinates": [ 539702.149450498982333, 787209.079853171715513 ] } },
{ "type": "Feature", "properties": { "Layer": "ABEOKUTA_SPECIAL_PRIME", "Linetype": null, "EntityHand": "239", "Text": "S", "AREA_DEL": "SPECIAL_PRIME", "polygon": null, "x": 538156.501, "y": 787954.26, "distance": 3345.0, "angle": 214.0946686607758 }, "geometry": { "type": "Point", "coordinates": [ 539699.346640791045502, 787204.939290680806153 ] } },
{ "type": "Feature", "properties": { "Layer": "ABEOKUTA_SPECIAL_PRIME", "Linetype": null, "EntityHand": "239", "Text": "S", "AREA_DEL": "SPECIAL_PRIME", "polygon": null, "x": 538156.501, "y": 787954.26, "distance": 3350.0, "angle": 214.0946686607758 }, "geometry": { "type": "Point", "coordinates": [ 539696.543831082992256, 787200.798728190013207 ] } },
{ "type": "Feature", "properties": { "Layer": "ABEOKUTA_SPECIAL_PRIME", "Linetype": null, "EntityHand": "239", "Text": "S", "AREA_DEL": "SPECIAL_PRIME", "polygon": null, "x": 538156.501, "y": 787954.26, "distance": 3355.0, "angle": 214.0946686607758 }, "geometry": { "type": "Point", "coordinates": [ 539693.741021375055425, 787196.658165699103847 ] } },
{ "type": "Feature", "properties": { "Layer": "ABEOKUTA_SPECIAL_PRIME", "Linetype": null, "EntityHand": "239", "Text": "S", "AREA_DEL": "SPECIAL_PRIME", "polygon": null, "x": 538156.501, "y": 787954.26, "distance": 3360.0, "angle": 214.0946686607758 }, "geometry": { "type": "Point", "coordinates": [ 539690.938211667002179, 787192.517603208194487 ] } },
{ "type": "Feature", "properties": { "Layer": "ABEOKUTA_SPECIAL_PRIME", "Linetype": null, "EntityHand": "239", "Text": "S", "AREA_DEL": "SPECIAL_PRIME", "polygon": null, "x": 538156.501, "y": 787954.26, "distance": 3365.0, "angle": 214.0946686607758 }, "geometry": { "type": "Point", "coordinates": [ 539688.135401959065348, 787188.377040717401542 ] } },
{ "type": "Feature", "properties": { "Layer": "ABEOKUTA_SPECIAL_PRIME", "Linetype": null, "EntityHand": "239", "Text": "S", "AREA_DEL": "SPECIAL_PRIME", "polygon": null, "x": 538156.501, "y": 787954.26, "distance": 3370.0, "angle": 214.0946686607758 }, "geometry": { "type": "Point", "coordinates": [ 539685.332592251012102, 787184.236478226492181 ] } },
{ "type": "Feature", "properties": { "Layer": "ABEOKUTA_SPECIAL_PRIME", "Linetype": null, "EntityHand": "239", "Text": "S", "AREA_DEL": "SPECIAL_PRIME", "polygon": null, "x": 538156.501, "y": 787954.26, "distance": 3375.0, "angle": 214.0946686607758 }, "geometry": { "type": "Point", "coordinates": [ 539682.529782543075271, 787180.095915735699236 ] } },
{ "type": "Feature", "properties": { "Layer": "ABEOKUTA_SPECIAL_PRIME", "Linetype": null, "EntityHand": "239", "Text": "S", "AREA_DEL": "SPECIAL_PRIME", "polygon": null, "x": 538156.501, "y": 787954.26, "distance": 3380.0, "angle": 214.0946686607758 }, "geometry": { "type": "Point", "coordinates": [ 539679.726972835022025, 787175.955353244789876 ] } },
{ "type": "Feature", "properties": { "Layer": "ABEOKUTA_SPECIAL_PRIME", "Linetype": null, "EntityHand": "239", "Text": "S", "AREA_DEL": "SPECIAL_PRIME", "polygon": null, "x": 538156.501, "y": 787954.26, "distance": 3385.0, "angle": 214.0946686607758 }, "geometry": { "type": "Point", "coordinates": [ 539676.924163127085194, 787171.814790753880516 ] } },
{ "type": "Feature", "properties": { "Layer": "ABEOKUTA_SPECIAL_PRIME", "Linetype": null, "EntityHand": "239", "Text": "S", "AREA_DEL": "SPECIAL_PRIME", "polygon": null, "x": 538156.501, "y": 787954.26, "distance": 3390.0, "angle": 214.0946686607758 }, "geometry": { "type": "Point", "coordinates": [ 539674.121353419031948, 787167.674228263087571 ] } },
{ "type": "Feature", "properties": { "Layer": "ABEOKUTA_SPECIAL_PRIME", "Linetype": null, "EntityHand": "239", "Text": "S", "AREA_DEL": "SPECIAL_PRIME", "polygon": null, "x": 538156.501, "y": 787954.26, "distance": 3395.0, "angle": 214.0946686607758 }, "geometry": { "type": "Point", "coordinates": [ 539671.318543711095117, 787163.53366577217821 ] } },
{ "type": "Feature", "properties": { "Layer": "ABEOKUTA_SPECIAL_PRIME", "Linetype": null, "EntityHand": "239", "Text": "S", "AREA_DEL": "SPECIAL_PRIME", "polygon": null, "x": 538156.501, "y": 787954.26, "distance": 3400.0, "angle": 214.0946686607758 }, "geometry": { "type": "Point", "coordinates": [ 539668.515734003041871, 787159.39310328126885 ] } },
{ "type": "Feature", "properties": { "Layer": "ABEOKUTA_SPECIAL_PRIME", "Linetype": null, "EntityHand": "239", "Text": "S", "AREA_DEL": "SPECIAL_PRIME", "polygon": null, "x": 538156.501, "y": 787954.26, "distance": 3405.0, "angle": 214.0946686607758 }, "geometry": { "type": "Point", "coordinates": [ 539665.712924294988625, 787155.252540790475905 ] } },
{ "type": "Feature", "properties": { "Layer": "ABEOKUTA_SPECIAL_PRIME", "Linetype": null, "EntityHand": "239", "Text": "S", "AREA_DEL": "SPECIAL_PRIME", "polygon": null, "x": 538156.501, "y": 787954.26, "distance": 3410.0, "angle": 214.0946686607758 }, "geometry": { "type": "Point", "coordinates": [ 539662.910114587051794, 787151.111978299566545 ] } },
{ "type": "Feature", "properties": { "Layer": "ABEOKUTA_SPECIAL_PRIME", "Linetype": null, "EntityHand": "239", "Text": "S", "AREA_DEL": "SPECIAL_PRIME", "polygon": null, "x": 538156.501, "y": 787954.26, "distance": 3415.0, "angle": 214.0946686607758 }, "geometry": { "type": "Point", "coordinates": [ 539660.107304878998548, 787146.9714158087736 ] } },
{ "type": "Feature", "properties": { "Layer": "ABEOKUTA_SPECIAL_PRIME", "Linetype": null, "EntityHand": "239", "Text": "S", "AREA_DEL": "SPECIAL_PRIME", "polygon": null, "x": 538156.501, "y": 787954.26, "distance": 3420.0, "angle": 214.0946686607758 }, "geometry": { "type": "Point", "coordinates": [ 539657.304495171061717, 787142.830853317864239 ] } },
{ "type": "Feature", "properties": { "Layer": "ABEOKUTA_SPECIAL_PRIME", "Linetype": null, "EntityHand": "239", "Text": "S", "AREA_DEL": "SPECIAL_PRIME", "polygon": null, "x": 538156.501, "y": 787954.26, "distance": 3425.0, "angle": 214.0946686607758 }, "geometry": { "type": "Point", "coordinates": [ 539654.501685463008471, 787138.690290826954879 ] } },
{ "type": "Feature", "properties": { "Layer": "ABEOKUTA_SPECIAL_PRIME", "Linetype": null, "EntityHand": "239", "Text": "S", "AREA_DEL": "SPECIAL_PRIME", "polygon": null, "x": 538156.501, "y": 787954.26, "distance": 3430.0, "angle": 214.0946686607758 }, "geometry": { "type": "Point", "coordinates": [ 539651.69887575507164, 787134.549728336161934 ] } },
{ "type": "Feature", "properties": { "Layer": "ABEOKUTA_SPECIAL_PRIME", "Linetype": null, "EntityHand": "239", "Text": "S", "AREA_DEL": "SPECIAL_PRIME", "polygon": null, "x": 538156.501, "y": 787954.26, "distance": 3435.0, "angle": 214.0946686607758 }, "geometry": { "type": "Point", "coordinates": [ 539648.896066047018394, 787130.409165845252573 ] } },
{ "type": "Feature", "properties": { "Layer": "ABEOKUTA_SPECIAL_PRIME", "Linetype": null, "EntityHand": "239", "Text": "S", "AREA_DEL": "SPECIAL_PRIME", "polygon": null, "x": 538156.501, "y": 787954.26, "distance": 3440.0, "angle": 214.0946686607758 }, "geometry": { "type": "Point", "coordinates": [ 539646.093256339081563, 787126.268603354459628 ] } },
{ "type": "Feature", "properties": { "Layer": "ABEOKUTA_SPECIAL_PRIME", "Linetype": null, "EntityHand": "239", "Text": "S", "AREA_DEL": "SPECIAL_PRIME", "polygon": null, "x": 538156.501, "y": 787954.26, "distance": 3445.0, "angle": 214.0946686607758 }, "geometry": { "type": "Point", "coordinates": [ 539643.290446631028317, 787122.128040863550268 ] } },
{ "type": "Feature", "properties": { "Layer": "ABEOKUTA_SPECIAL_PRIME", "Linetype": null, "EntityHand": "239", "Text": "S", "AREA_DEL": "SPECIAL_PRIME", "polygon": null, "x": 538156.501, "y": 787954.26, "distance": 3450.0, "angle": 214.0946686607758 }, "geometry": { "type": "Point", "coordinates": [ 539640.487636923091486, 787117.987478372640908 ] } },
{ "type": "Feature", "properties": { "Layer": "ABEOKUTA_SPECIAL_PRIME", "Linetype": null, "EntityHand": "239", "Text": "S", "AREA_DEL": "SPECIAL_PRIME", "polygon": null, "x": 538156.501, "y": 787954.26, "distance": 3455.0, "angle": 214.0946686607758 }, "geometry": { "type": "Point", "coordinates": [ 539637.68482721503824, 787113.846915881847963 ] } },
{ "type": "Feature", "properties": { "Layer": "ABEOKUTA_SPECIAL_PRIME", "Linetype": null, "EntityHand": "239", "Text": "S", "AREA_DEL": "SPECIAL_PRIME", "polygon": null, "x": 538156.501, "y": 787954.26, "distance": 3460.0, "angle": 214.0946686607758 }, "geometry": { "type": "Point", "coordinates": [ 539634.882017506984994, 787109.706353390938602 ] } },
{ "type": "Feature", "properties": { "Layer": "ABEOKUTA_SPECIAL_PRIME", "Linetype": null, "EntityHand": "239", "Text": "S", "AREA_DEL": "SPECIAL_PRIME", "polygon": null, "x": 538156.501, "y": 787954.26, "distance": 3465.0, "angle": 214.0946686607758 }, "geometry": { "type": "Point", "coordinates": [ 539632.079207799048163, 787105.565790900145657 ] } },
{ "type": "Feature", "properties": { "Layer": "ABEOKUTA_SPECIAL_PRIME", "Linetype": null, "EntityHand": "239", "Text": "S", "AREA_DEL": "SPECIAL_PRIME", "polygon": null, "x": 538156.501, "y": 787954.26, "distance": 3470.0, "angle": 214.0946686607758 }, "geometry": { "type": "Point", "coordinates": [ 539629.276398090994917, 787101.425228409236297 ] } },
{ "type": "Feature", "properties": { "Layer": "ABEOKUTA_SPECIAL_PRIME", "Linetype": null, "EntityHand": "239", "Text": "S", "AREA_DEL": "SPECIAL_PRIME", "polygon": null, "x": 538156.501, "y": 787954.26, "distance": 3475.0, "angle": 214.0946686607758 }, "geometry": { "type": "Point", "coordinates": [ 539626.473588383058086, 787097.284665918326937 ] } },
{ "type": "Feature", "properties": { "Layer": "ABEOKUTA_SPECIAL_PRIME", "Linetype": null, "EntityHand": "239", "Text": "S", "AREA_DEL": "SPECIAL_PRIME", "polygon": null, "x": 538156.501, "y": 787954.26, "distance": 3480.0, "angle": 214.0946686607758 }, "geometry": { "type": "Point", "coordinates": [ 539623.67077867500484, 787093.144103427533992 ] } },
{ "type": "Feature", "properties": { "Layer": "ABEOKUTA_SPECIAL_PRIME", "Linetype": null, "EntityHand": "239", "Text": "S", "AREA_DEL": "SPECIAL_PRIME", "polygon": null, "x": 538156.501, "y": 787954.26, "distance": 3485.0, "angle": 214.0946686607758 }, "geometry": { "type": "Point", "coordinates": [ 539620.867968967068009, 787089.003540936624631 ] } },
{ "type": "Feature", "properties": { "Layer": "ABEOKUTA_SPECIAL_PRIME", "Linetype": null, "EntityHand": "239", "Text": "S", "AREA_DEL": "SPECIAL_PRIME", "polygon": null, "x": 538156.501, "y": 787954.26, "distance": 3490.0, "angle": 214.0946686607758 }, "geometry": { "type": "Point", "coordinates": [ 539618.065159259014763, 787084.862978445831686 ] } },
{ "type": "Feature", "properties": { "Layer": "ABEOKUTA_SPECIAL_PRIME", "Linetype": null, "EntityHand": "239", "Text": "S", "AREA_DEL": "SPECIAL_PRIME", "polygon": null, "x": 538156.501, "y": 787954.26, "distance": 3495.0, "angle": 214.0946686607758 }, "geometry": { "type": "Point", "coordinates": [ 539615.262349551077932, 787080.722415954922326 ] } },
{ "type": "Feature", "properties": { "Layer": "ABEOKUTA_SPECIAL_PRIME", "Linetype": null, "EntityHand": "239", "Text": "S", "AREA_DEL": "SPECIAL_PRIME", "polygon": null, "x": 538156.501, "y": 787954.26, "distance": 3500.0, "angle": 214.0946686607758 }, "geometry": { "type": "Point", "coordinates": [ 539612.459539843024686, 787076.581853464012966 ] } },
{ "type": "Feature", "properties": { "Layer": "ABEOKUTA_SPECIAL_PRIME", "Linetype": null, "EntityHand": "239", "Text": "S", "AREA_DEL": "SPECIAL_PRIME", "polygon": null, "x": 538156.501, "y": 787954.26, "distance": 3505.0, "angle": 214.0946686607758 }, "geometry": { "type": "Point", "coordinates": [ 539609.656730135087855, 787072.441290973220021 ] } },
{ "type": "Feature", "properties": { "Layer": "ABEOKUTA_SPECIAL_PRIME", "Linetype": null, "EntityHand": "239", "Text": "S", "AREA_DEL": "SPECIAL_PRIME", "polygon": null, "x": 538156.501, "y": 787954.26, "distance": 3510.0, "angle": 214.0946686607758 }, "geometry": { "type": "Point", "coordinates": [ 539606.853920427034609, 787068.30072848231066 ] } },
{ "type": "Feature", "properties": { "Layer": "ABEOKUTA_SPECIAL_PRIME", "Linetype": null, "EntityHand": "239", "Text": "S", "AREA_DEL": "SPECIAL_PRIME", "polygon": null, "x": 538156.501, "y": 787954.26, "distance": 3515.0, "angle": 214.0946686607758 }, "geometry": { "type": "Point", "coordinates": [ 539604.051110719097778, 787064.160165991517715 ] } },
{ "type": "Feature", "properties": { "Layer": "ABEOKUTA_SPECIAL_PRIME", "Linetype": null, "EntityHand": "239", "Text": "S", "AREA_DEL": "SPECIAL_PRIME", "polygon": null, "x": 538156.501, "y": 787954.26, "distance": 3520.0, "angle": 214.0946686607758 }, "geometry": { "type": "Point", "coordinates": [ 539601.248301011044532, 787060.019603500608355 ] } },
{ "type": "Feature", "properties": { "Layer": "ABEOKUTA_SPECIAL_PRIME", "Linetype": null, "EntityHand": "239", "Text": "S", "AREA_DEL": "SPECIAL_PRIME", "polygon": null, "x": 538156.501, "y": 787954.26, "distance": 3525.0, "angle": 214.0946686607758 }, "geometry": { "type": "Point", "coordinates": [ 539598.445491302991286, 787055.879041009698994 ] } },
{ "type": "Feature", "properties": { "Layer": "ABEOKUTA_SPECIAL_PRIME", "Linetype": null, "EntityHand": "239", "Text": "S", "AREA_DEL": "SPECIAL_PRIME", "polygon": null, "x": 538156.501, "y": 787954.26, "distance": 3530.0, "angle": 214.0946686607758 }, "geometry": { "type": "Point", "coordinates": [ 539595.642681595054455, 787051.738478518906049 ] } },
{ "type": "Feature", "properties": { "Layer": "ABEOKUTA_SPECIAL_PRIME", "Linetype": null, "EntityHand": "239", "Text": "S", "AREA_DEL": "SPECIAL_PRIME", "polygon": null, "x": 538156.501, "y": 787954.26, "distance": 3535.0, "angle": 214.0946686607758 }, "geometry": { "type": "Point", "coordinates": [ 539592.839871887001209, 787047.597916027996689 ] } },
{ "type": "Feature", "properties": { "Layer": "ABEOKUTA_SPECIAL_PRIME", "Linetype": null, "EntityHand": "239", "Text": "S", "AREA_DEL": "SPECIAL_PRIME", "polygon": null, "x": 538156.501, "y": 787954.26, "distance": 3540.0, "angle": 214.0946686607758 }, "geometry": { "type": "Point", "coordinates": [ 539590.037062179064378, 787043.457353537203744 ] } },
{ "type": "Feature", "properties": { "Layer": "ABEOKUTA_SPECIAL_PRIME", "Linetype": null, "EntityHand": "239", "Text": "S", "AREA_DEL": "SPECIAL_PRIME", "polygon": null, "x": 538156.501, "y": 787954.26, "distance": 3545.0, "angle": 214.0946686607758 }, "geometry": { "type": "Point", "coordinates": [ 539587.234252471011132, 787039.316791046294384 ] } },
{ "type": "Feature", "properties": { "Layer": "ABEOKUTA_SPECIAL_PRIME", "Linetype": null, "EntityHand": "239", "Text": "S", "AREA_DEL": "SPECIAL_PRIME", "polygon": null, "x": 538156.501, "y": 787954.26, "distance": 3550.0, "angle": 214.0946686607758 }, "geometry": { "type": "Point", "coordinates": [ 539584.431442763074301, 787035.176228555385023 ] } },
{ "type": "Feature", "properties": { "Layer": "ABEOKUTA_SPECIAL_PRIME", "Linetype": null, "EntityHand": "239", "Text": "S", "AREA_DEL": "SPECIAL_PRIME", "polygon": null, "x": 538156.501, "y": 787954.26, "distance": 3555.0, "angle": 214.0946686607758 }, "geometry": { "type": "Point", "coordinates": [ 539581.628633055021055, 787031.035666064592078 ] } },
{ "type": "Feature", "properties": { "Layer": "ABEOKUTA_SPECIAL_PRIME", "Linetype": null, "EntityHand": "239", "Text": "S", "AREA_DEL": "SPECIAL_PRIME", "polygon": null, "x": 538156.501, "y": 787954.26, "distance": 3560.0, "angle": 214.0946686607758 }, "geometry": { "type": "Point", "coordinates": [ 539578.825823347084224, 787026.895103573682718 ] } },
{ "type": "Feature", "properties": { "Layer": "ABEOKUTA_SPECIAL_PRIME", "Linetype": null, "EntityHand": "239", "Text": "S", "AREA_DEL": "SPECIAL_PRIME", "polygon": null, "x": 538156.501, "y": 787954.26, "distance": 3565.0, "angle": 214.0946686607758 }, "geometry": { "type": "Point", "coordinates": [ 539576.023013639030978, 787022.754541082889773 ] } },
{ "type": "Feature", "properties": { "Layer": "ABEOKUTA_SPECIAL_PRIME", "Linetype": null, "EntityHand": "239", "Text": "S", "AREA_DEL": "SPECIAL_PRIME", "polygon": null, "x": 538156.501, "y": 787954.26, "distance": 3570.0, "angle": 214.0946686607758 }, "geometry": { "type": "Point", "coordinates": [ 539573.220203931094147, 787018.613978591980413 ] } },
{ "type": "Feature", "properties": { "Layer": "ABEOKUTA_SPECIAL_PRIME", "Linetype": null, "EntityHand": "239", "Text": "S", "AREA_DEL": "SPECIAL_PRIME", "polygon": null, "x": 538156.501, "y": 787954.26, "distance": 3575.0, "angle": 214.0946686607758 }, "geometry": { "type": "Point", "coordinates": [ 539570.417394223040901, 787014.473416101071052 ] } },
{ "type": "Feature", "properties": { "Layer": "ABEOKUTA_SPECIAL_PRIME", "Linetype": null, "EntityHand": "239", "Text": "S", "AREA_DEL": "SPECIAL_PRIME", "polygon": null, "x": 538156.501, "y": 787954.26, "distance": 3580.0, "angle": 214.0946686607758 }, "geometry": { "type": "Point", "coordinates": [ 539567.61458451510407, 787010.332853610278107 ] } },
{ "type": "Feature", "properties": { "Layer": "ABEOKUTA_SPECIAL_PRIME", "Linetype": null, "EntityHand": "239", "Text": "S", "AREA_DEL": "SPECIAL_PRIME", "polygon": null, "x": 538156.501, "y": 787954.26, "distance": 3585.0, "angle": 214.0946686607758 }, "geometry": { "type": "Point", "coordinates": [ 539564.811774807050824, 787006.192291119368747 ] } },
{ "type": "Feature", "properties": { "Layer": "ABEOKUTA_SPECIAL_PRIME", "Linetype": null, "EntityHand": "239", "Text": "S", "AREA_DEL": "SPECIAL_PRIME", "polygon": null, "x": 538156.501, "y": 787954.26, "distance": 3590.0, "angle": 214.0946686607758 }, "geometry": { "type": "Point", "coordinates": [ 539562.008965098997578, 787002.051728628575802 ] } },
{ "type": "Feature", "properties": { "Layer": "ABEOKUTA_SPECIAL_PRIME", "Linetype": null, "EntityHand": "239", "Text": "S", "AREA_DEL": "SPECIAL_PRIME", "polygon": null, "x": 538156.501, "y": 787954.26, "distance": 3595.0, "angle": 214.0946686607758 }, "geometry": { "type": "Point", "coordinates": [ 539559.206155391060747, 786997.911166137666442 ] } },
{ "type": "Feature", "properties": { "Layer": "ABEOKUTA_SPECIAL_PRIME", "Linetype": null, "EntityHand": "239", "Text": "S", "AREA_DEL": "SPECIAL_PRIME", "polygon": null, "x": 538156.501, "y": 787954.26, "distance": 3600.0, "angle": 214.0946686607758 }, "geometry": { "type": "Point", "coordinates": [ 539556.403345683007501, 786993.770603646757081 ] } },
{ "type": "Feature", "properties": { "Layer": "ABEOKUTA_SPECIAL_PRIME", "Linetype": null, "EntityHand": "239", "Text": "S", "AREA_DEL": "SPECIAL_PRIME", "polygon": null, "x": 538156.501, "y": 787954.26, "distance": 3605.0, "angle": 214.0946686607758 }, "geometry": { "type": "Point", "coordinates": [ 539553.60053597507067, 786989.630041155964136 ] } },
{ "type": "Feature", "properties": { "Layer": "ABEOKUTA_SPECIAL_PRIME", "Linetype": null, "EntityHand": "239", "Text": "S", "AREA_DEL": "SPECIAL_PRIME", "polygon": null, "x": 538156.501, "y": 787954.26, "distance": 3610.0, "angle": 242.57429835134917 }, "geometry": { "type": "Point", "coordinates": [ 539550.684965171152726, 786985.616192405461334 ] } },
{ "type": "Feature", "properties": { "Layer": "ABEOKUTA_SPECIAL_PRIME", "Linetype": null, "EntityHand": "239", "Text": "S", "AREA_DEL": "SPECIAL_PRIME", "polygon": null, "x": 538156.501, "y": 787954.26, "distance": 3615.0, "angle": 242.57429835134917 }, "geometry": { "type": "Point", "coordinates": [ 539546.246920870500617, 786983.313202439108863 ] } },
{ "type": "Feature", "properties": { "Layer": "ABEOKUTA_SPECIAL_PRIME", "Linetype": null, "EntityHand": "239", "Text": "S", "AREA_DEL": "SPECIAL_PRIME", "polygon": null, "x": 538156.501, "y": 787954.26, "distance": 3620.0, "angle": 242.57429835134917 }, "geometry": { "type": "Point", "coordinates": [ 539541.808876569732092, 786981.010212472756393 ] } },
{ "type": "Feature", "properties": { "Layer": "ABEOKUTA_SPECIAL_PRIME", "Linetype": null, "EntityHand": "239", "Text": "S", "AREA_DEL": "SPECIAL_PRIME", "polygon": null, "x": 538156.501, "y": 787954.26, "distance": 3625.0, "angle": 242.57429835134917 }, "geometry": { "type": "Point", "coordinates": [ 539537.370832269079983, 786978.707222506403923 ] } },
{ "type": "Feature", "properties": { "Layer": "ABEOKUTA_SPECIAL_PRIME", "Linetype": null, "EntityHand": "239", "Text": "S", "AREA_DEL": "SPECIAL_PRIME", "polygon": null, "x": 538156.501, "y": 787954.26, "distance": 3630.0, "angle": 242.57429835134917 }, "geometry": { "type": "Point", "coordinates": [ 539532.932787968427874, 786976.404232540051453 ] } },
{ "type": "Feature", "properties": { "Layer": "ABEOKUTA_SPECIAL_PRIME", "Linetype": null, "EntityHand": "239", "Text": "S", "AREA_DEL": "SPECIAL_PRIME", "polygon": null, "x": 538156.501, "y": 787954.26, "distance": 3635.0, "angle": 242.57429835134917 }, "geometry": { "type": "Point", "coordinates": [ 539528.49474366765935, 786974.101242573815398 ] } },
{ "type": "Feature", "properties": { "Layer": "ABEOKUTA_SPECIAL_PRIME", "Linetype": null, "EntityHand": "239", "Text": "S", "AREA_DEL": "SPECIAL_PRIME", "polygon": null, "x": 538156.501, "y": 787954.26, "distance": 3640.0, "angle": 242.57429835134917 }, "geometry": { "type": "Point", "coordinates": [ 539524.056699367007241, 786971.798252607462928 ] } },
{ "type": "Feature", "properties": { "Layer": "ABEOKUTA_SPECIAL_PRIME", "Linetype": null, "EntityHand": "239", "Text": "S", "AREA_DEL": "SPECIAL_PRIME", "polygon": null, "x": 538156.501, "y": 787954.26, "distance": 3645.0, "angle": 242.57429835134917 }, "geometry": { "type": "Point", "coordinates": [ 539519.618655066238716, 786969.495262641110457 ] } },
{ "type": "Feature", "properties": { "Layer": "ABEOKUTA_SPECIAL_PRIME", "Linetype": null, "EntityHand": "239", "Text": "S", "AREA_DEL": "SPECIAL_PRIME", "polygon": null, "x": 538156.501, "y": 787954.26, "distance": 3650.0, "angle": 242.57429835134917 }, "geometry": { "type": "Point", "coordinates": [ 539515.180610765586607, 786967.192272674757987 ] } },
{ "type": "Feature", "properties": { "Layer": "ABEOKUTA_SPECIAL_PRIME", "Linetype": null, "EntityHand": "239", "Text": "S", "AREA_DEL": "SPECIAL_PRIME", "polygon": null, "x": 538156.501, "y": 787954.26, "distance": 3655.0, "angle": 242.57429835134917 }, "geometry": { "type": "Point", "coordinates": [ 539510.742566464934498, 786964.889282708405517 ] } },
{ "type": "Feature", "properties": { "Layer": "ABEOKUTA_SPECIAL_PRIME", "Linetype": null, "EntityHand": "239", "Text": "S", "AREA_DEL": "SPECIAL_PRIME", "polygon": null, "x": 538156.501, "y": 787954.26, "distance": 3660.0, "angle": 242.57429835134917 }, "geometry": { "type": "Point", "coordinates": [ 539506.304522164165974, 786962.586292742053047 ] } },
{ "type": "Feature", "properties": { "Layer": "ABEOKUTA_SPECIAL_PRIME", "Linetype": null, "EntityHand": "239", "Text": "S", "AREA_DEL": "SPECIAL_PRIME", "polygon": null, "x": 538156.501, "y": 787954.26, "distance": 3665.0, "angle": 242.57429835134917 }, "geometry": { "type": "Point", "coordinates": [ 539501.866477863513865, 786960.283302775700577 ] } },
{ "type": "Feature", "properties": { "Layer": "ABEOKUTA_SPECIAL_PRIME", "Linetype": null, "EntityHand": "239", "Text": "S", "AREA_DEL": "SPECIAL_PRIME", "polygon": null, "x": 538156.501, "y": 787954.26, "distance": 3670.0, "angle": 242.57429835134917 }, "geometry": { "type": "Point", "coordinates": [ 539497.42843356274534, 786957.980312809464522 ] } },
{ "type": "Feature", "properties": { "Layer": "ABEOKUTA_SPECIAL_PRIME", "Linetype": null, "EntityHand": "239", "Text": "S", "AREA_DEL": "SPECIAL_PRIME", "polygon": null, "x": 538156.501, "y": 787954.26, "distance": 3675.0, "angle": 242.57429835134917 }, "geometry": { "type": "Point", "coordinates": [ 539492.990389262093231, 786955.677322843112051 ] } },
{ "type": "Feature", "properties": { "Layer": "ABEOKUTA_SPECIAL_PRIME", "Linetype": null, "EntityHand": "239", "Text": "S", "AREA_DEL": "SPECIAL_PRIME", "polygon": null, "x": 538156.501, "y": 787954.26, "distance": 3680.0, "angle": 242.57429835134917 }, "geometry": { "type": "Point", "coordinates": [ 539488.552344961441122, 786953.374332876759581 ] } },
{ "type": "Feature", "properties": { "Layer": "ABEOKUTA_SPECIAL_PRIME", "Linetype": null, "EntityHand": "239", "Text": "S", "AREA_DEL": "SPECIAL_PRIME", "polygon": null, "x": 538156.501, "y": 787954.26, "distance": 3685.0, "angle": 242.57429835134917 }, "geometry": { "type": "Point", "coordinates": [ 539484.114300660672598, 786951.071342910407111 ] } },
{ "type": "Feature", "properties": { "Layer": "ABEOKUTA_SPECIAL_PRIME", "Linetype": null, "EntityHand": "239", "Text": "S", "AREA_DEL": "SPECIAL_PRIME", "polygon": null, "x": 538156.501, "y": 787954.26, "distance": 3690.0, "angle": 242.57429835134917 }, "geometry": { "type": "Point", "coordinates": [ 539479.676256360020489, 786948.768352944054641 ] } },
{ "type": "Feature", "properties": { "Layer": "ABEOKUTA_SPECIAL_PRIME", "Linetype": null, "EntityHand": "239", "Text": "S", "AREA_DEL": "SPECIAL_PRIME", "polygon": null, "x": 538156.501, "y": 787954.26, "distance": 3695.0, "angle": 242.57429835134917 }, "geometry": { "type": "Point", "coordinates": [ 539475.238212059251964, 786946.465362977702171 ] } },
{ "type": "Feature", "properties": { "Layer": "ABEOKUTA_SPECIAL_PRIME", "Linetype": null, "EntityHand": "239", "Text": "S", "AREA_DEL": "SPECIAL_PRIME", "polygon": null, "x": 538156.501, "y": 787954.26, "distance": 3700.0, "angle": 242.57429835134917 }, "geometry": { "type": "Point", "coordinates": [ 539470.800167758599855, 786944.1623730113497 ] } },
{ "type": "Feature", "properties": { "Layer": "ABEOKUTA_SPECIAL_PRIME", "Linetype": null, "EntityHand": "239", "Text": "S", "AREA_DEL": "SPECIAL_PRIME", "polygon": null, "x": 538156.501, "y": 787954.26, "distance": 3705.0, "angle": 242.57429835134917 }, "geometry": { "type": "Point", "coordinates": [ 539466.362123457947746, 786941.859383045113645 ] } },
{ "type": "Feature", "properties": { "Layer": "ABEOKUTA_SPECIAL_PRIME", "Linetype": null, "EntityHand": "239", "Text": "S", "AREA_DEL": "SPECIAL_PRIME", "polygon": null, "x": 538156.501, "y": 787954.26, "distance": 3710.0, "angle": 242.57429835134917 }, "geometry": { "type": "Point", "coordinates": [ 539461.924079157179222, 786939.556393078761175 ] } },
{ "type": "Feature", "properties": { "Layer": "ABEOKUTA_SPECIAL_PRIME", "Linetype": null, "EntityHand": "239", "Text": "S", "AREA_DEL": "SPECIAL_PRIME", "polygon": null, "x": 538156.501, "y": 787954.26, "distance": 3715.0, "angle": 242.57429835134917 }, "geometry": { "type": "Point", "coordinates": [ 539457.486034856527112, 786937.253403112408705 ] } },
{ "type": "Feature", "properties": { "Layer": "ABEOKUTA_SPECIAL_PRIME", "Linetype": null, "EntityHand": "239", "Text": "S", "AREA_DEL": "SPECIAL_PRIME", "polygon": null, "x": 538156.501, "y": 787954.26, "distance": 3720.0, "angle": 242.57429835134917 }, "geometry": { "type": "Point", "coordinates": [ 539453.047990555758588, 786934.950413146056235 ] } },
{ "type": "Feature", "properties": { "Layer": "ABEOKUTA_SPECIAL_PRIME", "Linetype": null, "EntityHand": "239", "Text": "S", "AREA_DEL": "SPECIAL_PRIME", "polygon": null, "x": 538156.501, "y": 787954.26, "distance": 3725.0, "angle": 242.57429835134917 }, "geometry": { "type": "Point", "coordinates": [ 539448.609946255106479, 786932.647423179703765 ] } },
{ "type": "Feature", "properties": { "Layer": "ABEOKUTA_SPECIAL_PRIME", "Linetype": null, "EntityHand": "239", "Text": "S", "AREA_DEL": "SPECIAL_PRIME", "polygon": null, "x": 538156.501, "y": 787954.26, "distance": 3730.0, "angle": 242.57429835134917 }, "geometry": { "type": "Point", "coordinates": [ 539444.17190195445437, 786930.344433213351294 ] } },
{ "type": "Feature", "properties": { "Layer": "ABEOKUTA_SPECIAL_PRIME", "Linetype": null, "EntityHand": "239", "Text": "S", "AREA_DEL": "SPECIAL_PRIME", "polygon": null, "x": 538156.501, "y": 787954.26, "distance": 3735.0, "angle": 269.01255336225296 }, "geometry": { "type": "Point", "coordinates": [ 539439.52341842756141, 786928.872689896728843 ] } },
{ "type": "Feature", "properties": { "Layer": "ABEOKUTA_SPECIAL_PRIME", "Linetype": null, "EntityHand": "239", "Text": "S", "AREA_DEL": "SPECIAL_PRIME", "polygon": null, "x": 538156.501, "y": 787954.26, "distance": 3740.0, "angle": 269.01255336225296 }, "geometry": { "type": "Point", "coordinates": [ 539434.52416095288936, 786928.78652318730019 ] } },
{ "type": "Feature", "properties": { "Layer": "ABEOKUTA_SPECIAL_PRIME", "Linetype": null, "EntityHand": "239", "Text": "S", "AREA_DEL": "SPECIAL_PRIME", "polygon": null, "x": 538156.501, "y": 787954.26, "distance": 3745.0, "angle": 269.01255336225296 }, "geometry": { "type": "Point", "coordinates": [ 539429.524903478217311, 786928.700356477871537 ] } },
{ "type": "Feature", "properties": { "Layer": "ABEOKUTA_SPECIAL_PRIME", "Linetype": null, "EntityHand": "239", "Text": "S", "AREA_DEL": "SPECIAL_PRIME", "polygon": null, "x": 538156.501, "y": 787954.26, "distance": 3750.0, "angle": 269.01255336225296 }, "geometry": { "type": "Point", "coordinates": [ 539424.525646003545262, 786928.614189768442884 ] } },
{ "type": "Feature", "properties": { "Layer": "ABEOKUTA_SPECIAL_PRIME", "Linetype": null, "EntityHand": "239", "Text": "S", "AREA_DEL": "SPECIAL_PRIME", "polygon": null, "x": 538156.501, "y": 787954.26, "distance": 3755.0, "angle": 269.01255336225296 }, "geometry": { "type": "Point", "coordinates": [ 539419.526388528873213, 786928.528023059014231 ] } },
{ "type": "Feature", "properties": { "Layer": "ABEOKUTA_SPECIAL_PRIME", "Linetype": null, "EntityHand": "239", "Text": "S", "AREA_DEL": "SPECIAL_PRIME", "polygon": null, "x": 538156.501, "y": 787954.26, "distance": 3760.0, "angle": 269.01255336225296 }, "geometry": { "type": "Point", "coordinates": [ 539414.527131054201163, 786928.441856349585578 ] } },
{ "type": "Feature", "properties": { "Layer": "ABEOKUTA_SPECIAL_PRIME", "Linetype": null, "EntityHand": "239", "Text": "S", "AREA_DEL": "SPECIAL_PRIME", "polygon": null, "x": 538156.501, "y": 787954.26, "distance": 3765.0, "angle": 269.01255336225296 }, "geometry": { "type": "Point", "coordinates": [ 539409.527873579529114, 786928.355689640040509 ] } },
{ "type": "Feature", "properties": { "Layer": "ABEOKUTA_SPECIAL_PRIME", "Linetype": null, "EntityHand": "239", "Text": "S", "AREA_DEL": "SPECIAL_PRIME", "polygon": null, "x": 538156.501, "y": 787954.26, "distance": 3770.0, "angle": 269.01255336225296 }, "geometry": { "type": "Point", "coordinates": [ 539404.528616104857065, 786928.269522930611856 ] } },
{ "type": "Feature", "properties": { "Layer": "ABEOKUTA_SPECIAL_PRIME", "Linetype": null, "EntityHand": "239", "Text": "S", "AREA_DEL": "SPECIAL_PRIME", "polygon": null, "x": 538156.501, "y": 787954.26, "distance": 3775.0, "angle": 304.05321237640356 }, "geometry": { "type": "Point", "coordinates": [ 539400.231697993003763, 786930.549426823039539 ] } },
{ "type": "Feature", "properties": { "Layer": "ABEOKUTA_SPECIAL_PRIME", "Linetype": null, "EntityHand": "239", "Text": "S", "AREA_DEL": "SPECIAL_PRIME", "polygon": null, "x": 538156.501, "y": 787954.26, "distance": 3780.0, "angle": 304.05321237640356 }, "geometry": { "type": "Point", "coordinates": [ 539396.08910861692857, 786933.349239899194799 ] } },
{ "type": "Feature", "properties": { "Layer": "ABEOKUTA_SPECIAL_PRIME", "Linetype": null, "EntityHand": "239", "Text": "S", "AREA_DEL": "SPECIAL_PRIME", "polygon": null, "x": 538156.501, "y": 787954.26, "distance": 3785.0, "angle": 304.05321237640356 }, "geometry": { "type": "Point", "coordinates": [ 539391.946519240853377, 786936.14905297535006 ] } },
{ "type": "Feature", "properties": { "Layer": "ABEOKUTA_SPECIAL_PRIME", "Linetype": null, "EntityHand": "239", "Text": "S", "AREA_DEL": "SPECIAL_PRIME", "polygon": null, "x": 538156.501, "y": 787954.26, "distance": 3790.0, "angle": 304.05321237640356 }, "geometry": { "type": "Point", "coordinates": [ 539387.803929864778183, 786938.94886605150532 ] } },
{ "type": "Feature", "properties": { "Layer": "ABEOKUTA_SPECIAL_PRIME", "Linetype": null, "EntityHand": "239", "Text": "S", "AREA_DEL": "SPECIAL_PRIME", "polygon": null, "x": 538156.501, "y": 787954.26, "distance": 3795.0, "angle": 304.05321237640356 }, "geometry": { "type": "Point", "coordinates": [ 539383.66134048870299, 786941.74867912766058 ] } },
{ "type": "Feature", "properties": { "Layer": "ABEOKUTA_SPECIAL_PRIME", "Linetype": null, "EntityHand": "239", "Text": "S", "AREA_DEL": "SPECIAL_PRIME", "polygon": null, "x": 538156.501, "y": 787954.26, "distance": 3800.0, "angle": 304.05321237640356 }, "geometry": { "type": "Point", "coordinates": [ 539379.518751112744212, 786944.548492203932256 ] } },
{ "type": "Feature", "properties": { "Layer": "ABEOKUTA_SPECIAL_PRIME", "Linetype": null, "EntityHand": "239", "Text": "S", "AREA_DEL": "SPECIAL_PRIME", "polygon": null, "x": 538156.501, "y": 787954.26, "distance": 3805.0, "angle": 304.05321237640356 }, "geometry": { "type": "Point", "coordinates": [ 539375.376161736669019, 786947.348305280087516 ] } },
{ "type": "Feature", "properties": { "Layer": "ABEOKUTA_SPECIAL_PRIME", "Linetype": null, "EntityHand": "239", "Text": "S", "AREA_DEL": "SPECIAL_PRIME", "polygon": null, "x": 538156.501, "y": 787954.26, "distance": 3810.0, "angle": 304.05321237640356 }, "geometry": { "type": "Point", "coordinates": [ 539371.233572360593826, 786950.148118356242776 ] } },
{ "type": "Feature", "properties": { "Layer": "ABEOKUTA_SPECIAL_PRIME", "Linetype": null, "EntityHand": "239", "Text": "S", "AREA_DEL": "SPECIAL_PRIME", "polygon": null, "x": 538156.501, "y": 787954.26, "distance": 3815.0, "angle": 334.41063958897502 }, "geometry": { "type": "Point", "coordinates": [ 539368.492582652019337, 786954.156397580518387 ] } },
{ "type": "Feature", "properties": { "Layer": "ABEOKUTA_SPECIAL_PRIME", "Linetype": null, "EntityHand": "239", "Text": "S", "AREA_DEL": "SPECIAL_PRIME", "polygon": null, "x": 538156.501, "y": 787954.26, "distance": 3820.0, "angle": 334.41063958897502 }, "geometry": { "type": "Point", "coordinates": [ 539366.332991278031841, 786958.665961317485198 ] } },
{ "type": "Feature", "properties": { "Layer": "ABEOKUTA_SPECIAL_PRIME", "Linetype": null, "EntityHand": "239", "Text": "S", "AREA_DEL": "SPECIAL_PRIME", "polygon": null, "x": 538156.501, "y": 787954.26, "distance": 3825.0, "angle": 334.41063958897502 }, "geometry": { "type": "Point", "coordinates": [ 539364.173399904044345, 786963.175525054452009 ] } },
{ "type": "Feature", "properties": { "Layer": "ABEOKUTA_SPECIAL_PRIME", "Linetype": null, "EntityHand": "239", "Text": "S", "AREA_DEL": "SPECIAL_PRIME", "polygon": null, "x": 538156.501, "y": 787954.26, "distance": 3830.0, "angle": 334.41063958897502 }, "geometry": { "type": "Point", "coordinates": [ 539362.013808530173264, 786967.685088791418821 ] } },
{ "type": "Feature", "properties": { "Layer": "ABEOKUTA_SPECIAL_PRIME", "Linetype": null, "EntityHand": "239", "Text": "S", "AREA_DEL": "SPECIAL_PRIME", "polygon": null, "x": 538156.501, "y": 787954.26, "distance": 3835.0, "angle": 334.41063958897502 }, "geometry": { "type": "Point", "coordinates": [ 539359.854217156185769, 786972.194652528385632 ] } },
{ "type": "Feature", "properties": { "Layer": "ABEOKUTA_SPECIAL_PRIME", "Linetype": null, "EntityHand": "239", "Text": "S", "AREA_DEL": "SPECIAL_PRIME", "polygon": null, "x": 538156.501, "y": 787954.26, "distance": 3840.0, "angle": 334.41063958897502 }, "geometry": { "type": "Point", "coordinates": [ 539357.694625782314688, 786976.704216265352443 ] } },
{ "type": "Feature", "properties": { "Layer": "ABEOKUTA_SPECIAL_PRIME", "Linetype": null, "EntityHand": "239", "Text": "S", "AREA_DEL": "SPECIAL_PRIME", "polygon": null, "x": 538156.501, "y": 787954.26, "distance": 3845.0, "angle": 334.41063958897502 }, "geometry": { "type": "Point", "coordinates": [ 539355.535034408327192, 786981.213780002319254 ] } },
{ "type": "Feature", "properties": { "Layer": "ABEOKUTA_SPECIAL_PRIME", "Linetype": null, "EntityHand": "239", "Text": "S", "AREA_DEL": "SPECIAL_PRIME", "polygon": null, "x": 538156.501, "y": 787954.26, "distance": 3850.0, "angle": 334.41063958897502 }, "geometry": { "type": "Point", "coordinates": [ 539353.375443034456111, 786985.72334373916965 ] } },
{ "type": "Feature", "properties": { "Layer": "ABEOKUTA_SPECIAL_PRIME", "Linetype": null, "EntityHand": "239", "Text": "S", "AREA_DEL": "SPECIAL_PRIME", "polygon": null, "x": 538156.501, "y": 787954.26, "distance": 3855.0, "angle": 334.41063958897502 }, "geometry": { "type": "Point", "coordinates": [ 539351.215851660468616, 786990.232907476136461 ] } },
{ "type": "Feature", "properties": { "Layer": "ABEOKUTA_SPECIAL_PRIME", "Linetype": null, "EntityHand": "239", "Text": "S", "AREA_DEL": "SPECIAL_PRIME", "polygon": null, "x": 538156.501, "y": 787954.26, "distance": 3860.0, "angle": 334.41063958897502 }, "geometry": { "type": "Point", "coordinates": [ 539349.05626028648112, 786994.742471213103272 ] } },
{ "type": "Feature", "properties": { "Layer": "ABEOKUTA_SPECIAL_PRIME", "Linetype": null, "EntityHand": "239", "Text": "S", "AREA_DEL": "SPECIAL_PRIME", "polygon": null, "x": 538156.501, "y": 787954.26, "distance": 3865.0, "angle": 334.41063958897502 }, "geometry": { "type": "Point", "coordinates": [ 539346.896668912610039, 786999.252034950070083 ] } },
{ "type": "Feature", "properties": { "Layer": "ABEOKUTA_SPECIAL_PRIME", "Linetype": null, "EntityHand": "239", "Text": "S", "AREA_DEL": "SPECIAL_PRIME", "polygon": null, "x": 538156.501, "y": 787954.26, "distance": 3870.0, "angle": 334.41063958897502 }, "geometry": { "type": "Point", "coordinates": [ 539344.737077538622543, 787003.761598687036894 ] } },
{ "type": "Feature", "properties": { "Layer": "ABEOKUTA_SPECIAL_PRIME", "Linetype": null, "EntityHand": "239", "Text": "S", "AREA_DEL": "SPECIAL_PRIME", "polygon": null, "x": 538156.501, "y": 787954.26, "distance": 3875.0, "angle": 334.41063958897502 }, "geometry": { "type": "Point", "coordinates": [ 539342.577486164751463, 787008.271162424003705 ] } },
{ "type": "Feature", "properties": { "Layer": "ABEOKUTA_SPECIAL_PRIME", "Linetype": null, "EntityHand": "239", "Text": "S", "AREA_DEL": "SPECIAL_PRIME", "polygon": null, "x": 538156.501, "y": 787954.26, "distance": 3880.0, "angle": 334.41063958897502 }, "geometry": { "type": "Point", "coordinates": [ 539340.417894790763967, 787012.780726160970517 ] } },
{ "type": "Feature", "properties": { "Layer": "ABEOKUTA_SPECIAL_PRIME", "Linetype": null, "EntityHand": "239", "Text": "S", "AREA_DEL": "SPECIAL_PRIME", "polygon": null, "x": 538156.501, "y": 787954.26, "distance": 3885.0, "angle": 334.41063958897502 }, "geometry": { "type": "Point", "coordinates": [ 539338.258303416776471, 787017.290289897820912 ] } },
{ "type": "Feature", "properties": { "Layer": "ABEOKUTA_SPECIAL_PRIME", "Linetype": null, "EntityHand": "239", "Text": "S", "AREA_DEL": "SPECIAL_PRIME", "polygon": null, "x": 538156.501, "y": 787954.26, "distance": 3890.0, "angle": 334.41063958897502 }, "geometry": { "type": "Point", "coordinates": [ 539336.09871204290539, 787021.799853634787723 ] } },
{ "type": "Feature", "properties": { "Layer": "ABEOKUTA_SPECIAL_PRIME", "Linetype": null, "EntityHand": "239", "Text": "S", "AREA_DEL": "SPECIAL_PRIME", "polygon": null, "x": 538156.501, "y": 787954.26, "distance": 3895.0, "angle": 334.41063958897502 }, "geometry": { "type": "Point", "coordinates": [ 539333.939120668917894, 787026.309417371754535 ] } },
{ "type": "Feature", "properties": { "Layer": "ABEOKUTA_SPECIAL_PRIME", "Linetype": null, "EntityHand": "239", "Text": "S", "AREA_DEL": "SPECIAL_PRIME", "polygon": null, "x": 538156.501, "y": 787954.26, "distance": 3900.0, "angle": 334.41063958897502 }, "geometry": { "type": "Point", "coordinates": [ 539331.779529295046814, 787030.818981108721346 ] } },
{ "type": "Feature", "properties": { "Layer": "ABEOKUTA_SPECIAL_PRIME", "Linetype": null, "EntityHand": "239", "Text": "S", "AREA_DEL": "SPECIAL_PRIME", "polygon": null, "x": 538156.501, "y": 787954.26, "distance": 3905.0, "angle": 334.41063958897502 }, "geometry": { "type": "Point", "coordinates": [ 539329.619937921059318, 787035.328544845688157 ] } },
{ "type": "Feature", "properties": { "Layer": "ABEOKUTA_SPECIAL_PRIME", "Linetype": null, "EntityHand": "239", "Text": "S", "AREA_DEL": "SPECIAL_PRIME", "polygon": null, "x": 538156.501, "y": 787954.26, "distance": 3910.0, "angle": 334.41063958897502 }, "geometry": { "type": "Point", "coordinates": [ 539327.460346547188237, 787039.838108582654968 ] } },
{ "type": "Feature", "properties": { "Layer": "ABEOKUTA_SPECIAL_PRIME", "Linetype": null, "EntityHand": "239", "Text": "S", "AREA_DEL": "SPECIAL_PRIME", "polygon": null, "x": 538156.501, "y": 787954.26, "distance": 3915.0, "angle": 334.41063958897502 }, "geometry": { "type": "Point", "coordinates": [ 539325.300755173200741, 787044.347672319505364 ] } },
{ "type": "Feature", "properties": { "Layer": "ABEOKUTA_SPECIAL_PRIME", "Linetype": null, "EntityHand": "239", "Text": "S", "AREA_DEL": "SPECIAL_PRIME", "polygon": null, "x": 538156.501, "y": 787954.26, "distance": 3920.0, "angle": 334.41063958897502 }, "geometry": { "type": "Point", "coordinates": [ 539323.141163799213246, 787048.857236056472175 ] } },
{ "type": "Feature", "properties": { "Layer": "ABEOKUTA_SPECIAL_PRIME", "Linetype": null, "EntityHand": "239", "Text": "S", "AREA_DEL": "SPECIAL_PRIME", "polygon": null, "x": 538156.501, "y": 787954.26, "distance": 3925.0, "angle": 334.41063958897502 }, "geometry": { "type": "Point", "coordinates": [ 539320.981572425342165, 787053.366799793438986 ] } },
{ "type": "Feature", "properties": { "Layer": "ABEOKUTA_SPECIAL_PRIME", "Linetype": null, "EntityHand": "239", "Text": "S", "AREA_DEL": "SPECIAL_PRIME", "polygon": null, "x": 538156.501, "y": 787954.26, "distance": 3930.0, "angle": 334.41063958897502 }, "geometry": { "type": "Point", "coordinates": [ 539318.821981051354669, 787057.876363530405797 ] } },
{ "type": "Feature", "properties": { "Layer": "ABEOKUTA_SPECIAL_PRIME", "Linetype": null, "EntityHand": "239", "Text": "S", "AREA_DEL": "SPECIAL_PRIME", "polygon": null, "x": 538156.501, "y": 787954.26, "distance": 3935.0, "angle": 334.41063958897502 }, "geometry": { "type": "Point", "coordinates": [ 539316.662389677483588, 787062.385927267372608 ] } },
{ "type": "Feature", "properties": { "Layer": "ABEOKUTA_SPECIAL_PRIME", "Linetype": null, "EntityHand": "239", "Text": "S", "AREA_DEL": "SPECIAL_PRIME", "polygon": null, "x": 538156.501, "y": 787954.26, "distance": 3940.0, "angle": 334.41063958897502 }, "geometry": { "type": "Point", "coordinates": [ 539314.502798303496093, 787066.895491004339419 ] } },
{ "type": "Feature", "properties": { "Layer": "ABEOKUTA_SPECIAL_PRIME", "Linetype": null, "EntityHand": "239", "Text": "S", "AREA_DEL": "SPECIAL_PRIME", "polygon": null, "x": 538156.501, "y": 787954.26, "distance": 3945.0, "angle": 334.41063958897502 }, "geometry": { "type": "Point", "coordinates": [ 539312.343206929508597, 787071.40505474130623 ] } },
{ "type": "Feature", "properties": { "Layer": "ABEOKUTA_SPECIAL_PRIME", "Linetype": null, "EntityHand": "239", "Text": "S", "AREA_DEL": "SPECIAL_PRIME", "polygon": null, "x": 538156.501, "y": 787954.26, "distance": 3950.0, "angle": 334.41063958897502 }, "geometry": { "type": "Point", "coordinates": [ 539310.183615555637516, 787075.914618478156626 ] } },
{ "type": "Feature", "properties": { "Layer": "ABEOKUTA_SPECIAL_PRIME", "Linetype": null, "EntityHand": "239", "Text": "S", "AREA_DEL": "SPECIAL_PRIME", "polygon": null, "x": 538156.501, "y": 787954.26, "distance": 3955.0, "angle": 334.41063958897502 }, "geometry": { "type": "Point", "coordinates": [ 539308.02402418165002, 787080.424182215123437 ] } },
{ "type": "Feature", "properties": { "Layer": "ABEOKUTA_SPECIAL_PRIME", "Linetype": null, "EntityHand": "239", "Text": "S", "AREA_DEL": "SPECIAL_PRIME", "polygon": null, "x": 538156.501, "y": 787954.26, "distance": 3960.0, "angle": 334.41063958897502 }, "geometry": { "type": "Point", "coordinates": [ 539305.86443280777894, 787084.933745952090248 ] } },
{ "type": "Feature", "properties": { "Layer": "ABEOKUTA_SPECIAL_PRIME", "Linetype": null, "EntityHand": "239", "Text": "S", "AREA_DEL": "SPECIAL_PRIME", "polygon": null, "x": 538156.501, "y": 787954.26, "distance": 3965.0, "angle": 334.41063958897502 }, "geometry": { "type": "Point", "coordinates": [ 539303.704841433791444, 787089.44330968905706 ] } },
{ "type": "Feature", "properties": { "Layer": "ABEOKUTA_SPECIAL_PRIME", "Linetype": null, "EntityHand": "239", "Text": "S", "AREA_DEL": "SPECIAL_PRIME", "polygon": null, "x": 538156.501, "y": 787954.26, "distance": 3970.0, "angle": 334.41063958897502 }, "geometry": { "type": "Point", "coordinates": [ 539301.545250059920363, 787093.952873426023871 ] } },
{ "type": "Feature", "properties": { "Layer": "ABEOKUTA_SPECIAL_PRIME", "Linetype": null, "EntityHand": "239", "Text": "S", "AREA_DEL": "SPECIAL_PRIME", "polygon": null, "x": 538156.501, "y": 787954.26, "distance": 3975.0, "angle": 334.41063958897502 }, "geometry": { "type": "Point", "coordinates": [ 539299.385658685932867, 787098.462437162990682 ] } },
{ "type": "Feature", "properties": { "Layer": "ABEOKUTA_SPECIAL_PRIME", "Linetype": null, "EntityHand": "239", "Text": "S", "AREA_DEL": "SPECIAL_PRIME", "polygon": null, "x": 538156.501, "y": 787954.26, "distance": 3980.0, "angle": 334.41063958897502 }, "geometry": { "type": "Point", "coordinates": [ 539297.226067311945371, 787102.972000899957493 ] } },
{ "type": "Feature", "properties": { "Layer": "ABEOKUTA_SPECIAL_PRIME", "Linetype": null, "EntityHand": "239", "Text": "S", "AREA_DEL": "SPECIAL_PRIME", "polygon": null, "x": 538156.501, "y": 787954.26, "distance": 3985.0, "angle": 334.41063958897502 }, "geometry": { "type": "Point", "coordinates": [ 539295.066475938074291, 787107.481564636807889 ] } },
{ "type": "Feature", "properties": { "Layer": "ABEOKUTA_SPECIAL_PRIME", "Linetype": null, "EntityHand": "239", "Text": "S", "AREA_DEL": "SPECIAL_PRIME", "polygon": null, "x": 538156.501, "y": 787954.26, "distance": 3990.0, "angle": 334.41063958897502 }, "geometry": { "type": "Point", "coordinates": [ 539292.906884564086795, 787111.9911283737747 ] } },
{ "type": "Feature", "properties": { "Layer": "ABEOKUTA_SPECIAL_PRIME", "Linetype": null, "EntityHand": "239", "Text": "S", "AREA_DEL": "SPECIAL_PRIME", "polygon": null, "x": 538156.501, "y": 787954.26, "distance": 3995.0, "angle": 334.41063958897502 }, "geometry": { "type": "Point", "coordinates": [ 539290.747293190215714, 787116.500692110741511 ] } },
{ "type": "Feature", "properties": { "Layer": "ABEOKUTA_SPECIAL_PRIME", "Linetype": null, "EntityHand": "239", "Text": "S", "AREA_DEL": "SPECIAL_PRIME", "polygon": null, "x": 538156.501, "y": 787954.26, "distance": 4000.0, "angle": 334.41063958897502 }, "geometry": { "type": "Point", "coordinates": [ 539288.587701816228218, 787121.010255847708322 ] } },
{ "type": "Feature", "properties": { "Layer": "ABEOKUTA_SPECIAL_PRIME", "Linetype": null, "EntityHand": "239", "Text": "S", "AREA_DEL": "SPECIAL_PRIME", "polygon": null, "x": 538156.501, "y": 787954.26, "distance": 4005.0, "angle": 334.41063958897502 }, "geometry": { "type": "Point", "coordinates": [ 539286.428110442240722, 787125.519819584675133 ] } },
{ "type": "Feature", "properties": { "Layer": "ABEOKUTA_SPECIAL_PRIME", "Linetype": null, "EntityHand": "239", "Text": "S", "AREA_DEL": "SPECIAL_PRIME", "polygon": null, "x": 538156.501, "y": 787954.26, "distance": 4010.0, "angle": 334.41063958897502 }, "geometry": { "type": "Point", "coordinates": [ 539284.268519068369642, 787130.029383321641944 ] } },
{ "type": "Feature", "properties": { "Layer": "ABEOKUTA_SPECIAL_PRIME", "Linetype": null, "EntityHand": "239", "Text": "S", "AREA_DEL": "SPECIAL_PRIME", "polygon": null, "x": 538156.501, "y": 787954.26, "distance": 4015.0, "angle": 334.41063958897502 }, "geometry": { "type": "Point", "coordinates": [ 539282.108927694382146, 787134.53894705849234 ] } },
{ "type": "Feature", "properties": { "Layer": "ABEOKUTA_SPECIAL_PRIME", "Linetype": null, "EntityHand": "239", "Text": "S", "AREA_DEL": "SPECIAL_PRIME", "polygon": null, "x": 538156.501, "y": 787954.26, "distance": 4020.0, "angle": 334.41063958897502 }, "geometry": { "type": "Point", "coordinates": [ 539279.949336320511065, 787139.048510795459151 ] } },
{ "type": "Feature", "properties": { "Layer": "ABEOKUTA_SPECIAL_PRIME", "Linetype": null, "EntityHand": "239", "Text": "S", "AREA_DEL": "SPECIAL_PRIME", "polygon": null, "x": 538156.501, "y": 787954.26, "distance": 4025.0, "angle": 334.41063958897502 }, "geometry": { "type": "Point", "coordinates": [ 539277.78974494652357, 787143.558074532425962 ] } },
{ "type": "Feature", "properties": { "Layer": "ABEOKUTA_SPECIAL_PRIME", "Linetype": null, "EntityHand": "239", "Text": "S", "AREA_DEL": "SPECIAL_PRIME", "polygon": null, "x": 538156.501, "y": 787954.26, "distance": 4030.0, "angle": 334.41063958897502 }, "geometry": { "type": "Point", "coordinates": [ 539275.630153572652489, 787148.067638269392774 ] } },
{ "type": "Feature", "properties": { "Layer": "ABEOKUTA_SPECIAL_PRIME", "Linetype": null, "EntityHand": "239", "Text": "S", "AREA_DEL": "SPECIAL_PRIME", "polygon": null, "x": 538156.501, "y": 787954.26, "distance": 4035.0, "angle": 334.41063958897502 }, "geometry": { "type": "Point", "coordinates": [ 539273.470562198664993, 787152.577202006359585 ] } },
{ "type": "Feature", "properties": { "Layer": "ABEOKUTA_SPECIAL_PRIME", "Linetype": null, "EntityHand": "239", "Text": "S", "AREA_DEL": "SPECIAL_PRIME", "polygon": null, "x": 538156.501, "y": 787954.26, "distance": 4040.0, "angle": 334.41063958897502 }, "geometry": { "type": "Point", "coordinates": [ 539271.310970824677497, 787157.086765743326396 ] } },
{ "type": "Feature", "properties": { "Layer": "ABEOKUTA_SPECIAL_PRIME", "Linetype": null, "EntityHand": "239", "Text": "S", "AREA_DEL": "SPECIAL_PRIME", "polygon": null, "x": 538156.501, "y": 787954.26, "distance": 4045.0, "angle": 334.41063958897502 }, "geometry": { "type": "Point", "coordinates": [ 539269.151379450806417, 787161.596329480293207 ] } },
{ "type": "Feature", "properties": { "Layer": "ABEOKUTA_SPECIAL_PRIME", "Linetype": null, "EntityHand": "239", "Text": "S", "AREA_DEL": "SPECIAL_PRIME", "polygon": null, "x": 538156.501, "y": 787954.26, "distance": 4050.0, "angle": 334.41063958897502 }, "geometry": { "type": "Point", "coordinates": [ 539266.991788076818921, 787166.105893217143603 ] } },
{ "type": "Feature", "properties": { "Layer": "ABEOKUTA_SPECIAL_PRIME", "Linetype": null, "EntityHand": "239", "Text": "S", "AREA_DEL": "SPECIAL_PRIME", "polygon": null, "x": 538156.501, "y": 787954.26, "distance": 4055.0, "angle": 334.41063958897502 }, "geometry": { "type": "Point", "coordinates": [ 539264.83219670294784, 787170.615456954110414 ] } },
{ "type": "Feature", "properties": { "Layer": "ABEOKUTA_SPECIAL_PRIME", "Linetype": null, "EntityHand": "239", "Text": "S", "AREA_DEL": "SPECIAL_PRIME", "polygon": null, "x": 538156.501, "y": 787954.26, "distance": 4060.0, "angle": 334.41063958897502 }, "geometry": { "type": "Point", "coordinates": [ 539262.672605328960344, 787175.125020691077225 ] } },
{ "type": "Feature", "properties": { "Layer": "ABEOKUTA_SPECIAL_PRIME", "Linetype": null, "EntityHand": "239", "Text": "S", "AREA_DEL": "SPECIAL_PRIME", "polygon": null, "x": 538156.501, "y": 787954.26, "distance": 4065.0, "angle": 334.41063958897502 }, "geometry": { "type": "Point", "coordinates": [ 539260.513013954972848, 787179.634584428044036 ] } },
{ "type": "Feature", "properties": { "Layer": "ABEOKUTA_SPECIAL_PRIME", "Linetype": null, "EntityHand": "239", "Text": "S", "AREA_DEL": "SPECIAL_PRIME", "polygon": null, "x": 538156.501, "y": 787954.26, "distance": 4070.0, "angle": 334.41063958897502 }, "geometry": { "type": "Point", "coordinates": [ 539258.353422581101768, 787184.144148165010847 ] } },
{ "type": "Feature", "properties": { "Layer": "ABEOKUTA_SPECIAL_PRIME", "Linetype": null, "EntityHand": "239", "Text": "S", "AREA_DEL": "SPECIAL_PRIME", "polygon": null, "x": 538156.501, "y": 787954.26, "distance": 4075.0, "angle": 334.41063958897502 }, "geometry": { "type": "Point", "coordinates": [ 539256.193831207114272, 787188.653711901977658 ] } },
{ "type": "Feature", "properties": { "Layer": "ABEOKUTA_SPECIAL_PRIME", "Linetype": null, "EntityHand": "239", "Text": "S", "AREA_DEL": "SPECIAL_PRIME", "polygon": null, "x": 538156.501, "y": 787954.26, "distance": 4080.0, "angle": 291.978794144277 }, "geometry": { "type": "Point", "coordinates": [ 539252.502141782315448, 787191.531455422984436 ] } },
{ "type": "Feature", "properties": { "Layer": "ABEOKUTA_SPECIAL_PRIME", "Linetype": null, "EntityHand": "239", "Text": "S", "AREA_DEL": "SPECIAL_PRIME", "polygon": null, "x": 538156.501, "y": 787954.26, "distance": 4085.0, "angle": 291.978794144277 }, "geometry": { "type": "Point", "coordinates": [ 539247.865529595059343, 787193.402772452449426 ] } },
{ "type": "Feature", "properties": { "Layer": "ABEOKUTA_SPECIAL_PRIME", "Linetype": null, "EntityHand": "239", "Text": "S", "AREA_DEL": "SPECIAL_PRIME", "polygon": null, "x": 538156.501, "y": 787954.26, "distance": 4090.0, "angle": 291.978794144277 }, "geometry": { "type": "Point", "coordinates": [ 539243.228917407803237, 787195.274089481914416 ] } },
{ "type": "Feature", "properties": { "Layer": "ABEOKUTA_SPECIAL_PRIME", "Linetype": null, "EntityHand": "239", "Text": "S", "AREA_DEL": "SPECIAL_PRIME", "polygon": null, "x": 538156.501, "y": 787954.26, "distance": 4095.0, "angle": 291.978794144277 }, "geometry": { "type": "Point", "coordinates": [ 539238.592305220430717, 787197.145406511379406 ] } },
{ "type": "Feature", "properties": { "Layer": "ABEOKUTA_SPECIAL_PRIME", "Linetype": null, "EntityHand": "239", "Text": "S", "AREA_DEL": "SPECIAL_PRIME", "polygon": null, "x": 538156.501, "y": 787954.26, "distance": 4100.0, "angle": 291.978794144277 }, "geometry": { "type": "Point", "coordinates": [ 539233.955693033174612, 787199.016723540844396 ] } },
{ "type": "Feature", "properties": { "Layer": "ABEOKUTA_SPECIAL_PRIME", "Linetype": null, "EntityHand": "239", "Text": "S", "AREA_DEL": "SPECIAL_PRIME", "polygon": null, "x": 538156.501, "y": 787954.26, "distance": 4105.0, "angle": 291.978794144277 }, "geometry": { "type": "Point", "coordinates": [ 539229.319080845918506, 787200.888040570309386 ] } },
{ "type": "Feature", "properties": { "Layer": "ABEOKUTA_SPECIAL_PRIME", "Linetype": null, "EntityHand": "239", "Text": "S", "AREA_DEL": "SPECIAL_PRIME", "polygon": null, "x": 538156.501, "y": 787954.26, "distance": 4110.0, "angle": 291.978794144277 }, "geometry": { "type": "Point", "coordinates": [ 539224.682468658662401, 787202.759357599774376 ] } },
{ "type": "Feature", "properties": { "Layer": "ABEOKUTA_SPECIAL_PRIME", "Linetype": null, "EntityHand": "239", "Text": "S", "AREA_DEL": "SPECIAL_PRIME", "polygon": null, "x": 538156.501, "y": 787954.26, "distance": 4115.0, "angle": 291.978794144277 }, "geometry": { "type": "Point", "coordinates": [ 539220.045856471289881, 787204.630674629239365 ] } },
{ "type": "Feature", "properties": { "Layer": "ABEOKUTA_SPECIAL_PRIME", "Linetype": null, "EntityHand": "239", "Text": "S", "AREA_DEL": "SPECIAL_PRIME", "polygon": null, "x": 538156.501, "y": 787954.26, "distance": 4120.0, "angle": 291.978794144277 }, "geometry": { "type": "Point", "coordinates": [ 539215.409244284033775, 787206.501991658704355 ] } },
{ "type": "Feature", "properties": { "Layer": "ABEOKUTA_SPECIAL_PRIME", "Linetype": null, "EntityHand": "239", "Text": "S", "AREA_DEL": "SPECIAL_PRIME", "polygon": null, "x": 538156.501, "y": 787954.26, "distance": 4125.0, "angle": 291.978794144277 }, "geometry": { "type": "Point", "coordinates": [ 539210.77263209677767, 787208.373308688169345 ] } },
{ "type": "Feature", "properties": { "Layer": "ABEOKUTA_SPECIAL_PRIME", "Linetype": null, "EntityHand": "239", "Text": "S", "AREA_DEL": "SPECIAL_PRIME", "polygon": null, "x": 538156.501, "y": 787954.26, "distance": 4130.0, "angle": 291.978794144277 }, "geometry": { "type": "Point", "coordinates": [ 539206.136019909521565, 787210.244625717634335 ] } },
{ "type": "Feature", "properties": { "Layer": "ABEOKUTA_SPECIAL_PRIME", "Linetype": null, "EntityHand": "239", "Text": "S", "AREA_DEL": "SPECIAL_PRIME", "polygon": null, "x": 538156.501, "y": 787954.26, "distance": 4135.0, "angle": 291.978794144277 }, "geometry": { "type": "Point", "coordinates": [ 539201.49940772226546, 787212.115942747099325 ] } },
{ "type": "Feature", "properties": { "Layer": "ABEOKUTA_SPECIAL_PRIME", "Linetype": null, "EntityHand": "239", "Text": "S", "AREA_DEL": "SPECIAL_PRIME", "polygon": null, "x": 538156.501, "y": 787954.26, "distance": 4140.0, "angle": 247.59665222369026 }, "geometry": { "type": "Point", "coordinates": [ 539196.870163121959195, 787211.998678456875496 ] } },
{ "type": "Feature", "properties": { "Layer": "ABEOKUTA_SPECIAL_PRIME", "Linetype": null, "EntityHand": "239", "Text": "S", "AREA_DEL": "SPECIAL_PRIME", "polygon": null, "x": 538156.501, "y": 787954.26, "distance": 4145.0, "angle": 247.59665222369026 }, "geometry": { "type": "Point", "coordinates": [ 539192.24754429096356, 787210.09305647353176 ] } },
{ "type": "Feature", "properties": { "Layer": "ABEOKUTA_SPECIAL_PRIME", "Linetype": null, "EntityHand": "239", "Text": "S", "AREA_DEL": "SPECIAL_PRIME", "polygon": null, "x": 538156.501, "y": 787954.26, "distance": 4150.0, "angle": 247.59665222369026 }, "geometry": { "type": "Point", "coordinates": [ 539187.624925459967926, 787208.18743449030444 ] } },
{ "type": "Feature", "properties": { "Layer": "ABEOKUTA_SPECIAL_PRIME", "Linetype": null, "EntityHand": "239", "Text": "S", "AREA_DEL": "SPECIAL_PRIME", "polygon": null, "x": 538156.501, "y": 787954.26, "distance": 4155.0, "angle": 247.59665222369026 }, "geometry": { "type": "Point", "coordinates": [ 539183.002306628972292, 787206.281812506960705 ] } },
{ "type": "Feature", "properties": { "Layer": "ABEOKUTA_SPECIAL_PRIME", "Linetype": null, "EntityHand": "239", "Text": "S", "AREA_DEL": "SPECIAL_PRIME", "polygon": null, "x": 538156.501, "y": 787954.26, "distance": 4160.0, "angle": 247.59665222369026 }, "geometry": { "type": "Point", "coordinates": [ 539178.379687797976658, 787204.37619052361697 ] } },
{ "type": "Feature", "properties": { "Layer": "ABEOKUTA_SPECIAL_PRIME", "Linetype": null, "EntityHand": "239", "Text": "S", "AREA_DEL": "SPECIAL_PRIME", "polygon": null, "x": 538156.501, "y": 787954.26, "distance": 4165.0, "angle": 247.59665222369026 }, "geometry": { "type": "Point", "coordinates": [ 539173.757068966981024, 787202.470568540273234 ] } },
{ "type": "Feature", "properties": { "Layer": "ABEOKUTA_SPECIAL_PRIME", "Linetype": null, "EntityHand": "239", "Text": "S", "AREA_DEL": "SPECIAL_PRIME", "polygon": null, "x": 538156.501, "y": 787954.26, "distance": 4170.0, "angle": 247.59665222369026 }, "geometry": { "type": "Point", "coordinates": [ 539169.134450135985389, 787200.564946556929499 ] } },
{ "type": "Feature", "properties": { "Layer": "ABEOKUTA_SPECIAL_PRIME", "Linetype": null, "EntityHand": "239", "Text": "S", "AREA_DEL": "SPECIAL_PRIME", "polygon": null, "x": 538156.501, "y": 787954.26, "distance": 4175.0, "angle": 247.59665222369026 }, "geometry": { "type": "Point", "coordinates": [ 539164.511831304989755, 787198.659324573585764 ] } },
{ "type": "Feature", "properties": { "Layer": "ABEOKUTA_SPECIAL_PRIME", "Linetype": null, "EntityHand": "239", "Text": "S", "AREA_DEL": "SPECIAL_PRIME", "polygon": null, "x": 538156.501, "y": 787954.26, "distance": 4180.0, "angle": 247.59665222369026 }, "geometry": { "type": "Point", "coordinates": [ 539159.889212473994121, 787196.753702590358444 ] } },
{ "type": "Feature", "properties": { "Layer": "ABEOKUTA_SPECIAL_PRIME", "Linetype": null, "EntityHand": "239", "Text": "S", "AREA_DEL": "SPECIAL_PRIME", "polygon": null, "x": 538156.501, "y": 787954.26, "distance": 4185.0, "angle": 247.59665222369026 }, "geometry": { "type": "Point", "coordinates": [ 539155.266593642998487, 787194.848080607014708 ] } },
{ "type": "Feature", "properties": { "Layer": "ABEOKUTA_SPECIAL_PRIME", "Linetype": null, "EntityHand": "239", "Text": "S", "AREA_DEL": "SPECIAL_PRIME", "polygon": null, "x": 538156.501, "y": 787954.26, "distance": 4190.0, "angle": 247.59665222369026 }, "geometry": { "type": "Point", "coordinates": [ 539150.643974812002853, 787192.942458623670973 ] } },
{ "type": "Feature", "properties": { "Layer": "ABEOKUTA_SPECIAL_PRIME", "Linetype": null, "EntityHand": "239", "Text": "S", "AREA_DEL": "SPECIAL_PRIME", "polygon": null, "x": 538156.501, "y": 787954.26, "distance": 4195.0, "angle": 247.59665222369026 }, "geometry": { "type": "Point", "coordinates": [ 539146.021355981007218, 787191.036836640327238 ] } },
{ "type": "Feature", "properties": { "Layer": "ABEOKUTA_SPECIAL_PRIME", "Linetype": null, "EntityHand": "239", "Text": "S", "AREA_DEL": "SPECIAL_PRIME", "polygon": null, "x": 538156.501, "y": 787954.26, "distance": 4200.0, "angle": 247.59665222369026 }, "geometry": { "type": "Point", "coordinates": [ 539141.398737150011584, 787189.131214656983502 ] } },
{ "type": "Feature", "properties": { "Layer": "ABEOKUTA_SPECIAL_PRIME", "Linetype": null, "EntityHand": "239", "Text": "S", "AREA_DEL": "SPECIAL_PRIME", "polygon": null, "x": 538156.501, "y": 787954.26, "distance": 4205.0, "angle": 247.59665222369026 }, "geometry": { "type": "Point", "coordinates": [ 539136.77611831901595, 787187.225592673639767 ] } },
{ "type": "Feature", "properties": { "Layer": "ABEOKUTA_SPECIAL_PRIME", "Linetype": null, "EntityHand": "239", "Text": "S", "AREA_DEL": "SPECIAL_PRIME", "polygon": null, "x": 538156.501, "y": 787954.26, "distance": 4210.0, "angle": 247.59665222369026 }, "geometry": { "type": "Point", "coordinates": [ 539132.153499488020316, 787185.319970690412447 ] } },
{ "type": "Feature", "properties": { "Layer": "ABEOKUTA_SPECIAL_PRIME", "Linetype": null, "EntityHand": "239", "Text": "S", "AREA_DEL": "SPECIAL_PRIME", "polygon": null, "x": 538156.501, "y": 787954.26, "distance": 4215.0, "angle": 247.59665222369026 }, "geometry": { "type": "Point", "coordinates": [ 539127.530880657024682, 787183.414348707068712 ] } },
{ "type": "Feature", "properties": { "Layer": "ABEOKUTA_SPECIAL_PRIME", "Linetype": null, "EntityHand": "239", "Text": "S", "AREA_DEL": "SPECIAL_PRIME", "polygon": null, "x": 538156.501, "y": 787954.26, "distance": 4220.0, "angle": 247.59665222369026 }, "geometry": { "type": "Point", "coordinates": [ 539122.908261826029047, 787181.508726723724976 ] } },
{ "type": "Feature", "properties": { "Layer": "ABEOKUTA_SPECIAL_PRIME", "Linetype": null, "EntityHand": "239", "Text": "S", "AREA_DEL": "SPECIAL_PRIME", "polygon": null, "x": 538156.501, "y": 787954.26, "distance": 4225.0, "angle": 247.59665222369026 }, "geometry": { "type": "Point", "coordinates": [ 539118.285642995033413, 787179.603104740381241 ] } },
{ "type": "Feature", "properties": { "Layer": "ABEOKUTA_SPECIAL_PRIME", "Linetype": null, "EntityHand": "239", "Text": "S", "AREA_DEL": "SPECIAL_PRIME", "polygon": null, "x": 538156.501, "y": 787954.26, "distance": 4230.0, "angle": 247.59665222369026 }, "geometry": { "type": "Point", "coordinates": [ 539113.663024164037779, 787177.697482757037506 ] } },
{ "type": "Feature", "properties": { "Layer": "ABEOKUTA_SPECIAL_PRIME", "Linetype": null, "EntityHand": "239", "Text": "S", "AREA_DEL": "SPECIAL_PRIME", "polygon": null, "x": 538156.501, "y": 787954.26, "distance": 4235.0, "angle": 247.59665222369026 }, "geometry": { "type": "Point", "coordinates": [ 539109.040405333042145, 787175.79186077369377 ] } },
{ "type": "Feature", "properties": { "Layer": "ABEOKUTA_SPECIAL_PRIME", "Linetype": null, "EntityHand": "239", "Text": "S", "AREA_DEL": "SPECIAL_PRIME", "polygon": null, "x": 538156.501, "y": 787954.26, "distance": 4240.0, "angle": 247.59665222369026 }, "geometry": { "type": "Point", "coordinates": [ 539104.417786502046511, 787173.886238790350035 ] } },
{ "type": "Feature", "properties": { "Layer": "ABEOKUTA_SPECIAL_PRIME", "Linetype": null, "EntityHand": "239", "Text": "S", "AREA_DEL": "SPECIAL_PRIME", "polygon": null, "x": 538156.501, "y": 787954.26, "distance": 4245.0, "angle": 247.59665222369026 }, "geometry": { "type": "Point", "coordinates": [ 539099.795167671050876, 787171.980616807122715 ] } },
{ "type": "Feature", "properties": { "Layer": "ABEOKUTA_SPECIAL_PRIME", "Linetype": null, "EntityHand": "239", "Text": "S", "AREA_DEL": "SPECIAL_PRIME", "polygon": null, "x": 538156.501, "y": 787954.26, "distance": 4250.0, "angle": 247.59665222369026 }, "geometry": { "type": "Point", "coordinates": [ 539095.172548840055242, 787170.074994823778979 ] } },
{ "type": "Feature", "properties": { "Layer": "ABEOKUTA_SPECIAL_PRIME", "Linetype": null, "EntityHand": "239", "Text": "S", "AREA_DEL": "SPECIAL_PRIME", "polygon": null, "x": 538156.501, "y": 787954.26, "distance": 4255.0, "angle": 247.59665222369026 }, "geometry": { "type": "Point", "coordinates": [ 539090.549930009059608, 787168.169372840435244 ] } },
{ "type": "Feature", "properties": { "Layer": "ABEOKUTA_SPECIAL_PRIME", "Linetype": null, "EntityHand": "239", "Text": "S", "AREA_DEL": "SPECIAL_PRIME", "polygon": null, "x": 538156.501, "y": 787954.26, "distance": 4260.0, "angle": 247.59665222369026 }, "geometry": { "type": "Point", "coordinates": [ 539085.927311178063974, 787166.263750857091509 ] } },
{ "type": "Feature", "properties": { "Layer": "ABEOKUTA_SPECIAL_PRIME", "Linetype": null, "EntityHand": "239", "Text": "S", "AREA_DEL": "SPECIAL_PRIME", "polygon": null, "x": 538156.501, "y": 787954.26, "distance": 4265.0, "angle": 247.59665222369026 }, "geometry": { "type": "Point", "coordinates": [ 539081.30469234706834, 787164.358128873747773 ] } },
{ "type": "Feature", "properties": { "Layer": "ABEOKUTA_SPECIAL_PRIME", "Linetype": null, "EntityHand": "239", "Text": "S", "AREA_DEL": "SPECIAL_PRIME", "polygon": null, "x": 538156.501, "y": 787954.26, "distance": 4270.0, "angle": 247.59665222369026 }, "geometry": { "type": "Point", "coordinates": [ 539076.682073516072705, 787162.452506890404038 ] } },
{ "type": "Feature", "properties": { "Layer": "ABEOKUTA_SPECIAL_PRIME", "Linetype": null, "EntityHand": "239", "Text": "S", "AREA_DEL": "SPECIAL_PRIME", "polygon": null, "x": 538156.501, "y": 787954.26, "distance": 4275.0, "angle": 247.59665222369026 }, "geometry": { "type": "Point", "coordinates": [ 539072.059454685077071, 787160.546884907176718 ] } },
{ "type": "Feature", "properties": { "Layer": "ABEOKUTA_SPECIAL_PRIME", "Linetype": null, "EntityHand": "239", "Text": "S", "AREA_DEL": "SPECIAL_PRIME", "polygon": null, "x": 538156.501, "y": 787954.26, "distance": 4280.0, "angle": 247.59665222369026 }, "geometry": { "type": "Point", "coordinates": [ 539067.436835854081437, 787158.641262923832983 ] } },
{ "type": "Feature", "properties": { "Layer": "ABEOKUTA_SPECIAL_PRIME", "Linetype": null, "EntityHand": "239", "Text": "S", "AREA_DEL": "SPECIAL_PRIME", "polygon": null, "x": 538156.501, "y": 787954.26, "distance": 4285.0, "angle": 247.59665222369026 }, "geometry": { "type": "Point", "coordinates": [ 539062.814217023085803, 787156.735640940489247 ] } },
{ "type": "Feature", "properties": { "Layer": "ABEOKUTA_SPECIAL_PRIME", "Linetype": null, "EntityHand": "239", "Text": "S", "AREA_DEL": "SPECIAL_PRIME", "polygon": null, "x": 538156.501, "y": 787954.26, "distance": 4290.0, "angle": 247.59665222369026 }, "geometry": { "type": "Point", "coordinates": [ 539058.191598192090169, 787154.830018957145512 ] } },
{ "type": "Feature", "properties": { "Layer": "ABEOKUTA_SPECIAL_PRIME", "Linetype": null, "EntityHand": "239", "Text": "S", "AREA_DEL": "SPECIAL_PRIME", "polygon": null, "x": 538156.501, "y": 787954.26, "distance": 4295.0, "angle": 247.59665222369026 }, "geometry": { "type": "Point", "coordinates": [ 539053.568979361094534, 787152.924396973801777 ] } },
{ "type": "Feature", "properties": { "Layer": "ABEOKUTA_SPECIAL_PRIME", "Linetype": null, "EntityHand": "239", "Text": "S", "AREA_DEL": "SPECIAL_PRIME", "polygon": null, "x": 538156.501, "y": 787954.26, "distance": 4300.0, "angle": 247.59665222369026 }, "geometry": { "type": "Point", "coordinates": [ 539048.9463605300989, 787151.018774990458041 ] } },
{ "type": "Feature", "properties": { "Layer": "ABEOKUTA_SPECIAL_PRIME", "Linetype": null, "EntityHand": "239", "Text": "S", "AREA_DEL": "SPECIAL_PRIME", "polygon": null, "x": 538156.501, "y": 787954.26, "distance": 4305.0, "angle": 247.59665222369026 }, "geometry": { "type": "Point", "coordinates": [ 539044.323741699103266, 787149.113153007230721 ] } },
{ "type": "Feature", "properties": { "Layer": "ABEOKUTA_SPECIAL_PRIME", "Linetype": null, "EntityHand": "239", "Text": "S", "AREA_DEL": "SPECIAL_PRIME", "polygon": null, "x": 538156.501, "y": 787954.26, "distance": 4310.0, "angle": 247.59665222369026 }, "geometry": { "type": "Point", "coordinates": [ 539039.701122868107632, 787147.207531023886986 ] } },
{ "type": "Feature", "properties": { "Layer": "ABEOKUTA_SPECIAL_PRIME", "Linetype": null, "EntityHand": "239", "Text": "S", "AREA_DEL": "SPECIAL_PRIME", "polygon": null, "x": 538156.501, "y": 787954.26, "distance": 4315.0, "angle": 247.59665222369026 }, "geometry": { "type": "Point", "coordinates": [ 539035.078504037111998, 787145.301909040543251 ] } },
{ "type": "Feature", "properties": { "Layer": "ABEOKUTA_SPECIAL_PRIME", "Linetype": null, "EntityHand": "239", "Text": "S", "AREA_DEL": "SPECIAL_PRIME", "polygon": null, "x": 538156.501, "y": 787954.26, "distance": 4320.0, "angle": 247.59665222369026 }, "geometry": { "type": "Point", "coordinates": [ 539030.455885206116363, 787143.396287057199515 ] } },
{ "type": "Feature", "properties": { "Layer": "ABEOKUTA_SPECIAL_PRIME", "Linetype": null, "EntityHand": "239", "Text": "S", "AREA_DEL": "SPECIAL_PRIME", "polygon": null, "x": 538156.501, "y": 787954.26, "distance": 4325.0, "angle": 247.59665222369026 }, "geometry": { "type": "Point", "coordinates": [ 539025.833266375120729, 787141.49066507385578 ] } },
{ "type": "Feature", "properties": { "Layer": "ABEOKUTA_SPECIAL_PRIME", "Linetype": null, "EntityHand": "239", "Text": "S", "AREA_DEL": "SPECIAL_PRIME", "polygon": null, "x": 538156.501, "y": 787954.26, "distance": 4330.0, "angle": 247.59665222369026 }, "geometry": { "type": "Point", "coordinates": [ 539021.210647544125095, 787139.585043090512045 ] } },
{ "type": "Feature", "properties": { "Layer": "ABEOKUTA_SPECIAL_PRIME", "Linetype": null, "EntityHand": "239", "Text": "S", "AREA_DEL": "SPECIAL_PRIME", "polygon": null, "x": 538156.501, "y": 787954.26, "distance": 4335.0, "angle": 247.59665222369026 }, "geometry": { "type": "Point", "coordinates": [ 539016.588028713129461, 787137.679421107284725 ] } },
{ "type": "Feature", "properties": { "Layer": "ABEOKUTA_SPECIAL_PRIME", "Linetype": null, "EntityHand": "239", "Text": "S", "AREA_DEL": "SPECIAL_PRIME", "polygon": null, "x": 538156.501, "y": 787954.26, "distance": 4340.0, "angle": 247.59665222369026 }, "geometry": { "type": "Point", "coordinates": [ 539011.965409882133827, 787135.773799123940989 ] } },
{ "type": "Feature", "properties": { "Layer": "ABEOKUTA_SPECIAL_PRIME", "Linetype": null, "EntityHand": "239", "Text": "S", "AREA_DEL": "SPECIAL_PRIME", "polygon": null, "x": 538156.501, "y": 787954.26, "distance": 4345.0, "angle": 247.59665222369026 }, "geometry": { "type": "Point", "coordinates": [ 539007.342791051138192, 787133.868177140597254 ] } },
{ "type": "Feature", "properties": { "Layer": "ABEOKUTA_SPECIAL_PRIME", "Linetype": null, "EntityHand": "239", "Text": "S", "AREA_DEL": "SPECIAL_PRIME", "polygon": null, "x": 538156.501, "y": 787954.26, "distance": 4350.0, "angle": 247.59665222369026 }, "geometry": { "type": "Point", "coordinates": [ 539002.720172220142558, 787131.962555157253519 ] } },
{ "type": "Feature", "properties": { "Layer": "ABEOKUTA_SPECIAL_PRIME", "Linetype": null, "EntityHand": "239", "Text": "S", "AREA_DEL": "SPECIAL_PRIME", "polygon": null, "x": 538156.501, "y": 787954.26, "distance": 4355.0, "angle": 247.59665222369026 }, "geometry": { "type": "Point", "coordinates": [ 538998.097553389146924, 787130.056933173909783 ] } },
{ "type": "Feature", "properties": { "Layer": "ABEOKUTA_SPECIAL_PRIME", "Linetype": null, "EntityHand": "239", "Text": "S", "AREA_DEL": "SPECIAL_PRIME", "polygon": null, "x": 538156.501, "y": 787954.26, "distance": 4360.0, "angle": 247.59665222369026 }, "geometry": { "type": "Point", "coordinates": [ 538993.47493455815129, 787128.151311190566048 ] } },
{ "type": "Feature", "properties": { "Layer": "ABEOKUTA_SPECIAL_PRIME", "Linetype": null, "EntityHand": "239", "Text": "S", "AREA_DEL": "SPECIAL_PRIME", "polygon": null, "x": 538156.501, "y": 787954.26, "distance": 4365.0, "angle": 247.59665222369026 }, "geometry": { "type": "Point", "coordinates": [ 538988.852315727155656, 787126.245689207338728 ] } },
{ "type": "Feature", "properties": { "Layer": "ABEOKUTA_SPECIAL_PRIME", "Linetype": null, "EntityHand": "239", "Text": "S", "AREA_DEL": "SPECIAL_PRIME", "polygon": null, "x": 538156.501, "y": 787954.26, "distance": 4370.0, "angle": 247.59665222369026 }, "geometry": { "type": "Point", "coordinates": [ 538984.229696896160021, 787124.340067223994993 ] } },
{ "type": "Feature", "properties": { "Layer": "ABEOKUTA_SPECIAL_PRIME", "Linetype": null, "EntityHand": "239", "Text": "S", "AREA_DEL": "SPECIAL_PRIME", "polygon": null, "x": 538156.501, "y": 787954.26, "distance": 4375.0, "angle": 249.45797621203118 }, "geometry": { "type": "Point", "coordinates": [ 538979.571991280652583, 787122.523642909014598 ] } },
{ "type": "Feature", "properties": { "Layer": "ABEOKUTA_SPECIAL_PRIME", "Linetype": null, "EntityHand": "239", "Text": "S", "AREA_DEL": "SPECIAL_PRIME", "polygon": null, "x": 538156.501, "y": 787954.26, "distance": 4380.0, "angle": 249.45797621203118 }, "geometry": { "type": "Point", "coordinates": [ 538974.889915898093022, 787120.769171446794644 ] } },
{ "type": "Feature", "properties": { "Layer": "ABEOKUTA_SPECIAL_PRIME", "Linetype": null, "EntityHand": "239", "Text": "S", "AREA_DEL": "SPECIAL_PRIME", "polygon": null, "x": 538156.501, "y": 787954.26, "distance": 4385.0, "angle": 249.45797621203118 }, "geometry": { "type": "Point", "coordinates": [ 538970.207840515533462, 787119.014699984458275 ] } },
{ "type": "Feature", "properties": { "Layer": "ABEOKUTA_SPECIAL_PRIME", "Linetype": null, "EntityHand": "239", "Text": "S", "AREA_DEL": "SPECIAL_PRIME", "polygon": null, "x": 538156.501, "y": 787954.26, "distance": 4390.0, "angle": 249.45797621203118 }, "geometry": { "type": "Point", "coordinates": [ 538965.525765132973902, 787117.260228522121906 ] } },
{ "type": "Feature", "properties": { "Layer": "ABEOKUTA_SPECIAL_PRIME", "Linetype": null, "EntityHand": "239", "Text": "S", "AREA_DEL": "SPECIAL_PRIME", "polygon": null, "x": 538156.501, "y": 787954.26, "distance": 4395.0, "angle": 249.45797621203118 }, "geometry": { "type": "Point", "coordinates": [ 538960.843689750414342, 787115.505757059785537 ] } },
{ "type": "Feature", "properties": { "Layer": "ABEOKUTA_SPECIAL_PRIME", "Linetype": null, "EntityHand": "239", "Text": "S", "AREA_DEL": "SPECIAL_PRIME", "polygon": null, "x": 538156.501, "y": 787954.26, "distance": 4400.0, "angle": 249.45797621203118 }, "geometry": { "type": "Point", "coordinates": [ 538956.161614367854781, 787113.751285597565584 ] } },
{ "type": "Feature", "properties": { "Layer": "ABEOKUTA_SPECIAL_PRIME", "Linetype": null, "EntityHand": "239", "Text": "S", "AREA_DEL": "SPECIAL_PRIME", "polygon": null, "x": 538156.501, "y": 787954.26, "distance": 4405.0, "angle": 249.45797621203118 }, "geometry": { "type": "Point", "coordinates": [ 538951.479538985295221, 787111.996814135229215 ] } },
{ "type": "Feature", "properties": { "Layer": "ABEOKUTA_SPECIAL_PRIME", "Linetype": null, "EntityHand": "239", "Text": "S", "AREA_DEL": "SPECIAL_PRIME", "polygon": null, "x": 538156.501, "y": 787954.26, "distance": 4410.0, "angle": 249.45797621203118 }, "geometry": { "type": "Point", "coordinates": [ 538946.797463602735661, 787110.242342672892846 ] } },
{ "type": "Feature", "properties": { "Layer": "ABEOKUTA_SPECIAL_PRIME", "Linetype": null, "EntityHand": "239", "Text": "S", "AREA_DEL": "SPECIAL_PRIME", "polygon": null, "x": 538156.501, "y": 787954.26, "distance": 4415.0, "angle": 249.45797621203118 }, "geometry": { "type": "Point", "coordinates": [ 538942.115388220176101, 787108.487871210556477 ] } },
{ "type": "Feature", "properties": { "Layer": "ABEOKUTA_SPECIAL_PRIME", "Linetype": null, "EntityHand": "239", "Text": "S", "AREA_DEL": "SPECIAL_PRIME", "polygon": null, "x": 538156.501, "y": 787954.26, "distance": 4420.0, "angle": 249.45797621203118 }, "geometry": { "type": "Point", "coordinates": [ 538937.43331283761654, 787106.733399748220108 ] } },
{ "type": "Feature", "properties": { "Layer": "ABEOKUTA_SPECIAL_PRIME", "Linetype": null, "EntityHand": "239", "Text": "S", "AREA_DEL": "SPECIAL_PRIME", "polygon": null, "x": 538156.501, "y": 787954.26, "distance": 4425.0, "angle": 249.45797621203118 }, "geometry": { "type": "Point", "coordinates": [ 538932.75123745505698, 787104.978928286000155 ] } },
{ "type": "Feature", "properties": { "Layer": "ABEOKUTA_SPECIAL_PRIME", "Linetype": null, "EntityHand": "239", "Text": "S", "AREA_DEL": "SPECIAL_PRIME", "polygon": null, "x": 538156.501, "y": 787954.26, "distance": 4430.0, "angle": 249.45797621203118 }, "geometry": { "type": "Point", "coordinates": [ 538928.06916207249742, 787103.224456823663786 ] } },
{ "type": "Feature", "properties": { "Layer": "ABEOKUTA_SPECIAL_PRIME", "Linetype": null, "EntityHand": "239", "Text": "S", "AREA_DEL": "SPECIAL_PRIME", "polygon": null, "x": 538156.501, "y": 787954.26, "distance": 4435.0, "angle": 249.45797621203118 }, "geometry": { "type": "Point", "coordinates": [ 538923.38708668993786, 787101.469985361327417 ] } },
{ "type": "Feature", "properties": { "Layer": "ABEOKUTA_SPECIAL_PRIME", "Linetype": null, "EntityHand": "239", "Text": "S", "AREA_DEL": "SPECIAL_PRIME", "polygon": null, "x": 538156.501, "y": 787954.26, "distance": 4440.0, "angle": 249.45797621203118 }, "geometry": { "type": "Point", "coordinates": [ 538918.7050113073783, 787099.715513898991048 ] } },
{ "type": "Feature", "properties": { "Layer": "ABEOKUTA_SPECIAL_PRIME", "Linetype": null, "EntityHand": "239", "Text": "S", "AREA_DEL": "SPECIAL_PRIME", "polygon": null, "x": 538156.501, "y": 787954.26, "distance": 4445.0, "angle": 249.45797621203118 }, "geometry": { "type": "Point", "coordinates": [ 538914.022935924818739, 787097.961042436771095 ] } },
{ "type": "Feature", "properties": { "Layer": "ABEOKUTA_SPECIAL_PRIME", "Linetype": null, "EntityHand": "239", "Text": "S", "AREA_DEL": "SPECIAL_PRIME", "polygon": null, "x": 538156.501, "y": 787954.26, "distance": 4450.0, "angle": 249.45797621203118 }, "geometry": { "type": "Point", "coordinates": [ 538909.340860542259179, 787096.206570974434726 ] } },
{ "type": "Feature", "properties": { "Layer": "ABEOKUTA_SPECIAL_PRIME", "Linetype": null, "EntityHand": "239", "Text": "S", "AREA_DEL": "SPECIAL_PRIME", "polygon": null, "x": 538156.501, "y": 787954.26, "distance": 4455.0, "angle": 249.45797621203118 }, "geometry": { "type": "Point", "coordinates": [ 538904.658785159699619, 787094.452099512098357 ] } },
{ "type": "Feature", "properties": { "Layer": "ABEOKUTA_SPECIAL_PRIME", "Linetype": null, "EntityHand": "239", "Text": "S", "AREA_DEL": "SPECIAL_PRIME", "polygon": null, "x": 538156.501, "y": 787954.26, "distance": 4460.0, "angle": 249.45797621203118 }, "geometry": { "type": "Point", "coordinates": [ 538899.976709777140059, 787092.697628049761988 ] } },
{ "type": "Feature", "properties": { "Layer": "ABEOKUTA_SPECIAL_PRIME", "Linetype": null, "EntityHand": "239", "Text": "S", "AREA_DEL": "SPECIAL_PRIME", "polygon": null, "x": 538156.501, "y": 787954.26, "distance": 4465.0, "angle": 249.45797621203118 }, "geometry": { "type": "Point", "coordinates": [ 538895.294634394580498, 787090.943156587425619 ] } },
{ "type": "Feature", "properties": { "Layer": "ABEOKUTA_SPECIAL_PRIME", "Linetype": null, "EntityHand": "239", "Text": "S", "AREA_DEL": "SPECIAL_PRIME", "polygon": null, "x": 538156.501, "y": 787954.26, "distance": 4470.0, "angle": 249.45797621203118 }, "geometry": { "type": "Point", "coordinates": [ 538890.612559012020938, 787089.188685125205666 ] } },
{ "type": "Feature", "properties": { "Layer": "ABEOKUTA_SPECIAL_PRIME", "Linetype": null, "EntityHand": "239", "Text": "S", "AREA_DEL": "SPECIAL_PRIME", "polygon": null, "x": 538156.501, "y": 787954.26, "distance": 4475.0, "angle": 249.45797621203118 }, "geometry": { "type": "Point", "coordinates": [ 538885.930483629461378, 787087.434213662869297 ] } },
{ "type": "Feature", "properties": { "Layer": "ABEOKUTA_SPECIAL_PRIME", "Linetype": null, "EntityHand": "239", "Text": "S", "AREA_DEL": "SPECIAL_PRIME", "polygon": null, "x": 538156.501, "y": 787954.26, "distance": 4480.0, "angle": 249.45797621203118 }, "geometry": { "type": "Point", "coordinates": [ 538881.248408246901818, 787085.679742200532928 ] } },
{ "type": "Feature", "properties": { "Layer": "ABEOKUTA_SPECIAL_PRIME", "Linetype": null, "EntityHand": "239", "Text": "S", "AREA_DEL": "SPECIAL_PRIME", "polygon": null, "x": 538156.501, "y": 787954.26, "distance": 4485.0, "angle": 249.45797621203118 }, "geometry": { "type": "Point", "coordinates": [ 538876.566332864342257, 787083.925270738196559 ] } },
{ "type": "Feature", "properties": { "Layer": "ABEOKUTA_SPECIAL_PRIME", "Linetype": null, "EntityHand": "239", "Text": "S", "AREA_DEL": "SPECIAL_PRIME", "polygon": null, "x": 538156.501, "y": 787954.26, "distance": 4490.0, "angle": 249.45797621203118 }, "geometry": { "type": "Point", "coordinates": [ 538871.884257481782697, 787082.17079927586019 ] } },
{ "type": "Feature", "properties": { "Layer": "ABEOKUTA_SPECIAL_PRIME", "Linetype": null, "EntityHand": "239", "Text": "S", "AREA_DEL": "SPECIAL_PRIME", "polygon": null, "x": 538156.501, "y": 787954.26, "distance": 4495.0, "angle": 249.45797621203118 }, "geometry": { "type": "Point", "coordinates": [ 538867.202182099223137, 787080.416327813640237 ] } },
{ "type": "Feature", "properties": { "Layer": "ABEOKUTA_SPECIAL_PRIME", "Linetype": null, "EntityHand": "239", "Text": "S", "AREA_DEL": "SPECIAL_PRIME", "polygon": null, "x": 538156.501, "y": 787954.26, "distance": 4500.0, "angle": 249.45797621203118 }, "geometry": { "type": "Point", "coordinates": [ 538862.520106716779992, 787078.661856351303868 ] } },
{ "type": "Feature", "properties": { "Layer": "ABEOKUTA_SPECIAL_PRIME", "Linetype": null, "EntityHand": "239", "Text": "S", "AREA_DEL": "SPECIAL_PRIME", "polygon": null, "x": 538156.501, "y": 787954.26, "distance": 4505.0, "angle": 249.45797621203118 }, "geometry": { "type": "Point", "coordinates": [ 538857.838031334220432, 787076.907384888967499 ] } },
{ "type": "Feature", "properties": { "Layer": "ABEOKUTA_SPECIAL_PRIME", "Linetype": null, "EntityHand": "239", "Text": "S", "AREA_DEL": "SPECIAL_PRIME", "polygon": null, "x": 538156.501, "y": 787954.26, "distance": 4510.0, "angle": 249.45797621203118 }, "geometry": { "type": "Point", "coordinates": [ 538853.155955951660872, 787075.15291342663113 ] } },
{ "type": "Feature", "properties": { "Layer": "ABEOKUTA_SPECIAL_PRIME", "Linetype": null, "EntityHand": "239", "Text": "S", "AREA_DEL": "SPECIAL_PRIME", "polygon": null, "x": 538156.501, "y": 787954.26, "distance": 4515.0, "angle": 249.45797621203118 }, "geometry": { "type": "Point", "coordinates": [ 538848.473880569101311, 787073.398441964411177 ] } },
{ "type": "Feature", "properties": { "Layer": "ABEOKUTA_SPECIAL_PRIME", "Linetype": null, "EntityHand": "239", "Text": "S", "AREA_DEL": "SPECIAL_PRIME", "polygon": null, "x": 538156.501, "y": 787954.26, "distance": 4520.0, "angle": 249.45797621203118 }, "geometry": { "type": "Point", "coordinates": [ 538843.791805186541751, 787071.643970502074808 ] } },
{ "type": "Feature", "properties": { "Layer": "ABEOKUTA_SPECIAL_PRIME", "Linetype": null, "EntityHand": "239", "Text": "S", "AREA_DEL": "SPECIAL_PRIME", "polygon": null, "x": 538156.501, "y": 787954.26, "distance": 4525.0, "angle": 249.45797621203118 }, "geometry": { "type": "Point", "coordinates": [ 538839.109729803982191, 787069.889499039738439 ] } },
{ "type": "Feature", "properties": { "Layer": "ABEOKUTA_SPECIAL_PRIME", "Linetype": null, "EntityHand": "239", "Text": "S", "AREA_DEL": "SPECIAL_PRIME", "polygon": null, "x": 538156.501, "y": 787954.26, "distance": 4530.0, "angle": 249.45797621203118 }, "geometry": { "type": "Point", "coordinates": [ 538834.427654421422631, 787068.13502757740207 ] } },
{ "type": "Feature", "properties": { "Layer": "ABEOKUTA_SPECIAL_PRIME", "Linetype": null, "EntityHand": "239", "Text": "S", "AREA_DEL": "SPECIAL_PRIME", "polygon": null, "x": 538156.501, "y": 787954.26, "distance": 4535.0, "angle": 249.45797621203118 }, "geometry": { "type": "Point", "coordinates": [ 538829.74557903886307, 787066.380556115065701 ] } },
{ "type": "Feature", "properties": { "Layer": "ABEOKUTA_SPECIAL_PRIME", "Linetype": null, "EntityHand": "239", "Text": "S", "AREA_DEL": "SPECIAL_PRIME", "polygon": null, "x": 538156.501, "y": 787954.26, "distance": 4540.0, "angle": 249.45797621203118 }, "geometry": { "type": "Point", "coordinates": [ 538825.06350365630351, 787064.626084652845748 ] } },
{ "type": "Feature", "properties": { "Layer": "ABEOKUTA_SPECIAL_PRIME", "Linetype": null, "EntityHand": "239", "Text": "S", "AREA_DEL": "SPECIAL_PRIME", "polygon": null, "x": 538156.501, "y": 787954.26, "distance": 4545.0, "angle": 249.45797621203118 }, "geometry": { "type": "Point", "coordinates": [ 538820.38142827374395, 787062.871613190509379 ] } },
{ "type": "Feature", "properties": { "Layer": "ABEOKUTA_SPECIAL_PRIME", "Linetype": null, "EntityHand": "239", "Text": "S", "AREA_DEL": "SPECIAL_PRIME", "polygon": null, "x": 538156.501, "y": 787954.26, "distance": 4550.0, "angle": 249.45797621203118 }, "geometry": { "type": "Point", "coordinates": [ 538815.69935289118439, 787061.11714172817301 ] } },
{ "type": "Feature", "properties": { "Layer": "ABEOKUTA_SPECIAL_PRIME", "Linetype": null, "EntityHand": "239", "Text": "S", "AREA_DEL": "SPECIAL_PRIME", "polygon": null, "x": 538156.501, "y": 787954.26, "distance": 4555.0, "angle": 249.45797621203118 }, "geometry": { "type": "Point", "coordinates": [ 538811.017277508624829, 787059.362670265836641 ] } },
{ "type": "Feature", "properties": { "Layer": "ABEOKUTA_SPECIAL_PRIME", "Linetype": null, "EntityHand": "239", "Text": "S", "AREA_DEL": "SPECIAL_PRIME", "polygon": null, "x": 538156.501, "y": 787954.26, "distance": 4560.0, "angle": 249.45797621203118 }, "geometry": { "type": "Point", "coordinates": [ 538806.335202126065269, 787057.608198803616688 ] } },
{ "type": "Feature", "properties": { "Layer": "ABEOKUTA_SPECIAL_PRIME", "Linetype": null, "EntityHand": "239", "Text": "S", "AREA_DEL": "SPECIAL_PRIME", "polygon": null, "x": 538156.501, "y": 787954.26, "distance": 4565.0, "angle": 249.45797621203118 }, "geometry": { "type": "Point", "coordinates": [ 538801.653126743505709, 787055.853727341280319 ] } },
{ "type": "Feature", "properties": { "Layer": "ABEOKUTA_SPECIAL_PRIME", "Linetype": null, "EntityHand": "239", "Text": "S", "AREA_DEL": "SPECIAL_PRIME", "polygon": null, "x": 538156.501, "y": 787954.26, "distance": 4570.0, "angle": 249.45797621203118 }, "geometry": { "type": "Point", "coordinates": [ 538796.971051360946149, 787054.09925587894395 ] } },
{ "type": "Feature", "properties": { "Layer": "ABEOKUTA_SPECIAL_PRIME", "Linetype": null, "EntityHand": "239", "Text": "S", "AREA_DEL": "SPECIAL_PRIME", "polygon": null, "x": 538156.501, "y": 787954.26, "distance": 4575.0, "angle": 249.45797621203118 }, "geometry": { "type": "Point", "coordinates": [ 538792.288975978386588, 787052.344784416607581 ] } },
{ "type": "Feature", "properties": { "Layer": "ABEOKUTA_SPECIAL_PRIME", "Linetype": null, "EntityHand": "239", "Text": "S", "AREA_DEL": "SPECIAL_PRIME", "polygon": null, "x": 538156.501, "y": 787954.26, "distance": 4580.0, "angle": 249.45797621203118 }, "geometry": { "type": "Point", "coordinates": [ 538787.606900595827028, 787050.590312954271212 ] } },
{ "type": "Feature", "properties": { "Layer": "ABEOKUTA_SPECIAL_PRIME", "Linetype": null, "EntityHand": "239", "Text": "S", "AREA_DEL": "SPECIAL_PRIME", "polygon": null, "x": 538156.501, "y": 787954.26, "distance": 4585.0, "angle": 249.45797621203118 }, "geometry": { "type": "Point", "coordinates": [ 538782.924825213267468, 787048.835841492051259 ] } },
{ "type": "Feature", "properties": { "Layer": "ABEOKUTA_SPECIAL_PRIME", "Linetype": null, "EntityHand": "239", "Text": "S", "AREA_DEL": "SPECIAL_PRIME", "polygon": null, "x": 538156.501, "y": 787954.26, "distance": 4590.0, "angle": 249.45797621203118 }, "geometry": { "type": "Point", "coordinates": [ 538778.242749830707908, 787047.08137002971489 ] } },
{ "type": "Feature", "properties": { "Layer": "ABEOKUTA_SPECIAL_PRIME", "Linetype": null, "EntityHand": "239", "Text": "S", "AREA_DEL": "SPECIAL_PRIME", "polygon": null, "x": 538156.501, "y": 787954.26, "distance": 4595.0, "angle": 249.45797621203118 }, "geometry": { "type": "Point", "coordinates": [ 538773.560674448148347, 787045.326898567378521 ] } },
{ "type": "Feature", "properties": { "Layer": "ABEOKUTA_SPECIAL_PRIME", "Linetype": null, "EntityHand": "239", "Text": "S", "AREA_DEL": "SPECIAL_PRIME", "polygon": null, "x": 538156.501, "y": 787954.26, "distance": 4600.0, "angle": 249.45797621203118 }, "geometry": { "type": "Point", "coordinates": [ 538768.878599065588787, 787043.572427105042152 ] } },
{ "type": "Feature", "properties": { "Layer": "ABEOKUTA_SPECIAL_PRIME", "Linetype": null, "EntityHand": "239", "Text": "S", "AREA_DEL": "SPECIAL_PRIME", "polygon": null, "x": 538156.501, "y": 787954.26, "distance": 4605.0, "angle": 249.45797621203118 }, "geometry": { "type": "Point", "coordinates": [ 538764.196523683029227, 787041.817955642705783 ] } },
{ "type": "Feature", "properties": { "Layer": "ABEOKUTA_SPECIAL_PRIME", "Linetype": null, "EntityHand": "239", "Text": "S", "AREA_DEL": "SPECIAL_PRIME", "polygon": null, "x": 538156.501, "y": 787954.26, "distance": 4610.0, "angle": 249.45797621203118 }, "geometry": { "type": "Point", "coordinates": [ 538759.514448300469667, 787040.06348418048583 ] } },
{ "type": "Feature", "properties": { "Layer": "ABEOKUTA_SPECIAL_PRIME", "Linetype": null, "EntityHand": "239", "Text": "S", "AREA_DEL": "SPECIAL_PRIME", "polygon": null, "x": 538156.501, "y": 787954.26, "distance": 4615.0, "angle": 249.45797621203118 }, "geometry": { "type": "Point", "coordinates": [ 538754.832372917910106, 787038.309012718149461 ] } },
{ "type": "Feature", "properties": { "Layer": "ABEOKUTA_SPECIAL_PRIME", "Linetype": null, "EntityHand": "239", "Text": "S", "AREA_DEL": "SPECIAL_PRIME", "polygon": null, "x": 538156.501, "y": 787954.26, "distance": 4620.0, "angle": 249.45797621203118 }, "geometry": { "type": "Point", "coordinates": [ 538750.150297535350546, 787036.554541255813092 ] } },
{ "type": "Feature", "properties": { "Layer": "ABEOKUTA_SPECIAL_PRIME", "Linetype": null, "EntityHand": "239", "Text": "S", "AREA_DEL": "SPECIAL_PRIME", "polygon": null, "x": 538156.501, "y": 787954.26, "distance": 4625.0, "angle": 249.45797621203118 }, "geometry": { "type": "Point", "coordinates": [ 538745.468222152790986, 787034.800069793476723 ] } },
{ "type": "Feature", "properties": { "Layer": "ABEOKUTA_SPECIAL_PRIME", "Linetype": null, "EntityHand": "239", "Text": "S", "AREA_DEL": "SPECIAL_PRIME", "polygon": null, "x": 538156.501, "y": 787954.26, "distance": 4630.0, "angle": 249.45797621203118 }, "geometry": { "type": "Point", "coordinates": [ 538740.786146770231426, 787033.04559833125677 ] } },
{ "type": "Feature", "properties": { "Layer": "ABEOKUTA_SPECIAL_PRIME", "Linetype": null, "EntityHand": "239", "Text": "S", "AREA_DEL": "SPECIAL_PRIME", "polygon": null, "x": 538156.501, "y": 787954.26, "distance": 4635.0, "angle": 249.45797621203118 }, "geometry": { "type": "Point", "coordinates": [ 538736.104071387671866, 787031.291126868920401 ] } },
{ "type": "Feature", "properties": { "Layer": "ABEOKUTA_SPECIAL_PRIME", "Linetype": null, "EntityHand": "239", "Text": "S", "AREA_DEL": "SPECIAL_PRIME", "polygon": null, "x": 538156.501, "y": 787954.26, "distance": 4640.0, "angle": 249.45797621203118 }, "geometry": { "type": "Point", "coordinates": [ 538731.421996005112305, 787029.536655406584032 ] } },
{ "type": "Feature", "properties": { "Layer": "ABEOKUTA_SPECIAL_PRIME", "Linetype": null, "EntityHand": "239", "Text": "S", "AREA_DEL": "SPECIAL_PRIME", "polygon": null, "x": 538156.501, "y": 787954.26, "distance": 4645.0, "angle": 249.45797621203118 }, "geometry": { "type": "Point", "coordinates": [ 538726.739920622552745, 787027.782183944247663 ] } },
{ "type": "Feature", "properties": { "Layer": "ABEOKUTA_SPECIAL_PRIME", "Linetype": null, "EntityHand": "239", "Text": "S", "AREA_DEL": "SPECIAL_PRIME", "polygon": null, "x": 538156.501, "y": 787954.26, "distance": 4650.0, "angle": 249.45797621203118 }, "geometry": { "type": "Point", "coordinates": [ 538722.057845239993185, 787026.027712481911294 ] } },
{ "type": "Feature", "properties": { "Layer": "ABEOKUTA_SPECIAL_PRIME", "Linetype": null, "EntityHand": "239", "Text": "S", "AREA_DEL": "SPECIAL_PRIME", "polygon": null, "x": 538156.501, "y": 787954.26, "distance": 4655.0, "angle": 249.45797621203118 }, "geometry": { "type": "Point", "coordinates": [ 538717.375769857433625, 787024.273241019691341 ] } },
{ "type": "Feature", "properties": { "Layer": "ABEOKUTA_SPECIAL_PRIME", "Linetype": null, "EntityHand": "239", "Text": "S", "AREA_DEL": "SPECIAL_PRIME", "polygon": null, "x": 538156.501, "y": 787954.26, "distance": 4660.0, "angle": 249.45797621203118 }, "geometry": { "type": "Point", "coordinates": [ 538712.693694474874064, 787022.518769557354972 ] } },
{ "type": "Feature", "properties": { "Layer": "ABEOKUTA_SPECIAL_PRIME", "Linetype": null, "EntityHand": "239", "Text": "S", "AREA_DEL": "SPECIAL_PRIME", "polygon": null, "x": 538156.501, "y": 787954.26, "distance": 4665.0, "angle": 249.45797621203118 }, "geometry": { "type": "Point", "coordinates": [ 538708.011619092430919, 787020.764298095018603 ] } },
{ "type": "Feature", "properties": { "Layer": "ABEOKUTA_SPECIAL_PRIME", "Linetype": null, "EntityHand": "239", "Text": "S", "AREA_DEL": "SPECIAL_PRIME", "polygon": null, "x": 538156.501, "y": 787954.26, "distance": 4670.0, "angle": 359.09195665027841 }, "geometry": { "type": "Point", "coordinates": [ 538707.724342981120571, 787025.458411910687573 ] } },
{ "type": "Feature", "properties": { "Layer": "ABEOKUTA_SPECIAL_PRIME", "Linetype": null, "EntityHand": "239", "Text": "S", "AREA_DEL": "SPECIAL_PRIME", "polygon": null, "x": 538156.501, "y": 787954.26, "distance": 4675.0, "angle": 182.87086415067014 }, "geometry": { "type": "Point", "coordinates": [ 538707.520027085789479, 787023.156342201051302 ] } },
{ "type": "Feature", "properties": { "Layer": "ABEOKUTA_SPECIAL_PRIME", "Linetype": null, "EntityHand": "239", "Text": "S", "AREA_DEL": "SPECIAL_PRIME", "polygon": null, "x": 538156.501, "y": 787954.26, "distance": 4680.0, "angle": 182.87086415067014 }, "geometry": { "type": "Point", "coordinates": [ 538707.26960174436681, 787018.162617424037308 ] } },
{ "type": "Feature", "properties": { "Layer": "ABEOKUTA_SPECIAL_PRIME", "Linetype": null, "EntityHand": "239", "Text": "S", "AREA_DEL": "SPECIAL_PRIME", "polygon": null, "x": 538156.501, "y": 787954.26, "distance": 4685.0, "angle": 182.87086415067014 }, "geometry": { "type": "Point", "coordinates": [ 538707.01917640294414, 787013.168892647023313 ] } },
{ "type": "Feature", "properties": { "Layer": "ABEOKUTA_SPECIAL_PRIME", "Linetype": null, "EntityHand": "239", "Text": "S", "AREA_DEL": "SPECIAL_PRIME", "polygon": null, "x": 538156.501, "y": 787954.26, "distance": 4690.0, "angle": 182.87086415067014 }, "geometry": { "type": "Point", "coordinates": [ 538706.768751061521471, 787008.175167870009318 ] } },
{ "type": "Feature", "properties": { "Layer": "ABEOKUTA_SPECIAL_PRIME", "Linetype": null, "EntityHand": "239", "Text": "S", "AREA_DEL": "SPECIAL_PRIME", "polygon": null, "x": 538156.501, "y": 787954.26, "distance": 4695.0, "angle": 182.87086415067014 }, "geometry": { "type": "Point", "coordinates": [ 538706.518325720098801, 787003.181443092995323 ] } },
{ "type": "Feature", "properties": { "Layer": "ABEOKUTA_SPECIAL_PRIME", "Linetype": null, "EntityHand": "239", "Text": "S", "AREA_DEL": "SPECIAL_PRIME", "polygon": null, "x": 538156.501, "y": 787954.26, "distance": 4700.0, "angle": 182.87086415067014 }, "geometry": { "type": "Point", "coordinates": [ 538706.267900378676131, 786998.187718316097744 ] } },
{ "type": "Feature", "properties": { "Layer": "ABEOKUTA_SPECIAL_PRIME", "Linetype": null, "EntityHand": "239", "Text": "S", "AREA_DEL": "SPECIAL_PRIME", "polygon": null, "x": 538156.501, "y": 787954.26, "distance": 4705.0, "angle": 182.87086415067014 }, "geometry": { "type": "Point", "coordinates": [ 538706.017475037253462, 786993.193993539083749 ] } },
{ "type": "Feature", "properties": { "Layer": "ABEOKUTA_SPECIAL_PRIME", "Linetype": null, "EntityHand": "239", "Text": "S", "AREA_DEL": "SPECIAL_PRIME", "polygon": null, "x": 538156.501, "y": 787954.26, "distance": 4710.0, "angle": 182.87086415067014 }, "geometry": { "type": "Point", "coordinates": [ 538705.767049695830792, 786988.200268762069754 ] } },
{ "type": "Feature", "properties": { "Layer": "ABEOKUTA_SPECIAL_PRIME", "Linetype": null, "EntityHand": "239", "Text": "S", "AREA_DEL": "SPECIAL_PRIME", "polygon": null, "x": 538156.501, "y": 787954.26, "distance": 4715.0, "angle": 182.87086415067014 }, "geometry": { "type": "Point", "coordinates": [ 538705.516624354408123, 786983.20654398505576 ] } },
{ "type": "Feature", "properties": { "Layer": "ABEOKUTA_SPECIAL_PRIME", "Linetype": null, "EntityHand": "239", "Text": "S", "AREA_DEL": "SPECIAL_PRIME", "polygon": null, "x": 538156.501, "y": 787954.26, "distance": 4720.0, "angle": 182.87086415067014 }, "geometry": { "type": "Point", "coordinates": [ 538705.266199012985453, 786978.212819208041765 ] } },
{ "type": "Feature", "properties": { "Layer": "ABEOKUTA_SPECIAL_PRIME", "Linetype": null, "EntityHand": "239", "Text": "S", "AREA_DEL": "SPECIAL_PRIME", "polygon": null, "x": 538156.501, "y": 787954.26, "distance": 4725.0, "angle": 182.87086415067014 }, "geometry": { "type": "Point", "coordinates": [ 538705.015773671562783, 786973.21909443102777 ] } },
{ "type": "Feature", "properties": { "Layer": "ABEOKUTA_SPECIAL_PRIME", "Linetype": null, "EntityHand": "239", "Text": "S", "AREA_DEL": "SPECIAL_PRIME", "polygon": null, "x": 538156.501, "y": 787954.26, "distance": 4730.0, "angle": 182.87086415067014 }, "geometry": { "type": "Point", "coordinates": [ 538704.765348330140114, 786968.225369654130191 ] } },
{ "type": "Feature", "properties": { "Layer": "ABEOKUTA_SPECIAL_PRIME", "Linetype": null, "EntityHand": "239", "Text": "S", "AREA_DEL": "SPECIAL_PRIME", "polygon": null, "x": 538156.501, "y": 787954.26, "distance": 4735.0, "angle": 182.87086415067014 }, "geometry": { "type": "Point", "coordinates": [ 538704.514922988717444, 786963.231644877116196 ] } },
{ "type": "Feature", "properties": { "Layer": "ABEOKUTA_SPECIAL_PRIME", "Linetype": null, "EntityHand": "239", "Text": "S", "AREA_DEL": "SPECIAL_PRIME", "polygon": null, "x": 538156.501, "y": 787954.26, "distance": 4740.0, "angle": 182.87086415067014 }, "geometry": { "type": "Point", "coordinates": [ 538704.264497647294775, 786958.237920100102201 ] } },
{ "type": "Feature", "properties": { "Layer": "ABEOKUTA_SPECIAL_PRIME", "Linetype": null, "EntityHand": "239", "Text": "S", "AREA_DEL": "SPECIAL_PRIME", "polygon": null, "x": 538156.501, "y": 787954.26, "distance": 4745.0, "angle": 182.87086415067014 }, "geometry": { "type": "Point", "coordinates": [ 538704.014072305872105, 786953.244195323088206 ] } },
{ "type": "Feature", "properties": { "Layer": "ABEOKUTA_SPECIAL_PRIME", "Linetype": null, "EntityHand": "239", "Text": "S", "AREA_DEL": "SPECIAL_PRIME", "polygon": null, "x": 538156.501, "y": 787954.26, "distance": 4750.0, "angle": 182.87086415067014 }, "geometry": { "type": "Point", "coordinates": [ 538703.763646964449435, 786948.250470546074212 ] } },
{ "type": "Feature", "properties": { "Layer": "ABEOKUTA_SPECIAL_PRIME", "Linetype": null, "EntityHand": "239", "Text": "S", "AREA_DEL": "SPECIAL_PRIME", "polygon": null, "x": 538156.501, "y": 787954.26, "distance": 4755.0, "angle": 182.87086415067014 }, "geometry": { "type": "Point", "coordinates": [ 538703.513221623026766, 786943.256745769060217 ] } },
{ "type": "Feature", "properties": { "Layer": "ABEOKUTA_SPECIAL_PRIME", "Linetype": null, "EntityHand": "239", "Text": "S", "AREA_DEL": "SPECIAL_PRIME", "polygon": null, "x": 538156.501, "y": 787954.26, "distance": 4760.0, "angle": 182.87086415067014 }, "geometry": { "type": "Point", "coordinates": [ 538703.262796281604096, 786938.263020992162637 ] } },
{ "type": "Feature", "properties": { "Layer": "ABEOKUTA_SPECIAL_PRIME", "Linetype": null, "EntityHand": "239", "Text": "S", "AREA_DEL": "SPECIAL_PRIME", "polygon": null, "x": 538156.501, "y": 787954.26, "distance": 4765.0, "angle": 182.87086415067014 }, "geometry": { "type": "Point", "coordinates": [ 538703.012370940181427, 786933.269296215148643 ] } },
{ "type": "Feature", "properties": { "Layer": "ABEOKUTA_SPECIAL_PRIME", "Linetype": null, "EntityHand": "239", "Text": "S", "AREA_DEL": "SPECIAL_PRIME", "polygon": null, "x": 538156.501, "y": 787954.26, "distance": 4770.0, "angle": 182.87086415067014 }, "geometry": { "type": "Point", "coordinates": [ 538702.761945598875172, 786928.275571438134648 ] } },
{ "type": "Feature", "properties": { "Layer": "ABEOKUTA_SPECIAL_PRIME", "Linetype": null, "EntityHand": "239", "Text": "S", "AREA_DEL": "SPECIAL_PRIME", "polygon": null, "x": 538156.501, "y": 787954.26, "distance": 4775.0, "angle": 182.87086415067014 }, "geometry": { "type": "Point", "coordinates": [ 538702.511520257452503, 786923.281846661120653 ] } },
{ "type": "Feature", "properties": { "Layer": "ABEOKUTA_SPECIAL_PRIME", "Linetype": null, "EntityHand": "239", "Text": "S", "AREA_DEL": "SPECIAL_PRIME", "polygon": null, "x": 538156.501, "y": 787954.26, "distance": 4780.0, "angle": 182.87086415067014 }, "geometry": { "type": "Point", "coordinates": [ 538702.261094916029833, 786918.288121884106658 ] } },
{ "type": "Feature", "properties": { "Layer": "ABEOKUTA_SPECIAL_PRIME", "Linetype": null, "EntityHand": "239", "Text": "S", "AREA_DEL": "SPECIAL_PRIME", "polygon": null, "x": 538156.501, "y": 787954.26, "distance": 4785.0, "angle": 182.87086415067014 }, "geometry": { "type": "Point", "coordinates": [ 538702.010669574607164, 786913.294397107092664 ] } },
{ "type": "Feature", "properties": { "Layer": "ABEOKUTA_SPECIAL_PRIME", "Linetype": null, "EntityHand": "239", "Text": "S", "AREA_DEL": "SPECIAL_PRIME", "polygon": null, "x": 538156.501, "y": 787954.26, "distance": 4790.0, "angle": 182.87086415067014 }, "geometry": { "type": "Point", "coordinates": [ 538701.760244233184494, 786908.300672330078669 ] } },
{ "type": "Feature", "properties": { "Layer": "ABEOKUTA_SPECIAL_PRIME", "Linetype": null, "EntityHand": "239", "Text": "S", "AREA_DEL": "SPECIAL_PRIME", "polygon": null, "x": 538156.501, "y": 787954.26, "distance": 4795.0, "angle": 182.87086415067014 }, "geometry": { "type": "Point", "coordinates": [ 538701.509818891761824, 786903.306947553181089 ] } },
{ "type": "Feature", "properties": { "Layer": "ABEOKUTA_SPECIAL_PRIME", "Linetype": null, "EntityHand": "239", "Text": "S", "AREA_DEL": "SPECIAL_PRIME", "polygon": null, "x": 538156.501, "y": 787954.26, "distance": 4800.0, "angle": 182.87086415067014 }, "geometry": { "type": "Point", "coordinates": [ 538701.259393550339155, 786898.313222776167095 ] } },
{ "type": "Feature", "properties": { "Layer": "ABEOKUTA_SPECIAL_PRIME", "Linetype": null, "EntityHand": "239", "Text": "S", "AREA_DEL": "SPECIAL_PRIME", "polygon": null, "x": 538156.501, "y": 787954.26, "distance": 4805.0, "angle": 182.87086415067014 }, "geometry": { "type": "Point", "coordinates": [ 538701.008968208916485, 786893.3194979991531 ] } },
{ "type": "Feature", "properties": { "Layer": "ABEOKUTA_SPECIAL_PRIME", "Linetype": null, "EntityHand": "239", "Text": "S", "AREA_DEL": "SPECIAL_PRIME", "polygon": null, "x": 538156.501, "y": 787954.26, "distance": 4810.0, "angle": 182.87086415067014 }, "geometry": { "type": "Point", "coordinates": [ 538700.758542867493816, 786888.325773222139105 ] } },
{ "type": "Feature", "properties": { "Layer": "ABEOKUTA_SPECIAL_PRIME", "Linetype": null, "EntityHand": "239", "Text": "S", "AREA_DEL": "SPECIAL_PRIME", "polygon": null, "x": 538156.501, "y": 787954.26, "distance": 4815.0, "angle": 182.87086415067014 }, "geometry": { "type": "Point", "coordinates": [ 538700.508117526071146, 786883.33204844512511 ] } },
{ "type": "Feature", "properties": { "Layer": "ABEOKUTA_SPECIAL_PRIME", "Linetype": null, "EntityHand": "239", "Text": "S", "AREA_DEL": "SPECIAL_PRIME", "polygon": null, "x": 538156.501, "y": 787954.26, "distance": 4820.0, "angle": 182.87086415067014 }, "geometry": { "type": "Point", "coordinates": [ 538700.257692184648477, 786878.338323668111116 ] } },
{ "type": "Feature", "properties": { "Layer": "ABEOKUTA_SPECIAL_PRIME", "Linetype": null, "EntityHand": "239", "Text": "S", "AREA_DEL": "SPECIAL_PRIME", "polygon": null, "x": 538156.501, "y": 787954.26, "distance": 4825.0, "angle": 182.87086415067014 }, "geometry": { "type": "Point", "coordinates": [ 538700.007266843225807, 786873.344598891213536 ] } },
{ "type": "Feature", "properties": { "Layer": "ABEOKUTA_SPECIAL_PRIME", "Linetype": null, "EntityHand": "239", "Text": "S", "AREA_DEL": "SPECIAL_PRIME", "polygon": null, "x": 538156.501, "y": 787954.26, "distance": 4830.0, "angle": 182.87086415067014 }, "geometry": { "type": "Point", "coordinates": [ 538699.756841501803137, 786868.350874114199542 ] } },
{ "type": "Feature", "properties": { "Layer": "ABEOKUTA_SPECIAL_PRIME", "Linetype": null, "EntityHand": "239", "Text": "S", "AREA_DEL": "SPECIAL_PRIME", "polygon": null, "x": 538156.501, "y": 787954.26, "distance": 4835.0, "angle": 182.87086415067014 }, "geometry": { "type": "Point", "coordinates": [ 538699.506416160380468, 786863.357149337185547 ] } },
{ "type": "Feature", "properties": { "Layer": "ABEOKUTA_SPECIAL_PRIME", "Linetype": null, "EntityHand": "239", "Text": "S", "AREA_DEL": "SPECIAL_PRIME", "polygon": null, "x": 538156.501, "y": 787954.26, "distance": 4840.0, "angle": 182.87086415067014 }, "geometry": { "type": "Point", "coordinates": [ 538699.255990818957798, 786858.363424560171552 ] } },
{ "type": "Feature", "properties": { "Layer": "ABEOKUTA_SPECIAL_PRIME", "Linetype": null, "EntityHand": "239", "Text": "S", "AREA_DEL": "SPECIAL_PRIME", "polygon": null, "x": 538156.501, "y": 787954.26, "distance": 4845.0, "angle": 182.87086415067014 }, "geometry": { "type": "Point", "coordinates": [ 538699.005565477535129, 786853.369699783157557 ] } },
{ "type": "Feature", "properties": { "Layer": "ABEOKUTA_SPECIAL_PRIME", "Linetype": null, "EntityHand": "239", "Text": "S", "AREA_DEL": "SPECIAL_PRIME", "polygon": null, "x": 538156.501, "y": 787954.26, "distance": 4850.0, "angle": 182.87086415067014 }, "geometry": { "type": "Point", "coordinates": [ 538698.755140136112459, 786848.375975006143562 ] } },
{ "type": "Feature", "properties": { "Layer": "ABEOKUTA_SPECIAL_PRIME", "Linetype": null, "EntityHand": "239", "Text": "S", "AREA_DEL": "SPECIAL_PRIME", "polygon": null, "x": 538156.501, "y": 787954.26, "distance": 4855.0, "angle": 182.87086415067014 }, "geometry": { "type": "Point", "coordinates": [ 538698.504714794689789, 786843.382250229245983 ] } },
{ "type": "Feature", "properties": { "Layer": "ABEOKUTA_SPECIAL_PRIME", "Linetype": null, "EntityHand": "239", "Text": "S", "AREA_DEL": "SPECIAL_PRIME", "polygon": null, "x": 538156.501, "y": 787954.26, "distance": 4860.0, "angle": 182.87086415067014 }, "geometry": { "type": "Point", "coordinates": [ 538698.25428945326712, 786838.388525452231988 ] } },
{ "type": "Feature", "properties": { "Layer": "ABEOKUTA_SPECIAL_PRIME", "Linetype": null, "EntityHand": "239", "Text": "S", "AREA_DEL": "SPECIAL_PRIME", "polygon": null, "x": 538156.501, "y": 787954.26, "distance": 4865.0, "angle": 182.87086415067014 }, "geometry": { "type": "Point", "coordinates": [ 538698.00386411184445, 786833.394800675217994 ] } },
{ "type": "Feature", "properties": { "Layer": "ABEOKUTA_SPECIAL_PRIME", "Linetype": null, "EntityHand": "239", "Text": "S", "AREA_DEL": "SPECIAL_PRIME", "polygon": null, "x": 538156.501, "y": 787954.26, "distance": 4870.0, "angle": 182.87086415067014 }, "geometry": { "type": "Point", "coordinates": [ 538697.753438770421781, 786828.401075898203999 ] } },
{ "type": "Feature", "properties": { "Layer": "ABEOKUTA_SPECIAL_PRIME", "Linetype": null, "EntityHand": "239", "Text": "S", "AREA_DEL": "SPECIAL_PRIME", "polygon": null, "x": 538156.501, "y": 787954.26, "distance": 4875.0, "angle": 182.87086415067014 }, "geometry": { "type": "Point", "coordinates": [ 538697.503013428999111, 786823.407351121190004 ] } },
{ "type": "Feature", "properties": { "Layer": "ABEOKUTA_SPECIAL_PRIME", "Linetype": null, "EntityHand": "239", "Text": "S", "AREA_DEL": "SPECIAL_PRIME", "polygon": null, "x": 538156.501, "y": 787954.26, "distance": 4880.0, "angle": 182.87086415067014 }, "geometry": { "type": "Point", "coordinates": [ 538697.252588087576441, 786818.413626344176009 ] } },
{ "type": "Feature", "properties": { "Layer": "ABEOKUTA_SPECIAL_PRIME", "Linetype": null, "EntityHand": "239", "Text": "S", "AREA_DEL": "SPECIAL_PRIME", "polygon": null, "x": 538156.501, "y": 787954.26, "distance": 4885.0, "angle": 182.87086415067014 }, "geometry": { "type": "Point", "coordinates": [ 538697.002162746153772, 786813.41990156727843 ] } },
{ "type": "Feature", "properties": { "Layer": "ABEOKUTA_SPECIAL_PRIME", "Linetype": null, "EntityHand": "239", "Text": "S", "AREA_DEL": "SPECIAL_PRIME", "polygon": null, "x": 538156.501, "y": 787954.26, "distance": 4890.0, "angle": 182.87086415067014 }, "geometry": { "type": "Point", "coordinates": [ 538696.751737404731102, 786808.426176790264435 ] } },
{ "type": "Feature", "properties": { "Layer": "ABEOKUTA_SPECIAL_PRIME", "Linetype": null, "EntityHand": "239", "Text": "S", "AREA_DEL": "SPECIAL_PRIME", "polygon": null, "x": 538156.501, "y": 787954.26, "distance": 4895.0, "angle": 182.87086415067014 }, "geometry": { "type": "Point", "coordinates": [ 538696.501312063308433, 786803.43245201325044 ] } },
{ "type": "Feature", "properties": { "Layer": "ABEOKUTA_SPECIAL_PRIME", "Linetype": null, "EntityHand": "239", "Text": "S", "AREA_DEL": "SPECIAL_PRIME", "polygon": null, "x": 538156.501, "y": 787954.26, "distance": 4900.0, "angle": 182.87086415067014 }, "geometry": { "type": "Point", "coordinates": [ 538696.250886721885763, 786798.438727236236446 ] } },
{ "type": "Feature", "properties": { "Layer": "ABEOKUTA_SPECIAL_PRIME", "Linetype": null, "EntityHand": "239", "Text": "S", "AREA_DEL": "SPECIAL_PRIME", "polygon": null, "x": 538156.501, "y": 787954.26, "distance": 4905.0, "angle": 182.87086415067014 }, "geometry": { "type": "Point", "coordinates": [ 538696.000461380463094, 786793.445002459222451 ] } },
{ "type": "Feature", "properties": { "Layer": "ABEOKUTA_SPECIAL_PRIME", "Linetype": null, "EntityHand": "239", "Text": "S", "AREA_DEL": "SPECIAL_PRIME", "polygon": null, "x": 538156.501, "y": 787954.26, "distance": 4910.0, "angle": 182.87086415067014 }, "geometry": { "type": "Point", "coordinates": [ 538695.750036039040424, 786788.451277682208456 ] } },
{ "type": "Feature", "properties": { "Layer": "ABEOKUTA_SPECIAL_PRIME", "Linetype": null, "EntityHand": "239", "Text": "S", "AREA_DEL": "SPECIAL_PRIME", "polygon": null, "x": 538156.501, "y": 787954.26, "distance": 4915.0, "angle": 182.87086415067014 }, "geometry": { "type": "Point", "coordinates": [ 538695.499610697617754, 786783.457552905310877 ] } },
{ "type": "Feature", "properties": { "Layer": "ABEOKUTA_SPECIAL_PRIME", "Linetype": null, "EntityHand": "239", "Text": "S", "AREA_DEL": "SPECIAL_PRIME", "polygon": null, "x": 538156.501, "y": 787954.26, "distance": 4920.0, "angle": 182.87086415067014 }, "geometry": { "type": "Point", "coordinates": [ 538695.249185356195085, 786778.463828128296882 ] } },
{ "type": "Feature", "properties": { "Layer": "ABEOKUTA_SPECIAL_PRIME", "Linetype": null, "EntityHand": "239", "Text": "S", "AREA_DEL": "SPECIAL_PRIME", "polygon": null, "x": 538156.501, "y": 787954.26, "distance": 4925.0, "angle": 182.87086415067014 }, "geometry": { "type": "Point", "coordinates": [ 538694.998760014772415, 786773.470103351282887 ] } },
{ "type": "Feature", "properties": { "Layer": "ABEOKUTA_SPECIAL_PRIME", "Linetype": null, "EntityHand": "239", "Text": "S", "AREA_DEL": "SPECIAL_PRIME", "polygon": null, "x": 538156.501, "y": 787954.26, "distance": 4930.0, "angle": 182.87086415067014 }, "geometry": { "type": "Point", "coordinates": [ 538694.748334673349746, 786768.476378574268892 ] } },
{ "type": "Feature", "properties": { "Layer": "ABEOKUTA_SPECIAL_PRIME", "Linetype": null, "EntityHand": "239", "Text": "S", "AREA_DEL": "SPECIAL_PRIME", "polygon": null, "x": 538156.501, "y": 787954.26, "distance": 4935.0, "angle": 182.87086415067014 }, "geometry": { "type": "Point", "coordinates": [ 538694.497909331927076, 786763.482653797254898 ] } },
{ "type": "Feature", "properties": { "Layer": "ABEOKUTA_SPECIAL_PRIME", "Linetype": null, "EntityHand": "239", "Text": "S", "AREA_DEL": "SPECIAL_PRIME", "polygon": null, "x": 538156.501, "y": 787954.26, "distance": 4940.0, "angle": 182.87086415067014 }, "geometry": { "type": "Point", "coordinates": [ 538694.247483990504406, 786758.488929020240903 ] } },
{ "type": "Feature", "properties": { "Layer": "ABEOKUTA_SPECIAL_PRIME", "Linetype": null, "EntityHand": "239", "Text": "S", "AREA_DEL": "SPECIAL_PRIME", "polygon": null, "x": 538156.501, "y": 787954.26, "distance": 4945.0, "angle": 182.87086415067014 }, "geometry": { "type": "Point", "coordinates": [ 538693.997058649081737, 786753.495204243343323 ] } },
{ "type": "Feature", "properties": { "Layer": "ABEOKUTA_SPECIAL_PRIME", "Linetype": null, "EntityHand": "239", "Text": "S", "AREA_DEL": "SPECIAL_PRIME", "polygon": null, "x": 538156.501, "y": 787954.26, "distance": 4950.0, "angle": 258.61150254046993 }, "geometry": { "type": "Point", "coordinates": [ 538691.288197846733965, 786750.619143897667527 ] } },
{ "type": "Feature", "properties": { "Layer": "ABEOKUTA_SPECIAL_PRIME", "Linetype": null, "EntityHand": "239", "Text": "S", "AREA_DEL": "SPECIAL_PRIME", "polygon": null, "x": 538156.501, "y": 787954.26, "distance": 4955.0, "angle": 258.61150254046993 }, "geometry": { "type": "Point", "coordinates": [ 538686.386643666657619, 786749.631841198075563 ] } },
{ "type": "Feature", "properties": { "Layer": "ABEOKUTA_SPECIAL_PRIME", "Linetype": null, "EntityHand": "239", "Text": "S", "AREA_DEL": "SPECIAL_PRIME", "polygon": null, "x": 538156.501, "y": 787954.26, "distance": 4960.0, "angle": 258.61150254046993 }, "geometry": { "type": "Point", "coordinates": [ 538681.485089486697689, 786748.644538498600014 ] } },
{ "type": "Feature", "properties": { "Layer": "ABEOKUTA_SPECIAL_PRIME", "Linetype": null, "EntityHand": "239", "Text": "S", "AREA_DEL": "SPECIAL_PRIME", "polygon": null, "x": 538156.501, "y": 787954.26, "distance": 4965.0, "angle": 258.61150254046993 }, "geometry": { "type": "Point", "coordinates": [ 538676.583535306621343, 786747.657235799124464 ] } },
{ "type": "Feature", "properties": { "Layer": "ABEOKUTA_SPECIAL_PRIME", "Linetype": null, "EntityHand": "239", "Text": "S", "AREA_DEL": "SPECIAL_PRIME", "polygon": null, "x": 538156.501, "y": 787954.26, "distance": 4970.0, "angle": 258.61150254046993 }, "geometry": { "type": "Point", "coordinates": [ 538671.681981126661412, 786746.669933099648915 ] } },
{ "type": "Feature", "properties": { "Layer": "ABEOKUTA_SPECIAL_PRIME", "Linetype": null, "EntityHand": "239", "Text": "S", "AREA_DEL": "SPECIAL_PRIME", "polygon": null, "x": 538156.501, "y": 787954.26, "distance": 4975.0, "angle": 258.61150254046993 }, "geometry": { "type": "Point", "coordinates": [ 538666.780426946701482, 786745.682630400173366 ] } },
{ "type": "Feature", "properties": { "Layer": "ABEOKUTA_SPECIAL_PRIME", "Linetype": null, "EntityHand": "239", "Text": "S", "AREA_DEL": "SPECIAL_PRIME", "polygon": null, "x": 538156.501, "y": 787954.26, "distance": 4980.0, "angle": 258.61150254046993 }, "geometry": { "type": "Point", "coordinates": [ 538661.878872766625136, 786744.695327700697817 ] } },
{ "type": "Feature", "properties": { "Layer": "ABEOKUTA_SPECIAL_PRIME", "Linetype": null, "EntityHand": "239", "Text": "S", "AREA_DEL": "SPECIAL_PRIME", "polygon": null, "x": 538156.501, "y": 787954.26, "distance": 4985.0, "angle": 258.61150254046993 }, "geometry": { "type": "Point", "coordinates": [ 538656.977318586665206, 786743.708025001222268 ] } },
{ "type": "Feature", "properties": { "Layer": "ABEOKUTA_SPECIAL_PRIME", "Linetype": null, "EntityHand": "239", "Text": "S", "AREA_DEL": "SPECIAL_PRIME", "polygon": null, "x": 538156.501, "y": 787954.26, "distance": 4990.0, "angle": 258.61150254046993 }, "geometry": { "type": "Point", "coordinates": [ 538652.07576440658886, 786742.720722301746719 ] } },
{ "type": "Feature", "properties": { "Layer": "ABEOKUTA_SPECIAL_PRIME", "Linetype": null, "EntityHand": "239", "Text": "S", "AREA_DEL": "SPECIAL_PRIME", "polygon": null, "x": 538156.501, "y": 787954.26, "distance": 4995.0, "angle": 258.61150254046993 }, "geometry": { "type": "Point", "coordinates": [ 538647.174210226628929, 786741.733419602271169 ] } },
{ "type": "Feature", "properties": { "Layer": "ABEOKUTA_SPECIAL_PRIME", "Linetype": null, "EntityHand": "239", "Text": "S", "AREA_DEL": "SPECIAL_PRIME", "polygon": null, "x": 538156.501, "y": 787954.26, "distance": 5000.0, "angle": 258.61150254046993 }, "geometry": { "type": "Point", "coordinates": [ 538642.272656046552584, 786740.746116902679205 ] } },
{ "type": "Feature", "properties": { "Layer": "ABEOKUTA_SPECIAL_PRIME", "Linetype": null, "EntityHand": "239", "Text": "S", "AREA_DEL": "SPECIAL_PRIME", "polygon": null, "x": 538156.501, "y": 787954.26, "distance": 5005.0, "angle": 258.61150254046993 }, "geometry": { "type": "Point", "coordinates": [ 538637.371101866592653, 786739.758814203203656 ] } },
{ "type": "Feature", "properties": { "Layer": "ABEOKUTA_SPECIAL_PRIME", "Linetype": null, "EntityHand": "239", "Text": "S", "AREA_DEL": "SPECIAL_PRIME", "polygon": null, "x": 538156.501, "y": 787954.26, "distance": 5010.0, "angle": 258.61150254046993 }, "geometry": { "type": "Point", "coordinates": [ 538632.469547686632723, 786738.771511503728107 ] } },
{ "type": "Feature", "properties": { "Layer": "ABEOKUTA_SPECIAL_PRIME", "Linetype": null, "EntityHand": "239", "Text": "S", "AREA_DEL": "SPECIAL_PRIME", "polygon": null, "x": 538156.501, "y": 787954.26, "distance": 5015.0, "angle": 258.61150254046993 }, "geometry": { "type": "Point", "coordinates": [ 538627.567993506556377, 786737.784208804252557 ] } },
{ "type": "Feature", "properties": { "Layer": "ABEOKUTA_SPECIAL_PRIME", "Linetype": null, "EntityHand": "239", "Text": "S", "AREA_DEL": "SPECIAL_PRIME", "polygon": null, "x": 538156.501, "y": 787954.26, "distance": 5020.0, "angle": 258.61150254046993 }, "geometry": { "type": "Point", "coordinates": [ 538622.666439326596446, 786736.796906104777008 ] } },
{ "type": "Feature", "properties": { "Layer": "ABEOKUTA_SPECIAL_PRIME", "Linetype": null, "EntityHand": "239", "Text": "S", "AREA_DEL": "SPECIAL_PRIME", "polygon": null, "x": 538156.501, "y": 787954.26, "distance": 5025.0, "angle": 258.61150254046993 }, "geometry": { "type": "Point", "coordinates": [ 538617.764885146520101, 786735.809603405301459 ] } },
{ "type": "Feature", "properties": { "Layer": "ABEOKUTA_SPECIAL_PRIME", "Linetype": null, "EntityHand": "239", "Text": "S", "AREA_DEL": "SPECIAL_PRIME", "polygon": null, "x": 538156.501, "y": 787954.26, "distance": 5030.0, "angle": 258.61150254046993 }, "geometry": { "type": "Point", "coordinates": [ 538612.86333096656017, 786734.82230070582591 ] } },
{ "type": "Feature", "properties": { "Layer": "ABEOKUTA_SPECIAL_PRIME", "Linetype": null, "EntityHand": "239", "Text": "S", "AREA_DEL": "SPECIAL_PRIME", "polygon": null, "x": 538156.501, "y": 787954.26, "distance": 5035.0, "angle": 258.61150254046993 }, "geometry": { "type": "Point", "coordinates": [ 538607.961776786483824, 786733.834998006350361 ] } },
{ "type": "Feature", "properties": { "Layer": "ABEOKUTA_SPECIAL_PRIME", "Linetype": null, "EntityHand": "239", "Text": "S", "AREA_DEL": "SPECIAL_PRIME", "polygon": null, "x": 538156.501, "y": 787954.26, "distance": 5040.0, "angle": 258.61150254046993 }, "geometry": { "type": "Point", "coordinates": [ 538603.060222606523894, 786732.847695306874812 ] } },
{ "type": "Feature", "properties": { "Layer": "ABEOKUTA_SPECIAL_PRIME", "Linetype": null, "EntityHand": "239", "Text": "S", "AREA_DEL": "SPECIAL_PRIME", "polygon": null, "x": 538156.501, "y": 787954.26, "distance": 5045.0, "angle": 258.61150254046993 }, "geometry": { "type": "Point", "coordinates": [ 538598.158668426447548, 786731.860392607399262 ] } },
{ "type": "Feature", "properties": { "Layer": "ABEOKUTA_SPECIAL_PRIME", "Linetype": null, "EntityHand": "239", "Text": "S", "AREA_DEL": "SPECIAL_PRIME", "polygon": null, "x": 538156.501, "y": 787954.26, "distance": 5050.0, "angle": 258.61150254046993 }, "geometry": { "type": "Point", "coordinates": [ 538593.257114246487617, 786730.873089907807298 ] } },
{ "type": "Feature", "properties": { "Layer": "ABEOKUTA_SPECIAL_PRIME", "Linetype": null, "EntityHand": "239", "Text": "S", "AREA_DEL": "SPECIAL_PRIME", "polygon": null, "x": 538156.501, "y": 787954.26, "distance": 5055.0, "angle": 258.61150254046993 }, "geometry": { "type": "Point", "coordinates": [ 538588.355560066527687, 786729.885787208331749 ] } },
{ "type": "Feature", "properties": { "Layer": "ABEOKUTA_SPECIAL_PRIME", "Linetype": null, "EntityHand": "239", "Text": "S", "AREA_DEL": "SPECIAL_PRIME", "polygon": null, "x": 538156.501, "y": 787954.26, "distance": 5060.0, "angle": 258.61150254046993 }, "geometry": { "type": "Point", "coordinates": [ 538583.454005886451341, 786728.8984845088562 ] } },
{ "type": "Feature", "properties": { "Layer": "ABEOKUTA_SPECIAL_PRIME", "Linetype": null, "EntityHand": "239", "Text": "S", "AREA_DEL": "SPECIAL_PRIME", "polygon": null, "x": 538156.501, "y": 787954.26, "distance": 5065.0, "angle": 258.61150254046993 }, "geometry": { "type": "Point", "coordinates": [ 538578.552451706491411, 786727.911181809380651 ] } },
{ "type": "Feature", "properties": { "Layer": "ABEOKUTA_SPECIAL_PRIME", "Linetype": null, "EntityHand": "239", "Text": "S", "AREA_DEL": "SPECIAL_PRIME", "polygon": null, "x": 538156.501, "y": 787954.26, "distance": 5070.0, "angle": 258.61150254046993 }, "geometry": { "type": "Point", "coordinates": [ 538573.650897526415065, 786726.923879109905101 ] } },
{ "type": "Feature", "properties": { "Layer": "ABEOKUTA_SPECIAL_PRIME", "Linetype": null, "EntityHand": "239", "Text": "S", "AREA_DEL": "SPECIAL_PRIME", "polygon": null, "x": 538156.501, "y": 787954.26, "distance": 5075.0, "angle": 258.61150254046993 }, "geometry": { "type": "Point", "coordinates": [ 538568.749343346455134, 786725.936576410429552 ] } },
{ "type": "Feature", "properties": { "Layer": "ABEOKUTA_SPECIAL_PRIME", "Linetype": null, "EntityHand": "239", "Text": "S", "AREA_DEL": "SPECIAL_PRIME", "polygon": null, "x": 538156.501, "y": 787954.26, "distance": 5080.0, "angle": 258.61150254046993 }, "geometry": { "type": "Point", "coordinates": [ 538563.847789166378789, 786724.949273710954003 ] } },
{ "type": "Feature", "properties": { "Layer": "ABEOKUTA_SPECIAL_PRIME", "Linetype": null, "EntityHand": "239", "Text": "S", "AREA_DEL": "SPECIAL_PRIME", "polygon": null, "x": 538156.501, "y": 787954.26, "distance": 5085.0, "angle": 258.61150254046993 }, "geometry": { "type": "Point", "coordinates": [ 538558.946234986418858, 786723.961971011478454 ] } },
{ "type": "Feature", "properties": { "Layer": "ABEOKUTA_SPECIAL_PRIME", "Linetype": null, "EntityHand": "239", "Text": "S", "AREA_DEL": "SPECIAL_PRIME", "polygon": null, "x": 538156.501, "y": 787954.26, "distance": 5090.0, "angle": 258.61150254046993 }, "geometry": { "type": "Point", "coordinates": [ 538554.044680806458928, 786722.974668312002905 ] } },
{ "type": "Feature", "properties": { "Layer": "ABEOKUTA_SPECIAL_PRIME", "Linetype": null, "EntityHand": "239", "Text": "S", "AREA_DEL": "SPECIAL_PRIME", "polygon": null, "x": 538156.501, "y": 787954.26, "distance": 5095.0, "angle": 258.61150254046993 }, "geometry": { "type": "Point", "coordinates": [ 538549.143126626382582, 786721.98736561241094 ] } },
{ "type": "Feature", "properties": { "Layer": "ABEOKUTA_SPECIAL_PRIME", "Linetype": null, "EntityHand": "239", "Text": "S", "AREA_DEL": "SPECIAL_PRIME", "polygon": null, "x": 538156.501, "y": 787954.26, "distance": 5100.0, "angle": 258.61150254046993 }, "geometry": { "type": "Point", "coordinates": [ 538544.241572446422651, 786721.000062912935391 ] } },
{ "type": "Feature", "properties": { "Layer": "ABEOKUTA_SPECIAL_PRIME", "Linetype": null, "EntityHand": "239", "Text": "S", "AREA_DEL": "SPECIAL_PRIME", "polygon": null, "x": 538156.501, "y": 787954.26, "distance": 5105.0, "angle": 258.61150254046993 }, "geometry": { "type": "Point", "coordinates": [ 538539.340018266346306, 786720.012760213459842 ] } },
{ "type": "Feature", "properties": { "Layer": "ABEOKUTA_SPECIAL_PRIME", "Linetype": null, "EntityHand": "239", "Text": "S", "AREA_DEL": "SPECIAL_PRIME", "polygon": null, "x": 538156.501, "y": 787954.26, "distance": 5110.0, "angle": 258.61150254046993 }, "geometry": { "type": "Point", "coordinates": [ 538534.438464086386375, 786719.025457513984293 ] } },
{ "type": "Feature", "properties": { "Layer": "ABEOKUTA_SPECIAL_PRIME", "Linetype": null, "EntityHand": "239", "Text": "S", "AREA_DEL": "SPECIAL_PRIME", "polygon": null, "x": 538156.501, "y": 787954.26, "distance": 5115.0, "angle": 258.61150254046993 }, "geometry": { "type": "Point", "coordinates": [ 538529.536909906310029, 786718.038154814508744 ] } },
{ "type": "Feature", "properties": { "Layer": "ABEOKUTA_SPECIAL_PRIME", "Linetype": null, "EntityHand": "239", "Text": "S", "AREA_DEL": "SPECIAL_PRIME", "polygon": null, "x": 538156.501, "y": 787954.26, "distance": 5120.0, "angle": 258.61150254046993 }, "geometry": { "type": "Point", "coordinates": [ 538524.635355726350099, 786717.050852115033194 ] } },
{ "type": "Feature", "properties": { "Layer": "ABEOKUTA_SPECIAL_PRIME", "Linetype": null, "EntityHand": "239", "Text": "S", "AREA_DEL": "SPECIAL_PRIME", "polygon": null, "x": 538156.501, "y": 787954.26, "distance": 5125.0, "angle": 258.61150254046993 }, "geometry": { "type": "Point", "coordinates": [ 538519.733801546273753, 786716.063549415557645 ] } },
{ "type": "Feature", "properties": { "Layer": "ABEOKUTA_SPECIAL_PRIME", "Linetype": null, "EntityHand": "239", "Text": "S", "AREA_DEL": "SPECIAL_PRIME", "polygon": null, "x": 538156.501, "y": 787954.26, "distance": 5130.0, "angle": 258.61150254046993 }, "geometry": { "type": "Point", "coordinates": [ 538514.832247366313823, 786715.076246716082096 ] } },
{ "type": "Feature", "properties": { "Layer": "ABEOKUTA_SPECIAL_PRIME", "Linetype": null, "EntityHand": "239", "Text": "S", "AREA_DEL": "SPECIAL_PRIME", "polygon": null, "x": 538156.501, "y": 787954.26, "distance": 5135.0, "angle": 258.61150254046993 }, "geometry": { "type": "Point", "coordinates": [ 538509.930693186353892, 786714.088944016606547 ] } },
{ "type": "Feature", "properties": { "Layer": "ABEOKUTA_SPECIAL_PRIME", "Linetype": null, "EntityHand": "239", "Text": "S", "AREA_DEL": "SPECIAL_PRIME", "polygon": null, "x": 538156.501, "y": 787954.26, "distance": 5140.0, "angle": 258.61150254046993 }, "geometry": { "type": "Point", "coordinates": [ 538505.029139006277546, 786713.101641317130998 ] } },
{ "type": "Feature", "properties": { "Layer": "ABEOKUTA_SPECIAL_PRIME", "Linetype": null, "EntityHand": "239", "Text": "S", "AREA_DEL": "SPECIAL_PRIME", "polygon": null, "x": 538156.501, "y": 787954.26, "distance": 5145.0, "angle": 258.61150254046993 }, "geometry": { "type": "Point", "coordinates": [ 538500.127584826317616, 786712.114338617539033 ] } },
{ "type": "Feature", "properties": { "Layer": "ABEOKUTA_SPECIAL_PRIME", "Linetype": null, "EntityHand": "239", "Text": "S", "AREA_DEL": "SPECIAL_PRIME", "polygon": null, "x": 538156.501, "y": 787954.26, "distance": 5150.0, "angle": 258.61150254046993 }, "geometry": { "type": "Point", "coordinates": [ 538495.22603064624127, 786711.127035918063484 ] } },
{ "type": "Feature", "properties": { "Layer": "ABEOKUTA_SPECIAL_PRIME", "Linetype": null, "EntityHand": "239", "Text": "S", "AREA_DEL": "SPECIAL_PRIME", "polygon": null, "x": 538156.501, "y": 787954.26, "distance": 5155.0, "angle": 266.47991374711347 }, "geometry": { "type": "Point", "coordinates": [ 538490.286766683566384, 786710.427943972637877 ] } },
{ "type": "Feature", "properties": { "Layer": "ABEOKUTA_SPECIAL_PRIME", "Linetype": null, "EntityHand": "239", "Text": "S", "AREA_DEL": "SPECIAL_PRIME", "polygon": null, "x": 538156.501, "y": 787954.26, "distance": 5160.0, "angle": 266.47991374711347 }, "geometry": { "type": "Point", "coordinates": [ 538485.296200007433072, 786710.120951706892811 ] } },
{ "type": "Feature", "properties": { "Layer": "ABEOKUTA_SPECIAL_PRIME", "Linetype": null, "EntityHand": "239", "Text": "S", "AREA_DEL": "SPECIAL_PRIME", "polygon": null, "x": 538156.501, "y": 787954.26, "distance": 5165.0, "angle": 266.47991374711347 }, "geometry": { "type": "Point", "coordinates": [ 538480.305633331299759, 786709.81395944126416 ] } },
{ "type": "Feature", "properties": { "Layer": "ABEOKUTA_SPECIAL_PRIME", "Linetype": null, "EntityHand": "239", "Text": "S", "AREA_DEL": "SPECIAL_PRIME", "polygon": null, "x": 538156.501, "y": 787954.26, "distance": 5170.0, "angle": 266.47991374711347 }, "geometry": { "type": "Point", "coordinates": [ 538475.315066655166447, 786709.506967175519094 ] } },
{ "type": "Feature", "properties": { "Layer": "ABEOKUTA_SPECIAL_PRIME", "Linetype": null, "EntityHand": "239", "Text": "S", "AREA_DEL": "SPECIAL_PRIME", "polygon": null, "x": 538156.501, "y": 787954.26, "distance": 5175.0, "angle": 266.47991374711347 }, "geometry": { "type": "Point", "coordinates": [ 538470.324499979033135, 786709.199974909890443 ] } },
{ "type": "Feature", "properties": { "Layer": "ABEOKUTA_SPECIAL_PRIME", "Linetype": null, "EntityHand": "239", "Text": "S", "AREA_DEL": "SPECIAL_PRIME", "polygon": null, "x": 538156.501, "y": 787954.26, "distance": 5180.0, "angle": 266.47991374711347 }, "geometry": { "type": "Point", "coordinates": [ 538465.333933303016238, 786708.892982644145377 ] } },
{ "type": "Feature", "properties": { "Layer": "ABEOKUTA_SPECIAL_PRIME", "Linetype": null, "EntityHand": "239", "Text": "S", "AREA_DEL": "SPECIAL_PRIME", "polygon": null, "x": 538156.501, "y": 787954.26, "distance": 5185.0, "angle": 266.47991374711347 }, "geometry": { "type": "Point", "coordinates": [ 538460.343366626882926, 786708.585990378516726 ] } },
{ "type": "Feature", "properties": { "Layer": "ABEOKUTA_SPECIAL_PRIME", "Linetype": null, "EntityHand": "239", "Text": "S", "AREA_DEL": "SPECIAL_PRIME", "polygon": null, "x": 538156.501, "y": 787954.26, "distance": 5190.0, "angle": 266.47991374711347 }, "geometry": { "type": "Point", "coordinates": [ 538455.352799950749613, 786708.27899811277166 ] } },
{ "type": "Feature", "properties": { "Layer": "ABEOKUTA_SPECIAL_PRIME", "Linetype": null, "EntityHand": "239", "Text": "S", "AREA_DEL": "SPECIAL_PRIME", "polygon": null, "x": 538156.501, "y": 787954.26, "distance": 5195.0, "angle": 266.47991374711347 }, "geometry": { "type": "Point", "coordinates": [ 538450.362233274616301, 786707.972005847143009 ] } },
{ "type": "Feature", "properties": { "Layer": "ABEOKUTA_SPECIAL_PRIME", "Linetype": null, "EntityHand": "239", "Text": "S", "AREA_DEL": "SPECIAL_PRIME", "polygon": null, "x": 538156.501, "y": 787954.26, "distance": 5200.0, "angle": 266.47991374711347 }, "geometry": { "type": "Point", "coordinates": [ 538445.371666598482989, 786707.665013581397943 ] } },
{ "type": "Feature", "properties": { "Layer": "ABEOKUTA_SPECIAL_PRIME", "Linetype": null, "EntityHand": "239", "Text": "S", "AREA_DEL": "SPECIAL_PRIME", "polygon": null, "x": 538156.501, "y": 787954.26, "distance": 5205.0, "angle": 326.17688714908275 }, "geometry": { "type": "Point", "coordinates": [ 538441.229419834096916, 786709.072326391004026 ] } },
{ "type": "Feature", "properties": { "Layer": "ABEOKUTA_SPECIAL_PRIME", "Linetype": null, "EntityHand": "239", "Text": "S", "AREA_DEL": "SPECIAL_PRIME", "polygon": null, "x": 538156.501, "y": 787954.26, "distance": 5210.0, "angle": 326.17688714908275 }, "geometry": { "type": "Point", "coordinates": [ 538438.446265906561166, 786713.226126363966614 ] } },
{ "type": "Feature", "properties": { "Layer": "ABEOKUTA_SPECIAL_PRIME", "Linetype": null, "EntityHand": "239", "Text": "S", "AREA_DEL": "SPECIAL_PRIME", "polygon": null, "x": 538156.501, "y": 787954.26, "distance": 5215.0, "angle": 326.17688714908275 }, "geometry": { "type": "Point", "coordinates": [ 538435.663111979025416, 786717.379926337045617 ] } },
{ "type": "Feature", "properties": { "Layer": "ABEOKUTA_SPECIAL_PRIME", "Linetype": null, "EntityHand": "239", "Text": "S", "AREA_DEL": "SPECIAL_PRIME", "polygon": null, "x": 538156.501, "y": 787954.26, "distance": 5220.0, "angle": 326.17688714908275 }, "geometry": { "type": "Point", "coordinates": [ 538432.879958051606081, 786721.533726310008205 ] } },
{ "type": "Feature", "properties": { "Layer": "ABEOKUTA_SPECIAL_PRIME", "Linetype": null, "EntityHand": "239", "Text": "S", "AREA_DEL": "SPECIAL_PRIME", "polygon": null, "x": 538156.501, "y": 787954.26, "distance": 5225.0, "angle": 19.997127128097784 }, "geometry": { "type": "Point", "coordinates": [ 538432.730145414592698, 786726.006801513722166 ] } },
{ "type": "Feature", "properties": { "Layer": "ABEOKUTA_SPECIAL_PRIME", "Linetype": null, "EntityHand": "239", "Text": "S", "AREA_DEL": "SPECIAL_PRIME", "polygon": null, "x": 538156.501, "y": 787954.26, "distance": 5230.0, "angle": 19.997127128097784 }, "geometry": { "type": "Point", "coordinates": [ 538434.440010543097742, 786730.705350358039141 ] } },
{ "type": "Feature", "properties": { "Layer": "ABEOKUTA_SPECIAL_PRIME", "Linetype": null, "EntityHand": "239", "Text": "S", "AREA_DEL": "SPECIAL_PRIME", "polygon": null, "x": 538156.501, "y": 787954.26, "distance": 5235.0, "angle": 19.997127128097784 }, "geometry": { "type": "Point", "coordinates": [ 538436.149875671602786, 786735.403899202356115 ] } },
{ "type": "Feature", "properties": { "Layer": "ABEOKUTA_SPECIAL_PRIME", "Linetype": null, "EntityHand": "239", "Text": "S", "AREA_DEL": "SPECIAL_PRIME", "polygon": null, "x": 538156.501, "y": 787954.26, "distance": 5240.0, "angle": 19.997127128097784 }, "geometry": { "type": "Point", "coordinates": [ 538437.859740800107829, 786740.102448046673089 ] } },
{ "type": "Feature", "properties": { "Layer": "ABEOKUTA_SPECIAL_PRIME", "Linetype": null, "EntityHand": "239", "Text": "S", "AREA_DEL": "SPECIAL_PRIME", "polygon": null, "x": 538156.501, "y": 787954.26, "distance": 5245.0, "angle": 19.997127128097784 }, "geometry": { "type": "Point", "coordinates": [ 538439.569605928496458, 786744.800996890990064 ] } },
{ "type": "Feature", "properties": { "Layer": "ABEOKUTA_SPECIAL_PRIME", "Linetype": null, "EntityHand": "239", "Text": "S", "AREA_DEL": "SPECIAL_PRIME", "polygon": null, "x": 538156.501, "y": 787954.26, "distance": 5250.0, "angle": 19.997127128097784 }, "geometry": { "type": "Point", "coordinates": [ 538441.279471057001501, 786749.499545735307038 ] } },
{ "type": "Feature", "properties": { "Layer": "ABEOKUTA_SPECIAL_PRIME", "Linetype": null, "EntityHand": "239", "Text": "S", "AREA_DEL": "SPECIAL_PRIME", "polygon": null, "x": 538156.501, "y": 787954.26, "distance": 5255.0, "angle": 19.997127128097784 }, "geometry": { "type": "Point", "coordinates": [ 538442.989336185506545, 786754.198094579624012 ] } },
{ "type": "Feature", "properties": { "Layer": "ABEOKUTA_SPECIAL_PRIME", "Linetype": null, "EntityHand": "239", "Text": "S", "AREA_DEL": "SPECIAL_PRIME", "polygon": null, "x": 538156.501, "y": 787954.26, "distance": 5260.0, "angle": 19.997127128097784 }, "geometry": { "type": "Point", "coordinates": [ 538444.699201314011589, 786758.896643423940986 ] } },
{ "type": "Feature", "properties": { "Layer": "ABEOKUTA_SPECIAL_PRIME", "Linetype": null, "EntityHand": "239", "Text": "S", "AREA_DEL": "SPECIAL_PRIME", "polygon": null, "x": 538156.501, "y": 787954.26, "distance": 5265.0, "angle": 19.997127128097784 }, "geometry": { "type": "Point", "coordinates": [ 538446.409066442516632, 786763.595192268257961 ] } },
{ "type": "Feature", "properties": { "Layer": "ABEOKUTA_SPECIAL_PRIME", "Linetype": null, "EntityHand": "239", "Text": "S", "AREA_DEL": "SPECIAL_PRIME", "polygon": null, "x": 538156.501, "y": 787954.26, "distance": 5270.0, "angle": 19.997127128097784 }, "geometry": { "type": "Point", "coordinates": [ 538448.118931571021676, 786768.293741112574935 ] } },
{ "type": "Feature", "properties": { "Layer": "ABEOKUTA_SPECIAL_PRIME", "Linetype": null, "EntityHand": "239", "Text": "S", "AREA_DEL": "SPECIAL_PRIME", "polygon": null, "x": 538156.501, "y": 787954.26, "distance": 5275.0, "angle": 19.997127128097784 }, "geometry": { "type": "Point", "coordinates": [ 538449.82879669952672, 786772.992289956891909 ] } },
{ "type": "Feature", "properties": { "Layer": "ABEOKUTA_SPECIAL_PRIME", "Linetype": null, "EntityHand": "239", "Text": "S", "AREA_DEL": "SPECIAL_PRIME", "polygon": null, "x": 538156.501, "y": 787954.26, "distance": 5280.0, "angle": 19.997127128097784 }, "geometry": { "type": "Point", "coordinates": [ 538451.538661828031763, 786777.690838801208884 ] } },
{ "type": "Feature", "properties": { "Layer": "ABEOKUTA_SPECIAL_PRIME", "Linetype": null, "EntityHand": "239", "Text": "S", "AREA_DEL": "SPECIAL_PRIME", "polygon": null, "x": 538156.501, "y": 787954.26, "distance": 5285.0, "angle": 4.9038126284411403 }, "geometry": { "type": "Point", "coordinates": [ 538452.510102852364071, 786782.552422741893679 ] } },
{ "type": "Feature", "properties": { "Layer": "ABEOKUTA_SPECIAL_PRIME", "Linetype": null, "EntityHand": "239", "Text": "S", "AREA_DEL": "SPECIAL_PRIME", "polygon": null, "x": 538156.501, "y": 787954.26, "distance": 5290.0, "angle": 4.9038126284411403 }, "geometry": { "type": "Point", "coordinates": [ 538452.93751896568574, 786787.534120792406611 ] } },
{ "type": "Feature", "properties": { "Layer": "ABEOKUTA_SPECIAL_PRIME", "Linetype": null, "EntityHand": "239", "Text": "S", "AREA_DEL": "SPECIAL_PRIME", "polygon": null, "x": 538156.501, "y": 787954.26, "distance": 5295.0, "angle": 4.9038126284411403 }, "geometry": { "type": "Point", "coordinates": [ 538453.36493507900741, 786792.515818842919543 ] } },
{ "type": "Feature", "properties": { "Layer": "ABEOKUTA_SPECIAL_PRIME", "Linetype": null, "EntityHand": "239", "Text": "S", "AREA_DEL": "SPECIAL_PRIME", "polygon": null, "x": 538156.501, "y": 787954.26, "distance": 5300.0, "angle": 4.9038126284411403 }, "geometry": { "type": "Point", "coordinates": [ 538453.792351192445494, 786797.49751689331606 ] } },
{ "type": "Feature", "properties": { "Layer": "ABEOKUTA_SPECIAL_PRIME", "Linetype": null, "EntityHand": "239", "Text": "S", "AREA_DEL": "SPECIAL_PRIME", "polygon": null, "x": 538156.501, "y": 787954.26, "distance": 5305.0, "angle": 4.9038126284411403 }, "geometry": { "type": "Point", "coordinates": [ 538454.219767305767164, 786802.479214943828993 ] } },
{ "type": "Feature", "properties": { "Layer": "ABEOKUTA_SPECIAL_PRIME", "Linetype": null, "EntityHand": "239", "Text": "S", "AREA_DEL": "SPECIAL_PRIME", "polygon": null, "x": 538156.501, "y": 787954.26, "distance": 5310.0, "angle": 4.9038126284411403 }, "geometry": { "type": "Point", "coordinates": [ 538454.647183419205248, 786807.460912994341925 ] } },
{ "type": "Feature", "properties": { "Layer": "ABEOKUTA_SPECIAL_PRIME", "Linetype": null, "EntityHand": "239", "Text": "S", "AREA_DEL": "SPECIAL_PRIME", "polygon": null, "x": 538156.501, "y": 787954.26, "distance": 5315.0, "angle": 4.9038126284411403 }, "geometry": { "type": "Point", "coordinates": [ 538455.074599532526918, 786812.442611044738442 ] } },
{ "type": "Feature", "properties": { "Layer": "ABEOKUTA_SPECIAL_PRIME", "Linetype": null, "EntityHand": "239", "Text": "S", "AREA_DEL": "SPECIAL_PRIME", "polygon": null, "x": 538156.501, "y": 787954.26, "distance": 5320.0, "angle": 4.9038126284411403 }, "geometry": { "type": "Point", "coordinates": [ 538455.502015645848587, 786817.424309095251374 ] } },
{ "type": "Feature", "properties": { "Layer": "ABEOKUTA_SPECIAL_PRIME", "Linetype": null, "EntityHand": "239", "Text": "S", "AREA_DEL": "SPECIAL_PRIME", "polygon": null, "x": 538156.501, "y": 787954.26, "distance": 5325.0, "angle": 4.9038126284411403 }, "geometry": { "type": "Point", "coordinates": [ 538455.929431759286672, 786822.406007145647891 ] } },
{ "type": "Feature", "properties": { "Layer": "ABEOKUTA_SPECIAL_PRIME", "Linetype": null, "EntityHand": "239", "Text": "S", "AREA_DEL": "SPECIAL_PRIME", "polygon": null, "x": 538156.501, "y": 787954.26, "distance": 5330.0, "angle": 4.9038126284411403 }, "geometry": { "type": "Point", "coordinates": [ 538456.356847872608341, 786827.387705196160823 ] } },
{ "type": "Feature", "properties": { "Layer": "ABEOKUTA_SPECIAL_PRIME", "Linetype": null, "EntityHand": "239", "Text": "S", "AREA_DEL": "SPECIAL_PRIME", "polygon": null, "x": 538156.501, "y": 787954.26, "distance": 5335.0, "angle": 4.9038126284411403 }, "geometry": { "type": "Point", "coordinates": [ 538456.784263985930011, 786832.369403246673755 ] } },
{ "type": "Feature", "properties": { "Layer": "ABEOKUTA_SPECIAL_PRIME", "Linetype": null, "EntityHand": "239", "Text": "S", "AREA_DEL": "SPECIAL_PRIME", "polygon": null, "x": 538156.501, "y": 787954.26, "distance": 5340.0, "angle": 4.9038126284411403 }, "geometry": { "type": "Point", "coordinates": [ 538457.211680099368095, 786837.351101297070272 ] } },
{ "type": "Feature", "properties": { "Layer": "ABEOKUTA_SPECIAL_PRIME", "Linetype": null, "EntityHand": "239", "Text": "S", "AREA_DEL": "SPECIAL_PRIME", "polygon": null, "x": 538156.501, "y": 787954.26, "distance": 5345.0, "angle": 4.9038126284411403 }, "geometry": { "type": "Point", "coordinates": [ 538457.639096212689765, 786842.332799347583205 ] } },
{ "type": "Feature", "properties": { "Layer": "ABEOKUTA_SPECIAL_PRIME", "Linetype": null, "EntityHand": "239", "Text": "S", "AREA_DEL": "SPECIAL_PRIME", "polygon": null, "x": 538156.501, "y": 787954.26, "distance": 5350.0, "angle": 4.9038126284411403 }, "geometry": { "type": "Point", "coordinates": [ 538458.066512326011434, 786847.314497397979721 ] } },
{ "type": "Feature", "properties": { "Layer": "ABEOKUTA_SPECIAL_PRIME", "Linetype": null, "EntityHand": "239", "Text": "S", "AREA_DEL": "SPECIAL_PRIME", "polygon": null, "x": 538156.501, "y": 787954.26, "distance": 5355.0, "angle": 4.9038126284411403 }, "geometry": { "type": "Point", "coordinates": [ 538458.493928439449519, 786852.296195448492654 ] } },
{ "type": "Feature", "properties": { "Layer": "ABEOKUTA_SPECIAL_PRIME", "Linetype": null, "EntityHand": "239", "Text": "S", "AREA_DEL": "SPECIAL_PRIME", "polygon": null, "x": 538156.501, "y": 787954.26, "distance": 5360.0, "angle": 4.9038126284411403 }, "geometry": { "type": "Point", "coordinates": [ 538458.921344552771188, 786857.277893499005586 ] } },
{ "type": "Feature", "properties": { "Layer": "ABEOKUTA_SPECIAL_PRIME", "Linetype": null, "EntityHand": "239", "Text": "S", "AREA_DEL": "SPECIAL_PRIME", "polygon": null, "x": 538156.501, "y": 787954.26, "distance": 5365.0, "angle": 4.9038126284411403 }, "geometry": { "type": "Point", "coordinates": [ 538459.348760666209273, 786862.259591549402103 ] } },
{ "type": "Feature", "properties": { "Layer": "ABEOKUTA_SPECIAL_PRIME", "Linetype": null, "EntityHand": "239", "Text": "S", "AREA_DEL": "SPECIAL_PRIME", "polygon": null, "x": 538156.501, "y": 787954.26, "distance": 5370.0, "angle": 4.9038126284411403 }, "geometry": { "type": "Point", "coordinates": [ 538459.776176779530942, 786867.241289599915035 ] } },
{ "type": "Feature", "properties": { "Layer": "ABEOKUTA_SPECIAL_PRIME", "Linetype": null, "EntityHand": "239", "Text": "S", "AREA_DEL": "SPECIAL_PRIME", "polygon": null, "x": 538156.501, "y": 787954.26, "distance": 5375.0, "angle": 4.9038126284411403 }, "geometry": { "type": "Point", "coordinates": [ 538460.203592892852612, 786872.222987650427967 ] } },
{ "type": "Feature", "properties": { "Layer": "ABEOKUTA_SPECIAL_PRIME", "Linetype": null, "EntityHand": "239", "Text": "S", "AREA_DEL": "SPECIAL_PRIME", "polygon": null, "x": 538156.501, "y": 787954.26, "distance": 5380.0, "angle": 356.54097502910304 }, "geometry": { "type": "Point", "coordinates": [ 538460.11413393879775, 786877.21120288502425 ] } },
{ "type": "Feature", "properties": { "Layer": "ABEOKUTA_SPECIAL_PRIME", "Linetype": null, "EntityHand": "239", "Text": "S", "AREA_DEL": "SPECIAL_PRIME", "polygon": null, "x": 538156.501, "y": 787954.26, "distance": 5385.0, "angle": 356.54097502910304 }, "geometry": { "type": "Point", "coordinates": [ 538459.812460395274684, 786882.202093894942664 ] } },
{ "type": "Feature", "properties": { "Layer": "ABEOKUTA_SPECIAL_PRIME", "Linetype": null, "EntityHand": "239", "Text": "S", "AREA_DEL": "SPECIAL_PRIME", "polygon": null, "x": 538156.501, "y": 787954.26, "distance": 5390.0, "angle": 356.54097502910304 }, "geometry": { "type": "Point", "coordinates": [ 538459.510786851635203, 786887.192984904861078 ] } },
{ "type": "Feature", "properties": { "Layer": "ABEOKUTA_SPECIAL_PRIME", "Linetype": null, "EntityHand": "239", "Text": "S", "AREA_DEL": "SPECIAL_PRIME", "polygon": null, "x": 538156.501, "y": 787954.26, "distance": 5395.0, "angle": 356.54097502910304 }, "geometry": { "type": "Point", "coordinates": [ 538459.209113308112137, 786892.183875914779492 ] } },
{ "type": "Feature", "properties": { "Layer": "ABEOKUTA_SPECIAL_PRIME", "Linetype": null, "EntityHand": "239", "Text": "S", "AREA_DEL": "SPECIAL_PRIME", "polygon": null, "x": 538156.501, "y": 787954.26, "distance": 5400.0, "angle": 356.54097502910304 }, "geometry": { "type": "Point", "coordinates": [ 538458.907439764472656, 786897.174766924697906 ] } },
{ "type": "Feature", "properties": { "Layer": "ABEOKUTA_SPECIAL_PRIME", "Linetype": null, "EntityHand": "239", "Text": "S", "AREA_DEL": "SPECIAL_PRIME", "polygon": null, "x": 538156.501, "y": 787954.26, "distance": 5405.0, "angle": 356.54097502910304 }, "geometry": { "type": "Point", "coordinates": [ 538458.60576622094959, 786902.165657934732735 ] } },
{ "type": "Feature", "properties": { "Layer": "ABEOKUTA_SPECIAL_PRIME", "Linetype": null, "EntityHand": "239", "Text": "S", "AREA_DEL": "SPECIAL_PRIME", "polygon": null, "x": 538156.501, "y": 787954.26, "distance": 5410.0, "angle": 356.54097502910304 }, "geometry": { "type": "Point", "coordinates": [ 538458.304092677426524, 786907.156548944651149 ] } },
{ "type": "Feature", "properties": { "Layer": "ABEOKUTA_SPECIAL_PRIME", "Linetype": null, "EntityHand": "239", "Text": "S", "AREA_DEL": "SPECIAL_PRIME", "polygon": null, "x": 538156.501, "y": 787954.26, "distance": 5415.0, "angle": 356.54097502910304 }, "geometry": { "type": "Point", "coordinates": [ 538458.002419133787043, 786912.147439954569563 ] } },
{ "type": "Feature", "properties": { "Layer": "ABEOKUTA_SPECIAL_PRIME", "Linetype": null, "EntityHand": "239", "Text": "S", "AREA_DEL": "SPECIAL_PRIME", "polygon": null, "x": 538156.501, "y": 787954.26, "distance": 5420.0, "angle": 356.54097502910304 }, "geometry": { "type": "Point", "coordinates": [ 538457.700745590263978, 786917.138330964487977 ] } },
{ "type": "Feature", "properties": { "Layer": "ABEOKUTA_SPECIAL_PRIME", "Linetype": null, "EntityHand": "239", "Text": "S", "AREA_DEL": "SPECIAL_PRIME", "polygon": null, "x": 538156.501, "y": 787954.26, "distance": 5425.0, "angle": 356.54097502910304 }, "geometry": { "type": "Point", "coordinates": [ 538457.399072046740912, 786922.129221974406391 ] } },
{ "type": "Feature", "properties": { "Layer": "ABEOKUTA_SPECIAL_PRIME", "Linetype": null, "EntityHand": "239", "Text": "S", "AREA_DEL": "SPECIAL_PRIME", "polygon": null, "x": 538156.501, "y": 787954.26, "distance": 5430.0, "angle": 270.22870280384467 }, "geometry": { "type": "Point", "coordinates": [ 538454.907660138211213, 786924.803301873616874 ] } },
{ "type": "Feature", "properties": { "Layer": "ABEOKUTA_SPECIAL_PRIME", "Linetype": null, "EntityHand": "239", "Text": "S", "AREA_DEL": "SPECIAL_PRIME", "polygon": null, "x": 538156.501, "y": 787954.26, "distance": 5435.0, "angle": 270.22870280384467 }, "geometry": { "type": "Point", "coordinates": [ 538449.907699970644899, 786924.82325990521349 ] } },
{ "type": "Feature", "properties": { "Layer": "ABEOKUTA_SPECIAL_PRIME", "Linetype": null, "EntityHand": "239", "Text": "S", "AREA_DEL": "SPECIAL_PRIME", "polygon": null, "x": 538156.501, "y": 787954.26, "distance": 5440.0, "angle": 270.22870280384467 }, "geometry": { "type": "Point", "coordinates": [ 538444.907739803078584, 786924.843217936926521 ] } },
{ "type": "Feature", "properties": { "Layer": "ABEOKUTA_SPECIAL_PRIME", "Linetype": null, "EntityHand": "239", "Text": "S", "AREA_DEL": "SPECIAL_PRIME", "polygon": null, "x": 538156.501, "y": 787954.26, "distance": 5445.0, "angle": 270.22870280384467 }, "geometry": { "type": "Point", "coordinates": [ 538439.90777963551227, 786924.863175968639553 ] } },
{ "type": "Feature", "properties": { "Layer": "ABEOKUTA_SPECIAL_PRIME", "Linetype": null, "EntityHand": "239", "Text": "S", "AREA_DEL": "SPECIAL_PRIME", "polygon": null, "x": 538156.501, "y": 787954.26, "distance": 5450.0, "angle": 270.22870280384467 }, "geometry": { "type": "Point", "coordinates": [ 538434.907819468062371, 786924.883134000236169 ] } },
{ "type": "Feature", "properties": { "Layer": "ABEOKUTA_SPECIAL_PRIME", "Linetype": null, "EntityHand": "239", "Text": "S", "AREA_DEL": "SPECIAL_PRIME", "polygon": null, "x": 538156.501, "y": 787954.26, "distance": 5455.0, "angle": 270.22870280384467 }, "geometry": { "type": "Point", "coordinates": [ 538429.907859300496057, 786924.9030920319492 ] } },
{ "type": "Feature", "properties": { "Layer": "ABEOKUTA_SPECIAL_PRIME", "Linetype": null, "EntityHand": "239", "Text": "S", "AREA_DEL": "SPECIAL_PRIME", "polygon": null, "x": 538156.501, "y": 787954.26, "distance": 5460.0, "angle": 270.22870280384467 }, "geometry": { "type": "Point", "coordinates": [ 538424.907899132929742, 786924.923050063662231 ] } },
{ "type": "Feature", "properties": { "Layer": "ABEOKUTA_SPECIAL_PRIME", "Linetype": null, "EntityHand": "239", "Text": "S", "AREA_DEL": "SPECIAL_PRIME", "polygon": null, "x": 538156.501, "y": 787954.26, "distance": 5465.0, "angle": 270.22870280384467 }, "geometry": { "type": "Point", "coordinates": [ 538419.907938965363428, 786924.943008095375262 ] } },
{ "type": "Feature", "properties": { "Layer": "ABEOKUTA_SPECIAL_PRIME", "Linetype": null, "EntityHand": "239", "Text": "S", "AREA_DEL": "SPECIAL_PRIME", "polygon": null, "x": 538156.501, "y": 787954.26, "distance": 5470.0, "angle": 270.22870280384467 }, "geometry": { "type": "Point", "coordinates": [ 538414.907978797913529, 786924.962966126971878 ] } },
{ "type": "Feature", "properties": { "Layer": "ABEOKUTA_SPECIAL_PRIME", "Linetype": null, "EntityHand": "239", "Text": "S", "AREA_DEL": "SPECIAL_PRIME", "polygon": null, "x": 538156.501, "y": 787954.26, "distance": 5475.0, "angle": 270.22870280384467 }, "geometry": { "type": "Point", "coordinates": [ 538409.908018630347215, 786924.982924158684909 ] } },
{ "type": "Feature", "properties": { "Layer": "ABEOKUTA_SPECIAL_PRIME", "Linetype": null, "EntityHand": "239", "Text": "S", "AREA_DEL": "SPECIAL_PRIME", "polygon": null, "x": 538156.501, "y": 787954.26, "distance": 5480.0, "angle": 270.22870280384467 }, "geometry": { "type": "Point", "coordinates": [ 538404.9080584627809, 786925.002882190397941 ] } },
{ "type": "Feature", "properties": { "Layer": "ABEOKUTA_SPECIAL_PRIME", "Linetype": null, "EntityHand": "239", "Text": "S", "AREA_DEL": "SPECIAL_PRIME", "polygon": null, "x": 538156.501, "y": 787954.26, "distance": 5485.0, "angle": 270.22870280384467 }, "geometry": { "type": "Point", "coordinates": [ 538399.908098295214586, 786925.022840221994556 ] } },
{ "type": "Feature", "properties": { "Layer": "ABEOKUTA_SPECIAL_PRIME", "Linetype": null, "EntityHand": "239", "Text": "S", "AREA_DEL": "SPECIAL_PRIME", "polygon": null, "x": 538156.501, "y": 787954.26, "distance": 5490.0, "angle": 270.22870280384467 }, "geometry": { "type": "Point", "coordinates": [ 538394.908138127648272, 786925.042798253707588 ] } },
{ "type": "Feature", "properties": { "Layer": "ABEOKUTA_SPECIAL_PRIME", "Linetype": null, "EntityHand": "239", "Text": "S", "AREA_DEL": "SPECIAL_PRIME", "polygon": null, "x": 538156.501, "y": 787954.26, "distance": 5495.0, "angle": 270.22870280384467 }, "geometry": { "type": "Point", "coordinates": [ 538389.908177960198373, 786925.062756285420619 ] } },
{ "type": "Feature", "properties": { "Layer": "ABEOKUTA_SPECIAL_PRIME", "Linetype": null, "EntityHand": "239", "Text": "S", "AREA_DEL": "SPECIAL_PRIME", "polygon": null, "x": 538156.501, "y": 787954.26, "distance": 5500.0, "angle": 270.22870280384467 }, "geometry": { "type": "Point", "coordinates": [ 538384.908217792632058, 786925.08271431713365 ] } },
{ "type": "Feature", "properties": { "Layer": "ABEOKUTA_SPECIAL_PRIME", "Linetype": null, "EntityHand": "239", "Text": "S", "AREA_DEL": "SPECIAL_PRIME", "polygon": null, "x": 538156.501, "y": 787954.26, "distance": 5505.0, "angle": 270.22870280384467 }, "geometry": { "type": "Point", "coordinates": [ 538379.908257625065744, 786925.102672348730266 ] } },
{ "type": "Feature", "properties": { "Layer": "ABEOKUTA_SPECIAL_PRIME", "Linetype": null, "EntityHand": "239", "Text": "S", "AREA_DEL": "SPECIAL_PRIME", "polygon": null, "x": 538156.501, "y": 787954.26, "distance": 5510.0, "angle": 270.22870280384467 }, "geometry": { "type": "Point", "coordinates": [ 538374.90829745749943, 786925.122630380443297 ] } },
{ "type": "Feature", "properties": { "Layer": "ABEOKUTA_SPECIAL_PRIME", "Linetype": null, "EntityHand": "239", "Text": "S", "AREA_DEL": "SPECIAL_PRIME", "polygon": null, "x": 538156.501, "y": 787954.26, "distance": 5515.0, "angle": 270.22870280384467 }, "geometry": { "type": "Point", "coordinates": [ 538369.908337290049531, 786925.142588412156329 ] } },
{ "type": "Feature", "properties": { "Layer": "ABEOKUTA_SPECIAL_PRIME", "Linetype": null, "EntityHand": "239", "Text": "S", "AREA_DEL": "SPECIAL_PRIME", "polygon": null, "x": 538156.501, "y": 787954.26, "distance": 5520.0, "angle": 270.22870280384467 }, "geometry": { "type": "Point", "coordinates": [ 538364.908377122483216, 786925.162546443752944 ] } },
{ "type": "Feature", "properties": { "Layer": "ABEOKUTA_SPECIAL_PRIME", "Linetype": null, "EntityHand": "239", "Text": "S", "AREA_DEL": "SPECIAL_PRIME", "polygon": null, "x": 538156.501, "y": 787954.26, "distance": 5525.0, "angle": 270.22870280384467 }, "geometry": { "type": "Point", "coordinates": [ 538359.908416954916902, 786925.182504475465976 ] } },
{ "type": "Feature", "properties": { "Layer": "ABEOKUTA_SPECIAL_PRIME", "Linetype": null, "EntityHand": "239", "Text": "S", "AREA_DEL": "SPECIAL_PRIME", "polygon": null, "x": 538156.501, "y": 787954.26, "distance": 5530.0, "angle": 270.22870280384467 }, "geometry": { "type": "Point", "coordinates": [ 538354.908456787350588, 786925.202462507179007 ] } },
{ "type": "Feature", "properties": { "Layer": "ABEOKUTA_SPECIAL_PRIME", "Linetype": null, "EntityHand": "239", "Text": "S", "AREA_DEL": "SPECIAL_PRIME", "polygon": null, "x": 538156.501, "y": 787954.26, "distance": 5535.0, "angle": 270.22870280384467 }, "geometry": { "type": "Point", "coordinates": [ 538349.908496619900689, 786925.222420538892038 ] } },
{ "type": "Feature", "properties": { "Layer": "ABEOKUTA_SPECIAL_PRIME", "Linetype": null, "EntityHand": "239", "Text": "S", "AREA_DEL": "SPECIAL_PRIME", "polygon": null, "x": 538156.501, "y": 787954.26, "distance": 5540.0, "angle": 270.22870280384467 }, "geometry": { "type": "Point", "coordinates": [ 538344.908536452334374, 786925.242378570488654 ] } },
{ "type": "Feature", "properties": { "Layer": "ABEOKUTA_SPECIAL_PRIME", "Linetype": null, "EntityHand": "239", "Text": "S", "AREA_DEL": "SPECIAL_PRIME", "polygon": null, "x": 538156.501, "y": 787954.26, "distance": 5545.0, "angle": 270.22870280384467 }, "geometry": { "type": "Point", "coordinates": [ 538339.90857628476806, 786925.262336602201685 ] } },
{ "type": "Feature", "properties": { "Layer": "ABEOKUTA_SPECIAL_PRIME", "Linetype": null, "EntityHand": "239", "Text": "S", "AREA_DEL": "SPECIAL_PRIME", "polygon": null, "x": 538156.501, "y": 787954.26, "distance": 5550.0, "angle": 244.19517977326691 }, "geometry": { "type": "Point", "coordinates": [ 538334.990915701375343, 786924.919701887527481 ] } },
{ "type": "Feature", "properties": { "Layer": "ABEOKUTA_SPECIAL_PRIME", "Linetype": null, "EntityHand": "239", "Text": "S", "AREA_DEL": "SPECIAL_PRIME", "polygon": null, "x": 538156.501, "y": 787954.26, "distance": 5555.0, "angle": 244.19517977326691 }, "geometry": { "type": "Point", "coordinates": [ 538330.489504937781021, 786922.743167684529908 ] } },
{ "type": "Feature", "properties": { "Layer": "ABEOKUTA_SPECIAL_PRIME", "Linetype": null, "EntityHand": "239", "Text": "S", "AREA_DEL": "SPECIAL_PRIME", "polygon": null, "x": 538156.501, "y": 787954.26, "distance": 5560.0, "angle": 244.19517977326691 }, "geometry": { "type": "Point", "coordinates": [ 538325.988094174070284, 786920.566633481532335 ] } },
{ "type": "Feature", "properties": { "Layer": "ABEOKUTA_SPECIAL_PRIME", "Linetype": null, "EntityHand": "239", "Text": "S", "AREA_DEL": "SPECIAL_PRIME", "polygon": null, "x": 538156.501, "y": 787954.26, "distance": 5565.0, "angle": 244.19517977326691 }, "geometry": { "type": "Point", "coordinates": [ 538321.486683410359547, 786918.390099278534763 ] } },
{ "type": "Feature", "properties": { "Layer": "ABEOKUTA_SPECIAL_PRIME", "Linetype": null, "EntityHand": "239", "Text": "S", "AREA_DEL": "SPECIAL_PRIME", "polygon": null, "x": 538156.501, "y": 787954.26, "distance": 5570.0, "angle": 244.19517977326691 }, "geometry": { "type": "Point", "coordinates": [ 538316.985272646765225, 786916.213565075653605 ] } },
{ "type": "Feature", "properties": { "Layer": "ABEOKUTA_SPECIAL_PRIME", "Linetype": null, "EntityHand": "239", "Text": "S", "AREA_DEL": "SPECIAL_PRIME", "polygon": null, "x": 538156.501, "y": 787954.26, "distance": 5575.0, "angle": 244.19517977326691 }, "geometry": { "type": "Point", "coordinates": [ 538312.483861883054487, 786914.037030872656032 ] } },
{ "type": "Feature", "properties": { "Layer": "ABEOKUTA_SPECIAL_PRIME", "Linetype": null, "EntityHand": "239", "Text": "S", "AREA_DEL": "SPECIAL_PRIME", "polygon": null, "x": 538156.501, "y": 787954.26, "distance": 5580.0, "angle": 334.3644782491736 }, "geometry": { "type": "Point", "coordinates": [ 538309.504159118165262, 786916.210721592186019 ] } },
{ "type": "Feature", "properties": { "Layer": "ABEOKUTA_SPECIAL_PRIME", "Linetype": null, "EntityHand": "239", "Text": "S", "AREA_DEL": "SPECIAL_PRIME", "polygon": null, "x": 538156.501, "y": 787954.26, "distance": 5585.0, "angle": 245.82799139584807 }, "geometry": { "type": "Point", "coordinates": [ 538305.008147778105922, 786914.34260436729528 ] } },
{ "type": "Feature", "properties": { "Layer": "ABEOKUTA_SPECIAL_PRIME", "Linetype": null, "EntityHand": "239", "Text": "S", "AREA_DEL": "SPECIAL_PRIME", "polygon": null, "x": 538156.501, "y": 787954.26, "distance": 5590.0, "angle": 245.82799139584807 }, "geometry": { "type": "Point", "coordinates": [ 538300.446546418359503, 786912.295217487611808 ] } },
{ "type": "Feature", "properties": { "Layer": "ABEOKUTA_SPECIAL_PRIME", "Linetype": null, "EntityHand": "239", "Text": "S", "AREA_DEL": "SPECIAL_PRIME", "polygon": null, "x": 538156.501, "y": 787954.26, "distance": 5595.0, "angle": 245.82799139584807 }, "geometry": { "type": "Point", "coordinates": [ 538295.884945058613084, 786910.247830607928336 ] } },
{ "type": "Feature", "properties": { "Layer": "ABEOKUTA_SPECIAL_PRIME", "Linetype": null, "EntityHand": "239", "Text": "S", "AREA_DEL": "SPECIAL_PRIME", "polygon": null, "x": 538156.501, "y": 787954.26, "distance": 5600.0, "angle": 245.82799139584807 }, "geometry": { "type": "Point", "coordinates": [ 538291.323343698983081, 786908.200443728244863 ] } },
{ "type": "Feature", "properties": { "Layer": "ABEOKUTA_SPECIAL_PRIME", "Linetype": null, "EntityHand": "239", "Text": "S", "AREA_DEL": "SPECIAL_PRIME", "polygon": null, "x": 538156.501, "y": 787954.26, "distance": 5605.0, "angle": 245.82799139584807 }, "geometry": { "type": "Point", "coordinates": [ 538286.761742339236662, 786906.153056848561391 ] } },
{ "type": "Feature", "properties": { "Layer": "ABEOKUTA_SPECIAL_PRIME", "Linetype": null, "EntityHand": "239", "Text": "S", "AREA_DEL": "SPECIAL_PRIME", "polygon": null, "x": 538156.501, "y": 787954.26, "distance": 5610.0, "angle": 245.82799139584807 }, "geometry": { "type": "Point", "coordinates": [ 538282.200140979490243, 786904.105669968877919 ] } },
{ "type": "Feature", "properties": { "Layer": "ABEOKUTA_SPECIAL_PRIME", "Linetype": null, "EntityHand": "239", "Text": "S", "AREA_DEL": "SPECIAL_PRIME", "polygon": null, "x": 538156.501, "y": 787954.26, "distance": 5615.0, "angle": 245.82799139584807 }, "geometry": { "type": "Point", "coordinates": [ 538277.638539619860239, 786902.058283089194447 ] } },
{ "type": "Feature", "properties": { "Layer": "ABEOKUTA_SPECIAL_PRIME", "Linetype": null, "EntityHand": "239", "Text": "S", "AREA_DEL": "SPECIAL_PRIME", "polygon": null, "x": 538156.501, "y": 787954.26, "distance": 5620.0, "angle": 245.82799139584807 }, "geometry": { "type": "Point", "coordinates": [ 538273.07693826011382, 786900.010896209510975 ] } },
{ "type": "Feature", "properties": { "Layer": "ABEOKUTA_SPECIAL_PRIME", "Linetype": null, "EntityHand": "239", "Text": "S", "AREA_DEL": "SPECIAL_PRIME", "polygon": null, "x": 538156.501, "y": 787954.26, "distance": 5625.0, "angle": 245.82799139584807 }, "geometry": { "type": "Point", "coordinates": [ 538268.515336900367402, 786897.963509329827502 ] } },
{ "type": "Feature", "properties": { "Layer": "ABEOKUTA_SPECIAL_PRIME", "Linetype": null, "EntityHand": "239", "Text": "S", "AREA_DEL": "SPECIAL_PRIME", "polygon": null, "x": 538156.501, "y": 787954.26, "distance": 5630.0, "angle": 245.82799139584807 }, "geometry": { "type": "Point", "coordinates": [ 538263.953735540737398, 786895.91612245014403 ] } },
{ "type": "Feature", "properties": { "Layer": "ABEOKUTA_SPECIAL_PRIME", "Linetype": null, "EntityHand": "239", "Text": "S", "AREA_DEL": "SPECIAL_PRIME", "polygon": null, "x": 538156.501, "y": 787954.26, "distance": 5635.0, "angle": 245.82799139584807 }, "geometry": { "type": "Point", "coordinates": [ 538259.392134180990979, 786893.868735570460558 ] } },
{ "type": "Feature", "properties": { "Layer": "ABEOKUTA_SPECIAL_PRIME", "Linetype": null, "EntityHand": "239", "Text": "S", "AREA_DEL": "SPECIAL_PRIME", "polygon": null, "x": 538156.501, "y": 787954.26, "distance": 5640.0, "angle": 245.82799139584807 }, "geometry": { "type": "Point", "coordinates": [ 538254.83053282124456, 786891.821348690777086 ] } },
{ "type": "Feature", "properties": { "Layer": "ABEOKUTA_SPECIAL_PRIME", "Linetype": null, "EntityHand": "239", "Text": "S", "AREA_DEL": "SPECIAL_PRIME", "polygon": null, "x": 538156.501, "y": 787954.26, "distance": 5645.0, "angle": 245.82799139584807 }, "geometry": { "type": "Point", "coordinates": [ 538250.268931461614557, 786889.773961811093614 ] } },
{ "type": "Feature", "properties": { "Layer": "ABEOKUTA_SPECIAL_PRIME", "Linetype": null, "EntityHand": "239", "Text": "S", "AREA_DEL": "SPECIAL_PRIME", "polygon": null, "x": 538156.501, "y": 787954.26, "distance": 5650.0, "angle": 245.82799139584807 }, "geometry": { "type": "Point", "coordinates": [ 538245.707330101868138, 786887.726574931410141 ] } },
{ "type": "Feature", "properties": { "Layer": "ABEOKUTA_SPECIAL_PRIME", "Linetype": null, "EntityHand": "239", "Text": "S", "AREA_DEL": "SPECIAL_PRIME", "polygon": null, "x": 538156.501, "y": 787954.26, "distance": 5655.0, "angle": 245.82799139584807 }, "geometry": { "type": "Point", "coordinates": [ 538241.145728742121719, 786885.679188051726669 ] } },
{ "type": "Feature", "properties": { "Layer": "ABEOKUTA_SPECIAL_PRIME", "Linetype": null, "EntityHand": "239", "Text": "S", "AREA_DEL": "SPECIAL_PRIME", "polygon": null, "x": 538156.501, "y": 787954.26, "distance": 5660.0, "angle": 245.82799139584807 }, "geometry": { "type": "Point", "coordinates": [ 538236.5841273823753, 786883.631801172043197 ] } },
{ "type": "Feature", "properties": { "Layer": "ABEOKUTA_SPECIAL_PRIME", "Linetype": null, "EntityHand": "239", "Text": "S", "AREA_DEL": "SPECIAL_PRIME", "polygon": null, "x": 538156.501, "y": 787954.26, "distance": 5665.0, "angle": 245.82799139584807 }, "geometry": { "type": "Point", "coordinates": [ 538232.022526022745296, 786881.584414292359725 ] } },
{ "type": "Feature", "properties": { "Layer": "ABEOKUTA_SPECIAL_PRIME", "Linetype": null, "EntityHand": "239", "Text": "S", "AREA_DEL": "SPECIAL_PRIME", "polygon": null, "x": 538156.501, "y": 787954.26, "distance": 5670.0, "angle": 245.82799139584807 }, "geometry": { "type": "Point", "coordinates": [ 538227.460924662998877, 786879.537027412676252 ] } },
{ "type": "Feature", "properties": { "Layer": "ABEOKUTA_SPECIAL_PRIME", "Linetype": null, "EntityHand": "239", "Text": "S", "AREA_DEL": "SPECIAL_PRIME", "polygon": null, "x": 538156.501, "y": 787954.26, "distance": 5675.0, "angle": 245.82799139584807 }, "geometry": { "type": "Point", "coordinates": [ 538222.899323303252459, 786877.48964053299278 ] } },
{ "type": "Feature", "properties": { "Layer": "ABEOKUTA_SPECIAL_PRIME", "Linetype": null, "EntityHand": "239", "Text": "S", "AREA_DEL": "SPECIAL_PRIME", "polygon": null, "x": 538156.501, "y": 787954.26, "distance": 5680.0, "angle": 248.30073810467857 }, "geometry": { "type": "Point", "coordinates": [ 538218.326232879422605, 786875.469404955161735 ] } },
{ "type": "Feature", "properties": { "Layer": "ABEOKUTA_SPECIAL_PRIME", "Linetype": null, "EntityHand": "239", "Text": "S", "AREA_DEL": "SPECIAL_PRIME", "polygon": null, "x": 538156.501, "y": 787954.26, "distance": 5685.0, "angle": 248.30073810467857 }, "geometry": { "type": "Point", "coordinates": [ 538213.680546206072904, 786873.620731016038917 ] } },
{ "type": "Feature", "properties": { "Layer": "ABEOKUTA_SPECIAL_PRIME", "Linetype": null, "EntityHand": "239", "Text": "S", "AREA_DEL": "SPECIAL_PRIME", "polygon": null, "x": 538156.501, "y": 787954.26, "distance": 5690.0, "angle": 248.30073810467857 }, "geometry": { "type": "Point", "coordinates": [ 538209.034859532723203, 786871.772057076916099 ] } },
{ "type": "Feature", "properties": { "Layer": "ABEOKUTA_SPECIAL_PRIME", "Linetype": null, "EntityHand": "239", "Text": "S", "AREA_DEL": "SPECIAL_PRIME", "polygon": null, "x": 538156.501, "y": 787954.26, "distance": 5695.0, "angle": 248.30073810467857 }, "geometry": { "type": "Point", "coordinates": [ 538204.389172859373502, 786869.923383137676865 ] } },
{ "type": "Feature", "properties": { "Layer": "ABEOKUTA_SPECIAL_PRIME", "Linetype": null, "EntityHand": "239", "Text": "S", "AREA_DEL": "SPECIAL_PRIME", "polygon": null, "x": 538156.501, "y": 787954.26, "distance": 5700.0, "angle": 248.30073810467857 }, "geometry": { "type": "Point", "coordinates": [ 538199.743486186023802, 786868.074709198554046 ] } },
{ "type": "Feature", "properties": { "Layer": "ABEOKUTA_SPECIAL_PRIME", "Linetype": null, "EntityHand": "239", "Text": "S", "AREA_DEL": "SPECIAL_PRIME", "polygon": null, "x": 538156.501, "y": 787954.26, "distance": 5705.0, "angle": 248.30073810467857 }, "geometry": { "type": "Point", "coordinates": [ 538195.097799512674101, 786866.226035259431228 ] } },
{ "type": "Feature", "properties": { "Layer": "ABEOKUTA_SPECIAL_PRIME", "Linetype": null, "EntityHand": "239", "Text": "S", "AREA_DEL": "SPECIAL_PRIME", "polygon": null, "x": 538156.501, "y": 787954.26, "distance": 5710.0, "angle": 248.30073810467857 }, "geometry": { "type": "Point", "coordinates": [ 538190.452112839440815, 786864.37736132030841 ] } },
{ "type": "Feature", "properties": { "Layer": "ABEOKUTA_SPECIAL_PRIME", "Linetype": null, "EntityHand": "239", "Text": "S", "AREA_DEL": "SPECIAL_PRIME", "polygon": null, "x": 538156.501, "y": 787954.26, "distance": 5715.0, "angle": 248.30073810467857 }, "geometry": { "type": "Point", "coordinates": [ 538185.806426166091114, 786862.528687381185591 ] } },
{ "type": "Feature", "properties": { "Layer": "ABEOKUTA_SPECIAL_PRIME", "Linetype": null, "EntityHand": "239", "Text": "S", "AREA_DEL": "SPECIAL_PRIME", "polygon": null, "x": 538156.501, "y": 787954.26, "distance": 5720.0, "angle": 248.30073810467857 }, "geometry": { "type": "Point", "coordinates": [ 538181.160739492741413, 786860.680013442062773 ] } },
{ "type": "Feature", "properties": { "Layer": "ABEOKUTA_SPECIAL_PRIME", "Linetype": null, "EntityHand": "239", "Text": "S", "AREA_DEL": "SPECIAL_PRIME", "polygon": null, "x": 538156.501, "y": 787954.26, "distance": 5725.0, "angle": 248.30073810467857 }, "geometry": { "type": "Point", "coordinates": [ 538176.515052819391713, 786858.831339502939954 ] } },
{ "type": "Feature", "properties": { "Layer": "ABEOKUTA_SPECIAL_PRIME", "Linetype": null, "EntityHand": "239", "Text": "S", "AREA_DEL": "SPECIAL_PRIME", "polygon": null, "x": 538156.501, "y": 787954.26, "distance": 5730.0, "angle": 248.30073810467857 }, "geometry": { "type": "Point", "coordinates": [ 538171.869366146042012, 786856.982665563817136 ] } },
{ "type": "Feature", "properties": { "Layer": "ABEOKUTA_SPECIAL_PRIME", "Linetype": null, "EntityHand": "239", "Text": "S", "AREA_DEL": "SPECIAL_PRIME", "polygon": null, "x": 538156.501, "y": 787954.26, "distance": 5735.0, "angle": 248.30073810467857 }, "geometry": { "type": "Point", "coordinates": [ 538167.223679472692311, 786855.133991624694318 ] } },
{ "type": "Feature", "properties": { "Layer": "ABEOKUTA_SPECIAL_PRIME", "Linetype": null, "EntityHand": "239", "Text": "S", "AREA_DEL": "SPECIAL_PRIME", "polygon": null, "x": 538156.501, "y": 787954.26, "distance": 5740.0, "angle": 248.30073810467857 }, "geometry": { "type": "Point", "coordinates": [ 538162.57799279934261, 786853.285317685571499 ] } },
{ "type": "Feature", "properties": { "Layer": "ABEOKUTA_SPECIAL_PRIME", "Linetype": null, "EntityHand": "239", "Text": "S", "AREA_DEL": "SPECIAL_PRIME", "polygon": null, "x": 538156.501, "y": 787954.26, "distance": 5745.0, "angle": 248.30073810467857 }, "geometry": { "type": "Point", "coordinates": [ 538157.932306126109324, 786851.436643746448681 ] } },
{ "type": "Feature", "properties": { "Layer": "ABEOKUTA_SPECIAL_PRIME", "Linetype": null, "EntityHand": "239", "Text": "S", "AREA_DEL": "SPECIAL_PRIME", "polygon": null, "x": 538156.501, "y": 787954.26, "distance": 5750.0, "angle": 248.30073810467857 }, "geometry": { "type": "Point", "coordinates": [ 538153.286619452759624, 786849.587969807325862 ] } },
{ "type": "Feature", "properties": { "Layer": "ABEOKUTA_SPECIAL_PRIME", "Linetype": null, "EntityHand": "239", "Text": "S", "AREA_DEL": "SPECIAL_PRIME", "polygon": null, "x": 538156.501, "y": 787954.26, "distance": 5755.0, "angle": 248.30073810467857 }, "geometry": { "type": "Point", "coordinates": [ 538148.640932779409923, 786847.739295868203044 ] } },
{ "type": "Feature", "properties": { "Layer": "ABEOKUTA_SPECIAL_PRIME", "Linetype": null, "EntityHand": "239", "Text": "S", "AREA_DEL": "SPECIAL_PRIME", "polygon": null, "x": 538156.501, "y": 787954.26, "distance": 5760.0, "angle": 248.30073810467857 }, "geometry": { "type": "Point", "coordinates": [ 538143.995246106060222, 786845.890621929080226 ] } },
{ "type": "Feature", "properties": { "Layer": "ABEOKUTA_SPECIAL_PRIME", "Linetype": null, "EntityHand": "239", "Text": "S", "AREA_DEL": "SPECIAL_PRIME", "polygon": null, "x": 538156.501, "y": 787954.26, "distance": 5765.0, "angle": 248.30073810467857 }, "geometry": { "type": "Point", "coordinates": [ 538139.349559432710521, 786844.041947989957407 ] } },
{ "type": "Feature", "properties": { "Layer": "ABEOKUTA_SPECIAL_PRIME", "Linetype": null, "EntityHand": "239", "Text": "S", "AREA_DEL": "SPECIAL_PRIME", "polygon": null, "x": 538156.501, "y": 787954.26, "distance": 5770.0, "angle": 248.30073810467857 }, "geometry": { "type": "Point", "coordinates": [ 538134.70387275936082, 786842.193274050834589 ] } },
{ "type": "Feature", "properties": { "Layer": "ABEOKUTA_SPECIAL_PRIME", "Linetype": null, "EntityHand": "239", "Text": "S", "AREA_DEL": "SPECIAL_PRIME", "polygon": null, "x": 538156.501, "y": 787954.26, "distance": 5775.0, "angle": 248.30073810467857 }, "geometry": { "type": "Point", "coordinates": [ 538130.058186086011119, 786840.34460011171177 ] } },
{ "type": "Feature", "properties": { "Layer": "ABEOKUTA_SPECIAL_PRIME", "Linetype": null, "EntityHand": "239", "Text": "S", "AREA_DEL": "SPECIAL_PRIME", "polygon": null, "x": 538156.501, "y": 787954.26, "distance": 5780.0, "angle": 248.30073810467857 }, "geometry": { "type": "Point", "coordinates": [ 538125.412499412777834, 786838.495926172588952 ] } },
{ "type": "Feature", "properties": { "Layer": "ABEOKUTA_SPECIAL_PRIME", "Linetype": null, "EntityHand": "239", "Text": "S", "AREA_DEL": "SPECIAL_PRIME", "polygon": null, "x": 538156.501, "y": 787954.26, "distance": 5785.0, "angle": 237.65176041839334 }, "geometry": { "type": "Point", "coordinates": [ 538121.977103088749573, 786838.165427850792184 ] } },
{ "type": "Feature", "properties": { "Layer": "ABEOKUTA_SPECIAL_PRIME", "Linetype": null, "EntityHand": "239", "Text": "S", "AREA_DEL": "SPECIAL_PRIME", "polygon": null, "x": 538156.501, "y": 787954.26, "distance": 5790.0, "angle": 237.65176041839334 }, "geometry": { "type": "Point", "coordinates": [ 538117.753044882090762, 786835.490108754485846 ] } },
{ "type": "Feature", "properties": { "Layer": "ABEOKUTA_SPECIAL_PRIME", "Linetype": null, "EntityHand": "239", "Text": "S", "AREA_DEL": "SPECIAL_PRIME", "polygon": null, "x": 538156.501, "y": 787954.26, "distance": 5795.0, "angle": 237.65176041839334 }, "geometry": { "type": "Point", "coordinates": [ 538113.528986675431952, 786832.814789658179507 ] } },
{ "type": "Feature", "properties": { "Layer": "ABEOKUTA_SPECIAL_PRIME", "Linetype": null, "EntityHand": "239", "Text": "S", "AREA_DEL": "SPECIAL_PRIME", "polygon": null, "x": 538156.501, "y": 787954.26, "distance": 5800.0, "angle": 237.65176041839334 }, "geometry": { "type": "Point", "coordinates": [ 538109.304928468889557, 786830.139470561873168 ] } },
{ "type": "Feature", "properties": { "Layer": "ABEOKUTA_SPECIAL_PRIME", "Linetype": null, "EntityHand": "239", "Text": "S", "AREA_DEL": "SPECIAL_PRIME", "polygon": null, "x": 538156.501, "y": 787954.26, "distance": 5805.0, "angle": 237.65176041839334 }, "geometry": { "type": "Point", "coordinates": [ 538105.080870262230746, 786827.464151465450414 ] } },
{ "type": "Feature", "properties": { "Layer": "ABEOKUTA_SPECIAL_PRIME", "Linetype": null, "EntityHand": "239", "Text": "S", "AREA_DEL": "SPECIAL_PRIME", "polygon": null, "x": 538156.501, "y": 787954.26, "distance": 5810.0, "angle": 237.65176041839334 }, "geometry": { "type": "Point", "coordinates": [ 538100.856812055688351, 786824.788832369144075 ] } },
{ "type": "Feature", "properties": { "Layer": "ABEOKUTA_SPECIAL_PRIME", "Linetype": null, "EntityHand": "239", "Text": "S", "AREA_DEL": "SPECIAL_PRIME", "polygon": null, "x": 538156.501, "y": 787954.26, "distance": 5815.0, "angle": 237.65176041839334 }, "geometry": { "type": "Point", "coordinates": [ 538096.632753849029541, 786822.113513272837736 ] } },
{ "type": "Feature", "properties": { "Layer": "ABEOKUTA_SPECIAL_PRIME", "Linetype": null, "EntityHand": "239", "Text": "S", "AREA_DEL": "SPECIAL_PRIME", "polygon": null, "x": 538156.501, "y": 787954.26, "distance": 5820.0, "angle": 237.65176041839334 }, "geometry": { "type": "Point", "coordinates": [ 538092.408695642370731, 786819.438194176531397 ] } },
{ "type": "Feature", "properties": { "Layer": "ABEOKUTA_SPECIAL_PRIME", "Linetype": null, "EntityHand": "239", "Text": "S", "AREA_DEL": "SPECIAL_PRIME", "polygon": null, "x": 538156.501, "y": 787954.26, "distance": 5825.0, "angle": 237.65176041839334 }, "geometry": { "type": "Point", "coordinates": [ 538088.184637435828336, 786816.762875080225058 ] } },
{ "type": "Feature", "properties": { "Layer": "ABEOKUTA_SPECIAL_PRIME", "Linetype": null, "EntityHand": "239", "Text": "S", "AREA_DEL": "SPECIAL_PRIME", "polygon": null, "x": 538156.501, "y": 787954.26, "distance": 5830.0, "angle": 237.65176041839334 }, "geometry": { "type": "Point", "coordinates": [ 538083.960579229169525, 786814.087555983918719 ] } },
{ "type": "Feature", "properties": { "Layer": "ABEOKUTA_SPECIAL_PRIME", "Linetype": null, "EntityHand": "239", "Text": "S", "AREA_DEL": "SPECIAL_PRIME", "polygon": null, "x": 538156.501, "y": 787954.26, "distance": 5835.0, "angle": 258.56298852451738 }, "geometry": { "type": "Point", "coordinates": [ 538079.51906442316249, 786811.953378417994827 ] } },
{ "type": "Feature", "properties": { "Layer": "ABEOKUTA_SPECIAL_PRIME", "Linetype": null, "EntityHand": "239", "Text": "S", "AREA_DEL": "SPECIAL_PRIME", "polygon": null, "x": 538156.501, "y": 787954.26, "distance": 5840.0, "angle": 258.56298852451738 }, "geometry": { "type": "Point", "coordinates": [ 538074.61834797821939, 786810.961925783311017 ] } },
{ "type": "Feature", "properties": { "Layer": "ABEOKUTA_SPECIAL_PRIME", "Linetype": null, "EntityHand": "239", "Text": "S", "AREA_DEL": "SPECIAL_PRIME", "polygon": null, "x": 538156.501, "y": 787954.26, "distance": 5845.0, "angle": 245.41690238922948 }, "geometry": { "type": "Point", "coordinates": [ 538070.069795238901861, 786808.887271532206796 ] } },
{ "type": "Feature", "properties": { "Layer": "ABEOKUTA_SPECIAL_PRIME", "Linetype": null, "EntityHand": "239", "Text": "S", "AREA_DEL": "SPECIAL_PRIME", "polygon": null, "x": 538156.501, "y": 787954.26, "distance": 5850.0, "angle": 245.41690238922948 }, "geometry": { "type": "Point", "coordinates": [ 538065.523000872461125, 786806.807208795449696 ] } },
{ "type": "Feature", "properties": { "Layer": "ABEOKUTA_SPECIAL_PRIME", "Linetype": null, "EntityHand": "239", "Text": "S", "AREA_DEL": "SPECIAL_PRIME", "polygon": null, "x": 538156.501, "y": 787954.26, "distance": 5855.0, "angle": 243.57336031346063 }, "geometry": { "type": "Point", "coordinates": [ 538061.042505413061008, 786804.58817790041212 ] } },
{ "type": "Feature", "properties": { "Layer": "ABEOKUTA_SPECIAL_PRIME", "Linetype": null, "EntityHand": "239", "Text": "S", "AREA_DEL": "SPECIAL_PRIME", "polygon": null, "x": 538156.501, "y": 787954.26, "distance": 5860.0, "angle": 243.57336031346063 }, "geometry": { "type": "Point", "coordinates": [ 538056.564980762079358, 786802.362919937935658 ] } },
{ "type": "Feature", "properties": { "Layer": "ABEOKUTA_SPECIAL_PRIME", "Linetype": null, "EntityHand": "239", "Text": "S", "AREA_DEL": "SPECIAL_PRIME", "polygon": null, "x": 538156.501, "y": 787954.26, "distance": 5865.0, "angle": 243.57336031346063 }, "geometry": { "type": "Point", "coordinates": [ 538052.087456111097708, 786800.13766197534278 ] } },
{ "type": "Feature", "properties": { "Layer": "ABEOKUTA_SPECIAL_PRIME", "Linetype": null, "EntityHand": "239", "Text": "S", "AREA_DEL": "SPECIAL_PRIME", "polygon": null, "x": 538156.501, "y": 787954.26, "distance": 5870.0, "angle": 243.57336031346063 }, "geometry": { "type": "Point", "coordinates": [ 538047.609931460116059, 786797.912404012749903 ] } },
{ "type": "Feature", "properties": { "Layer": "ABEOKUTA_SPECIAL_PRIME", "Linetype": null, "EntityHand": "239", "Text": "S", "AREA_DEL": "SPECIAL_PRIME", "polygon": null, "x": 538156.501, "y": 787954.26, "distance": 5875.0, "angle": 243.57336031346063 }, "geometry": { "type": "Point", "coordinates": [ 538043.132406809134409, 786795.687146050273441 ] } },
{ "type": "Feature", "properties": { "Layer": "ABEOKUTA_SPECIAL_PRIME", "Linetype": null, "EntityHand": "239", "Text": "S", "AREA_DEL": "SPECIAL_PRIME", "polygon": null, "x": 538156.501, "y": 787954.26, "distance": 5880.0, "angle": 243.57336031346063 }, "geometry": { "type": "Point", "coordinates": [ 538038.654882158152759, 786793.461888087680563 ] } },
{ "type": "Feature", "properties": { "Layer": "ABEOKUTA_SPECIAL_PRIME", "Linetype": null, "EntityHand": "239", "Text": "S", "AREA_DEL": "SPECIAL_PRIME", "polygon": null, "x": 538156.501, "y": 787954.26, "distance": 5885.0, "angle": 243.57336031346063 }, "geometry": { "type": "Point", "coordinates": [ 538034.177357507171109, 786791.236630125204101 ] } },
{ "type": "Feature", "properties": { "Layer": "ABEOKUTA_SPECIAL_PRIME", "Linetype": null, "EntityHand": "239", "Text": "S", "AREA_DEL": "SPECIAL_PRIME", "polygon": null, "x": 538156.501, "y": 787954.26, "distance": 5890.0, "angle": 243.57336031346063 }, "geometry": { "type": "Point", "coordinates": [ 538029.69983285618946, 786789.011372162611224 ] } },
{ "type": "Feature", "properties": { "Layer": "ABEOKUTA_SPECIAL_PRIME", "Linetype": null, "EntityHand": "239", "Text": "S", "AREA_DEL": "SPECIAL_PRIME", "polygon": null, "x": 538156.501, "y": 787954.26, "distance": 5895.0, "angle": 243.57336031346063 }, "geometry": { "type": "Point", "coordinates": [ 538025.22230820520781, 786786.786114200018346 ] } },
{ "type": "Feature", "properties": { "Layer": "ABEOKUTA_SPECIAL_PRIME", "Linetype": null, "EntityHand": "239", "Text": "S", "AREA_DEL": "SPECIAL_PRIME", "polygon": null, "x": 538156.501, "y": 787954.26, "distance": 5900.0, "angle": 243.57336031346063 }, "geometry": { "type": "Point", "coordinates": [ 538020.74478355422616, 786784.560856237541884 ] } },
{ "type": "Feature", "properties": { "Layer": "ABEOKUTA_SPECIAL_PRIME", "Linetype": null, "EntityHand": "239", "Text": "S", "AREA_DEL": "SPECIAL_PRIME", "polygon": null, "x": 538156.501, "y": 787954.26, "distance": 5905.0, "angle": 342.02001271008163 }, "geometry": { "type": "Point", "coordinates": [ 538019.640585792250931, 786788.62089179106988 ] } },
{ "type": "Feature", "properties": { "Layer": "ABEOKUTA_SPECIAL_PRIME", "Linetype": null, "EntityHand": "239", "Text": "S", "AREA_DEL": "SPECIAL_PRIME", "polygon": null, "x": 538156.501, "y": 787954.26, "distance": 5910.0, "angle": 342.02001271008163 }, "geometry": { "type": "Point", "coordinates": [ 538018.097161876270548, 786793.376713761594146 ] } },
{ "type": "Feature", "properties": { "Layer": "ABEOKUTA_SPECIAL_PRIME", "Linetype": null, "EntityHand": "239", "Text": "S", "AREA_DEL": "SPECIAL_PRIME", "polygon": null, "x": 538156.501, "y": 787954.26, "distance": 5915.0, "angle": 342.02001271008163 }, "geometry": { "type": "Point", "coordinates": [ 538016.553737960173748, 786798.132535732118413 ] } },
{ "type": "Feature", "properties": { "Layer": "ABEOKUTA_SPECIAL_PRIME", "Linetype": null, "EntityHand": "239", "Text": "S", "AREA_DEL": "SPECIAL_PRIME", "polygon": null, "x": 538156.501, "y": 787954.26, "distance": 5920.0, "angle": 342.02001271008163 }, "geometry": { "type": "Point", "coordinates": [ 538015.010314044193365, 786802.888357702642679 ] } },
{ "type": "Feature", "properties": { "Layer": "ABEOKUTA_SPECIAL_PRIME", "Linetype": null, "EntityHand": "239", "Text": "S", "AREA_DEL": "SPECIAL_PRIME", "polygon": null, "x": 538156.501, "y": 787954.26, "distance": 5925.0, "angle": 342.02001271008163 }, "geometry": { "type": "Point", "coordinates": [ 538013.466890128212981, 786807.644179673166946 ] } },
{ "type": "Feature", "properties": { "Layer": "ABEOKUTA_SPECIAL_PRIME", "Linetype": null, "EntityHand": "239", "Text": "S", "AREA_DEL": "SPECIAL_PRIME", "polygon": null, "x": 538156.501, "y": 787954.26, "distance": 5930.0, "angle": 342.02001271008163 }, "geometry": { "type": "Point", "coordinates": [ 538011.923466212116182, 786812.400001643807627 ] } },
{ "type": "Feature", "properties": { "Layer": "ABEOKUTA_SPECIAL_PRIME", "Linetype": null, "EntityHand": "239", "Text": "S", "AREA_DEL": "SPECIAL_PRIME", "polygon": null, "x": 538156.501, "y": 787954.26, "distance": 5935.0, "angle": 342.02001271008163 }, "geometry": { "type": "Point", "coordinates": [ 538010.380042296135798, 786817.155823614331894 ] } },
{ "type": "Feature", "properties": { "Layer": "ABEOKUTA_SPECIAL_PRIME", "Linetype": null, "EntityHand": "239", "Text": "S", "AREA_DEL": "SPECIAL_PRIME", "polygon": null, "x": 538156.501, "y": 787954.26, "distance": 5940.0, "angle": 342.02001271008163 }, "geometry": { "type": "Point", "coordinates": [ 538008.836618380155414, 786821.91164558485616 ] } },
{ "type": "Feature", "properties": { "Layer": "ABEOKUTA_SPECIAL_PRIME", "Linetype": null, "EntityHand": "239", "Text": "S", "AREA_DEL": "SPECIAL_PRIME", "polygon": null, "x": 538156.501, "y": 787954.26, "distance": 5945.0, "angle": 342.02001271008163 }, "geometry": { "type": "Point", "coordinates": [ 538007.293194464058615, 786826.667467555380426 ] } },
{ "type": "Feature", "properties": { "Layer": "ABEOKUTA_SPECIAL_PRIME", "Linetype": null, "EntityHand": "239", "Text": "S", "AREA_DEL": "SPECIAL_PRIME", "polygon": null, "x": 538156.501, "y": 787954.26, "distance": 5950.0, "angle": 342.02001271008163 }, "geometry": { "type": "Point", "coordinates": [ 538005.749770548078232, 786831.423289525904693 ] } },
{ "type": "Feature", "properties": { "Layer": "ABEOKUTA_SPECIAL_PRIME", "Linetype": null, "EntityHand": "239", "Text": "S", "AREA_DEL": "SPECIAL_PRIME", "polygon": null, "x": 538156.501, "y": 787954.26, "distance": 5955.0, "angle": 342.02001271008163 }, "geometry": { "type": "Point", "coordinates": [ 538004.206346632097848, 786836.179111496428959 ] } },
{ "type": "Feature", "properties": { "Layer": "ABEOKUTA_SPECIAL_PRIME", "Linetype": null, "EntityHand": "239", "Text": "S", "AREA_DEL": "SPECIAL_PRIME", "polygon": null, "x": 538156.501, "y": 787954.26, "distance": 5960.0, "angle": 342.02001271008163 }, "geometry": { "type": "Point", "coordinates": [ 538002.662922716001049, 786840.934933466953225 ] } },
{ "type": "Feature", "properties": { "Layer": "ABEOKUTA_SPECIAL_PRIME", "Linetype": null, "EntityHand": "239", "Text": "S", "AREA_DEL": "SPECIAL_PRIME", "polygon": null, "x": 538156.501, "y": 787954.26, "distance": 5965.0, "angle": 342.02001271008163 }, "geometry": { "type": "Point", "coordinates": [ 538001.119498800020665, 786845.690755437477492 ] } },
{ "type": "Feature", "properties": { "Layer": "ABEOKUTA_SPECIAL_PRIME", "Linetype": null, "EntityHand": "239", "Text": "S", "AREA_DEL": "SPECIAL_PRIME", "polygon": null, "x": 538156.501, "y": 787954.26, "distance": 5970.0, "angle": 342.02001271008163 }, "geometry": { "type": "Point", "coordinates": [ 537999.576074884040281, 786850.446577408118173 ] } },
{ "type": "Feature", "properties": { "Layer": "ABEOKUTA_SPECIAL_PRIME", "Linetype": null, "EntityHand": "239", "Text": "S", "AREA_DEL": "SPECIAL_PRIME", "polygon": null, "x": 538156.501, "y": 787954.26, "distance": 5975.0, "angle": 342.02001271008163 }, "geometry": { "type": "Point", "coordinates": [ 537998.032650967943482, 786855.20239937864244 ] } },
{ "type": "Feature", "properties": { "Layer": "ABEOKUTA_SPECIAL_PRIME", "Linetype": null, "EntityHand": "239", "Text": "S", "AREA_DEL": "SPECIAL_PRIME", "polygon": null, "x": 538156.501, "y": 787954.26, "distance": 5980.0, "angle": 342.02001271008163 }, "geometry": { "type": "Point", "coordinates": [ 537996.489227051963098, 786859.958221349166706 ] } },
{ "type": "Feature", "properties": { "Layer": "ABEOKUTA_SPECIAL_PRIME", "Linetype": null, "EntityHand": "239", "Text": "S", "AREA_DEL": "SPECIAL_PRIME", "polygon": null, "x": 538156.501, "y": 787954.26, "distance": 5985.0, "angle": 342.02001271008163 }, "geometry": { "type": "Point", "coordinates": [ 537994.945803135982715, 786864.714043319690973 ] } },
{ "type": "Feature", "properties": { "Layer": "ABEOKUTA_SPECIAL_PRIME", "Linetype": null, "EntityHand": "239", "Text": "S", "AREA_DEL": "SPECIAL_PRIME", "polygon": null, "x": 538156.501, "y": 787954.26, "distance": 5990.0, "angle": 342.02001271008163 }, "geometry": { "type": "Point", "coordinates": [ 537993.402379219885916, 786869.469865290215239 ] } },
{ "type": "Feature", "properties": { "Layer": "ABEOKUTA_SPECIAL_PRIME", "Linetype": null, "EntityHand": "239", "Text": "S", "AREA_DEL": "SPECIAL_PRIME", "polygon": null, "x": 538156.501, "y": 787954.26, "distance": 5995.0, "angle": 342.02001271008163 }, "geometry": { "type": "Point", "coordinates": [ 537991.858955303905532, 786874.225687260739505 ] } },
{ "type": "Feature", "properties": { "Layer": "ABEOKUTA_SPECIAL_PRIME", "Linetype": null, "EntityHand": "239", "Text": "S", "AREA_DEL": "SPECIAL_PRIME", "polygon": null, "x": 538156.501, "y": 787954.26, "distance": 6000.0, "angle": 342.02001271008163 }, "geometry": { "type": "Point", "coordinates": [ 537990.315531387808733, 786878.981509231263772 ] } },
{ "type": "Feature", "properties": { "Layer": "ABEOKUTA_SPECIAL_PRIME", "Linetype": null, "EntityHand": "239", "Text": "S", "AREA_DEL": "SPECIAL_PRIME", "polygon": null, "x": 538156.501, "y": 787954.26, "distance": 6005.0, "angle": 342.02001271008163 }, "geometry": { "type": "Point", "coordinates": [ 537988.772107471828349, 786883.737331201788038 ] } },
{ "type": "Feature", "properties": { "Layer": "ABEOKUTA_SPECIAL_PRIME", "Linetype": null, "EntityHand": "239", "Text": "S", "AREA_DEL": "SPECIAL_PRIME", "polygon": null, "x": 538156.501, "y": 787954.26, "distance": 6010.0, "angle": 342.02001271008163 }, "geometry": { "type": "Point", "coordinates": [ 537987.228683555847965, 786888.49315317242872 ] } },
{ "type": "Feature", "properties": { "Layer": "ABEOKUTA_SPECIAL_PRIME", "Linetype": null, "EntityHand": "239", "Text": "S", "AREA_DEL": "SPECIAL_PRIME", "polygon": null, "x": 538156.501, "y": 787954.26, "distance": 6015.0, "angle": 342.02001271008163 }, "geometry": { "type": "Point", "coordinates": [ 537985.685259639751166, 786893.248975142952986 ] } },
{ "type": "Feature", "properties": { "Layer": "ABEOKUTA_SPECIAL_PRIME", "Linetype": null, "EntityHand": "239", "Text": "S", "AREA_DEL": "SPECIAL_PRIME", "polygon": null, "x": 538156.501, "y": 787954.26, "distance": 6020.0, "angle": 329.61990559058938 }, "geometry": { "type": "Point", "coordinates": [ 537983.699991836911067, 786897.80640957353171 ] } },
{ "type": "Feature", "properties": { "Layer": "ABEOKUTA_SPECIAL_PRIME", "Linetype": null, "EntityHand": "239", "Text": "S", "AREA_DEL": "SPECIAL_PRIME", "polygon": null, "x": 538156.501, "y": 787954.26, "distance": 6025.0, "angle": 329.61990559058938 }, "geometry": { "type": "Point", "coordinates": [ 537981.17132143327035, 786902.119856685749255 ] } },
{ "type": "Feature", "properties": { "Layer": "ABEOKUTA_SPECIAL_PRIME", "Linetype": null, "EntityHand": "239", "Text": "S", "AREA_DEL": "SPECIAL_PRIME", "polygon": null, "x": 538156.501, "y": 787954.26, "distance": 6030.0, "angle": 329.61990559058938 }, "geometry": { "type": "Point", "coordinates": [ 537978.642651029629633, 786906.433303797966801 ] } },
{ "type": "Feature", "properties": { "Layer": "ABEOKUTA_SPECIAL_PRIME", "Linetype": null, "EntityHand": "239", "Text": "S", "AREA_DEL": "SPECIAL_PRIME", "polygon": null, "x": 538156.501, "y": 787954.26, "distance": 6035.0, "angle": 329.61990559058938 }, "geometry": { "type": "Point", "coordinates": [ 537976.1139806258725, 786910.746750910067931 ] } },
{ "type": "Feature", "properties": { "Layer": "ABEOKUTA_SPECIAL_PRIME", "Linetype": null, "EntityHand": "239", "Text": "S", "AREA_DEL": "SPECIAL_PRIME", "polygon": null, "x": 538156.501, "y": 787954.26, "distance": 6040.0, "angle": 329.61990559058938 }, "geometry": { "type": "Point", "coordinates": [ 537973.585310222231783, 786915.060198022285476 ] } },
{ "type": "Feature", "properties": { "Layer": "ABEOKUTA_SPECIAL_PRIME", "Linetype": null, "EntityHand": "239", "Text": "S", "AREA_DEL": "SPECIAL_PRIME", "polygon": null, "x": 538156.501, "y": 787954.26, "distance": 6045.0, "angle": 329.61990559058938 }, "geometry": { "type": "Point", "coordinates": [ 537971.056639818591066, 786919.373645134503022 ] } },
{ "type": "Feature", "properties": { "Layer": "ABEOKUTA_SPECIAL_PRIME", "Linetype": null, "EntityHand": "239", "Text": "S", "AREA_DEL": "SPECIAL_PRIME", "polygon": null, "x": 538156.501, "y": 787954.26, "distance": 6050.0, "angle": 329.61990559058938 }, "geometry": { "type": "Point", "coordinates": [ 537968.527969414950348, 786923.687092246720567 ] } },
{ "type": "Feature", "properties": { "Layer": "ABEOKUTA_SPECIAL_PRIME", "Linetype": null, "EntityHand": "239", "Text": "S", "AREA_DEL": "SPECIAL_PRIME", "polygon": null, "x": 538156.501, "y": 787954.26, "distance": 6055.0, "angle": 329.61990559058938 }, "geometry": { "type": "Point", "coordinates": [ 537965.999299011309631, 786928.000539358821698 ] } },
{ "type": "Feature", "properties": { "Layer": "ABEOKUTA_SPECIAL_PRIME", "Linetype": null, "EntityHand": "239", "Text": "S", "AREA_DEL": "SPECIAL_PRIME", "polygon": null, "x": 538156.501, "y": 787954.26, "distance": 6060.0, "angle": 329.61990559058938 }, "geometry": { "type": "Point", "coordinates": [ 537963.470628607668914, 786932.313986471039243 ] } },
{ "type": "Feature", "properties": { "Layer": "ABEOKUTA_SPECIAL_PRIME", "Linetype": null, "EntityHand": "239", "Text": "S", "AREA_DEL": "SPECIAL_PRIME", "polygon": null, "x": 538156.501, "y": 787954.26, "distance": 6065.0, "angle": 329.61990559058938 }, "geometry": { "type": "Point", "coordinates": [ 537960.941958203911781, 786936.627433583256789 ] } },
{ "type": "Feature", "properties": { "Layer": "ABEOKUTA_SPECIAL_PRIME", "Linetype": null, "EntityHand": "239", "Text": "S", "AREA_DEL": "SPECIAL_PRIME", "polygon": null, "x": 538156.501, "y": 787954.26, "distance": 6070.0, "angle": 329.61990559058938 }, "geometry": { "type": "Point", "coordinates": [ 537958.413287800271064, 786940.940880695474334 ] } },
{ "type": "Feature", "properties": { "Layer": "ABEOKUTA_SPECIAL_PRIME", "Linetype": null, "EntityHand": "239", "Text": "S", "AREA_DEL": "SPECIAL_PRIME", "polygon": null, "x": 538156.501, "y": 787954.26, "distance": 6075.0, "angle": 329.61990559058938 }, "geometry": { "type": "Point", "coordinates": [ 537955.884617396630347, 786945.25432780769188 ] } },
{ "type": "Feature", "properties": { "Layer": "ABEOKUTA_SPECIAL_PRIME", "Linetype": null, "EntityHand": "239", "Text": "S", "AREA_DEL": "SPECIAL_PRIME", "polygon": null, "x": 538156.501, "y": 787954.26, "distance": 6080.0, "angle": 329.61990559058938 }, "geometry": { "type": "Point", "coordinates": [ 537953.35594699298963, 786949.56777491979301 ] } },
{ "type": "Feature", "properties": { "Layer": "ABEOKUTA_SPECIAL_PRIME", "Linetype": null, "EntityHand": "239", "Text": "S", "AREA_DEL": "SPECIAL_PRIME", "polygon": null, "x": 538156.501, "y": 787954.26, "distance": 6085.0, "angle": 329.61990559058938 }, "geometry": { "type": "Point", "coordinates": [ 537950.827276589348912, 786953.881222032010555 ] } },
{ "type": "Feature", "properties": { "Layer": "ABEOKUTA_SPECIAL_PRIME", "Linetype": null, "EntityHand": "239", "Text": "S", "AREA_DEL": "SPECIAL_PRIME", "polygon": null, "x": 538156.501, "y": 787954.26, "distance": 6090.0, "angle": 329.61990559058938 }, "geometry": { "type": "Point", "coordinates": [ 537948.298606185708195, 786958.194669144228101 ] } },
{ "type": "Feature", "properties": { "Layer": "ABEOKUTA_SPECIAL_PRIME", "Linetype": null, "EntityHand": "239", "Text": "S", "AREA_DEL": "SPECIAL_PRIME", "polygon": null, "x": 538156.501, "y": 787954.26, "distance": 6095.0, "angle": 329.61990559058938 }, "geometry": { "type": "Point", "coordinates": [ 537945.769935781951062, 786962.508116256445646 ] } },
{ "type": "Feature", "properties": { "Layer": "ABEOKUTA_SPECIAL_PRIME", "Linetype": null, "EntityHand": "239", "Text": "S", "AREA_DEL": "SPECIAL_PRIME", "polygon": null, "x": 538156.501, "y": 787954.26, "distance": 6100.0, "angle": 329.61990559058938 }, "geometry": { "type": "Point", "coordinates": [ 537943.241265378310345, 786966.821563368546776 ] } },
{ "type": "Feature", "properties": { "Layer": "ABEOKUTA_SPECIAL_PRIME", "Linetype": null, "EntityHand": "239", "Text": "S", "AREA_DEL": "SPECIAL_PRIME", "polygon": null, "x": 538156.501, "y": 787954.26, "distance": 6105.0, "angle": 329.61990559058938 }, "geometry": { "type": "Point", "coordinates": [ 537940.712594974669628, 786971.135010480764322 ] } },
{ "type": "Feature", "properties": { "Layer": "ABEOKUTA_SPECIAL_PRIME", "Linetype": null, "EntityHand": "239", "Text": "S", "AREA_DEL": "SPECIAL_PRIME", "polygon": null, "x": 538156.501, "y": 787954.26, "distance": 6110.0, "angle": 329.61990559058938 }, "geometry": { "type": "Point", "coordinates": [ 537938.183924571028911, 786975.448457592981867 ] } },
{ "type": "Feature", "properties": { "Layer": "ABEOKUTA_SPECIAL_PRIME", "Linetype": null, "EntityHand": "239", "Text": "S", "AREA_DEL": "SPECIAL_PRIME", "polygon": null, "x": 538156.501, "y": 787954.26, "distance": 6115.0, "angle": 329.61990559058938 }, "geometry": { "type": "Point", "coordinates": [ 537935.655254167388193, 786979.761904705199413 ] } },
{ "type": "Feature", "properties": { "Layer": "ABEOKUTA_SPECIAL_PRIME", "Linetype": null, "EntityHand": "239", "Text": "S", "AREA_DEL": "SPECIAL_PRIME", "polygon": null, "x": 538156.501, "y": 787954.26, "distance": 6120.0, "angle": 329.61990559058938 }, "geometry": { "type": "Point", "coordinates": [ 537933.126583763747476, 786984.075351817300543 ] } },
{ "type": "Feature", "properties": { "Layer": "ABEOKUTA_SPECIAL_PRIME", "Linetype": null, "EntityHand": "239", "Text": "S", "AREA_DEL": "SPECIAL_PRIME", "polygon": null, "x": 538156.501, "y": 787954.26, "distance": 6125.0, "angle": 329.61990559058938 }, "geometry": { "type": "Point", "coordinates": [ 537930.597913359990343, 786988.388798929518089 ] } },
{ "type": "Feature", "properties": { "Layer": "ABEOKUTA_SPECIAL_PRIME", "Linetype": null, "EntityHand": "239", "Text": "S", "AREA_DEL": "SPECIAL_PRIME", "polygon": null, "x": 538156.501, "y": 787954.26, "distance": 6130.0, "angle": 329.61990559058938 }, "geometry": { "type": "Point", "coordinates": [ 537928.069242956349626, 786992.702246041735634 ] } },
{ "type": "Feature", "properties": { "Layer": "ABEOKUTA_SPECIAL_PRIME", "Linetype": null, "EntityHand": "239", "Text": "S", "AREA_DEL": "SPECIAL_PRIME", "polygon": null, "x": 538156.501, "y": 787954.26, "distance": 6135.0, "angle": 329.61990559058938 }, "geometry": { "type": "Point", "coordinates": [ 537925.540572552708909, 786997.01569315395318 ] } },
{ "type": "Feature", "properties": { "Layer": "ABEOKUTA_SPECIAL_PRIME", "Linetype": null, "EntityHand": "239", "Text": "S", "AREA_DEL": "SPECIAL_PRIME", "polygon": null, "x": 538156.501, "y": 787954.26, "distance": 6140.0, "angle": 329.61990559058938 }, "geometry": { "type": "Point", "coordinates": [ 537923.011902149068192, 787001.32914026605431 ] } },
{ "type": "Feature", "properties": { "Layer": "ABEOKUTA_SPECIAL_PRIME", "Linetype": null, "EntityHand": "239", "Text": "S", "AREA_DEL": "SPECIAL_PRIME", "polygon": null, "x": 538156.501, "y": 787954.26, "distance": 6145.0, "angle": 329.61990559058938 }, "geometry": { "type": "Point", "coordinates": [ 537920.483231745427474, 787005.642587378271855 ] } },
{ "type": "Feature", "properties": { "Layer": "ABEOKUTA_SPECIAL_PRIME", "Linetype": null, "EntityHand": "239", "Text": "S", "AREA_DEL": "SPECIAL_PRIME", "polygon": null, "x": 538156.501, "y": 787954.26, "distance": 6150.0, "angle": 329.61990559058938 }, "geometry": { "type": "Point", "coordinates": [ 537917.954561341786757, 787009.956034490489401 ] } },
{ "type": "Feature", "properties": { "Layer": "ABEOKUTA_SPECIAL_PRIME", "Linetype": null, "EntityHand": "239", "Text": "S", "AREA_DEL": "SPECIAL_PRIME", "polygon": null, "x": 538156.501, "y": 787954.26, "distance": 6155.0, "angle": 329.61990559058938 }, "geometry": { "type": "Point", "coordinates": [ 537915.425890938029625, 787014.269481602706946 ] } },
{ "type": "Feature", "properties": { "Layer": "ABEOKUTA_SPECIAL_PRIME", "Linetype": null, "EntityHand": "239", "Text": "S", "AREA_DEL": "SPECIAL_PRIME", "polygon": null, "x": 538156.501, "y": 787954.26, "distance": 6160.0, "angle": 322.06046083582123 }, "geometry": { "type": "Point", "coordinates": [ 537912.54845348733943, 787018.346264274790883 ] } },
{ "type": "Feature", "properties": { "Layer": "ABEOKUTA_SPECIAL_PRIME", "Linetype": null, "EntityHand": "239", "Text": "S", "AREA_DEL": "SPECIAL_PRIME", "polygon": null, "x": 538156.501, "y": 787954.26, "distance": 6165.0, "angle": 322.06046083582123 }, "geometry": { "type": "Point", "coordinates": [ 537909.474305528681725, 787022.289564203587361 ] } },
{ "type": "Feature", "properties": { "Layer": "ABEOKUTA_SPECIAL_PRIME", "Linetype": null, "EntityHand": "239", "Text": "S", "AREA_DEL": "SPECIAL_PRIME", "polygon": null, "x": 538156.501, "y": 787954.26, "distance": 6170.0, "angle": 322.06046083582123 }, "geometry": { "type": "Point", "coordinates": [ 537906.400157570140436, 787026.232864132383838 ] } },
{ "type": "Feature", "properties": { "Layer": "ABEOKUTA_SPECIAL_PRIME", "Linetype": null, "EntityHand": "239", "Text": "S", "AREA_DEL": "SPECIAL_PRIME", "polygon": null, "x": 538156.501, "y": 787954.26, "distance": 6175.0, "angle": 322.06046083582123 }, "geometry": { "type": "Point", "coordinates": [ 537903.326009611599147, 787030.176164061180316 ] } },
{ "type": "Feature", "properties": { "Layer": "ABEOKUTA_SPECIAL_PRIME", "Linetype": null, "EntityHand": "239", "Text": "S", "AREA_DEL": "SPECIAL_PRIME", "polygon": null, "x": 538156.501, "y": 787954.26, "distance": 6180.0, "angle": 322.06046083582123 }, "geometry": { "type": "Point", "coordinates": [ 537900.251861652941443, 787034.119463990093209 ] } },
{ "type": "Feature", "properties": { "Layer": "ABEOKUTA_SPECIAL_PRIME", "Linetype": null, "EntityHand": "239", "Text": "S", "AREA_DEL": "SPECIAL_PRIME", "polygon": null, "x": 538156.501, "y": 787954.26, "distance": 6185.0, "angle": 322.06046083582123 }, "geometry": { "type": "Point", "coordinates": [ 537897.177713694400154, 787038.062763918889686 ] } },
{ "type": "Feature", "properties": { "Layer": "ABEOKUTA_SPECIAL_PRIME", "Linetype": null, "EntityHand": "239", "Text": "S", "AREA_DEL": "SPECIAL_PRIME", "polygon": null, "x": 538156.501, "y": 787954.26, "distance": 6190.0, "angle": 322.06046083582123 }, "geometry": { "type": "Point", "coordinates": [ 537894.10356573574245, 787042.006063847686164 ] } },
{ "type": "Feature", "properties": { "Layer": "ABEOKUTA_SPECIAL_PRIME", "Linetype": null, "EntityHand": "239", "Text": "S", "AREA_DEL": "SPECIAL_PRIME", "polygon": null, "x": 538156.501, "y": 787954.26, "distance": 6195.0, "angle": 322.06046083582123 }, "geometry": { "type": "Point", "coordinates": [ 537891.029417777201161, 787045.949363776599057 ] } },
{ "type": "Feature", "properties": { "Layer": "ABEOKUTA_SPECIAL_PRIME", "Linetype": null, "EntityHand": "239", "Text": "S", "AREA_DEL": "SPECIAL_PRIME", "polygon": null, "x": 538156.501, "y": 787954.26, "distance": 6200.0, "angle": 322.06046083582123 }, "geometry": { "type": "Point", "coordinates": [ 537887.955269818659872, 787049.892663705395535 ] } },
{ "type": "Feature", "properties": { "Layer": "ABEOKUTA_SPECIAL_PRIME", "Linetype": null, "EntityHand": "239", "Text": "S", "AREA_DEL": "SPECIAL_PRIME", "polygon": null, "x": 538156.501, "y": 787954.26, "distance": 6205.0, "angle": 322.06046083582123 }, "geometry": { "type": "Point", "coordinates": [ 537884.881121860002168, 787053.835963634192012 ] } },
{ "type": "Feature", "properties": { "Layer": "ABEOKUTA_SPECIAL_PRIME", "Linetype": null, "EntityHand": "239", "Text": "S", "AREA_DEL": "SPECIAL_PRIME", "polygon": null, "x": 538156.501, "y": 787954.26, "distance": 6210.0, "angle": 322.06046083582123 }, "geometry": { "type": "Point", "coordinates": [ 537881.806973901460879, 787057.77926356298849 ] } },
{ "type": "Feature", "properties": { "Layer": "ABEOKUTA_SPECIAL_PRIME", "Linetype": null, "EntityHand": "239", "Text": "S", "AREA_DEL": "SPECIAL_PRIME", "polygon": null, "x": 538156.501, "y": 787954.26, "distance": 6215.0, "angle": 322.06046083582123 }, "geometry": { "type": "Point", "coordinates": [ 537878.732825942803174, 787061.722563491901383 ] } },
{ "type": "Feature", "properties": { "Layer": "ABEOKUTA_SPECIAL_PRIME", "Linetype": null, "EntityHand": "239", "Text": "S", "AREA_DEL": "SPECIAL_PRIME", "polygon": null, "x": 538156.501, "y": 787954.26, "distance": 6220.0, "angle": 322.06046083582123 }, "geometry": { "type": "Point", "coordinates": [ 537875.658677984261885, 787065.66586342069786 ] } },
{ "type": "Feature", "properties": { "Layer": "ABEOKUTA_SPECIAL_PRIME", "Linetype": null, "EntityHand": "239", "Text": "S", "AREA_DEL": "SPECIAL_PRIME", "polygon": null, "x": 538156.501, "y": 787954.26, "distance": 6225.0, "angle": 322.06046083582123 }, "geometry": { "type": "Point", "coordinates": [ 537872.584530025720596, 787069.609163349494338 ] } },
{ "type": "Feature", "properties": { "Layer": "ABEOKUTA_SPECIAL_PRIME", "Linetype": null, "EntityHand": "239", "Text": "S", "AREA_DEL": "SPECIAL_PRIME", "polygon": null, "x": 538156.501, "y": 787954.26, "distance": 6230.0, "angle": 322.06046083582123 }, "geometry": { "type": "Point", "coordinates": [ 537869.510382067062892, 787073.552463278407231 ] } },
{ "type": "Feature", "properties": { "Layer": "ABEOKUTA_SPECIAL_PRIME", "Linetype": null, "EntityHand": "239", "Text": "S", "AREA_DEL": "SPECIAL_PRIME", "polygon": null, "x": 538156.501, "y": 787954.26, "distance": 6235.0, "angle": 322.06046083582123 }, "geometry": { "type": "Point", "coordinates": [ 537866.436234108521603, 787077.495763207203709 ] } },
{ "type": "Feature", "properties": { "Layer": "ABEOKUTA_SPECIAL_PRIME", "Linetype": null, "EntityHand": "239", "Text": "S", "AREA_DEL": "SPECIAL_PRIME", "polygon": null, "x": 538156.501, "y": 787954.26, "distance": 6240.0, "angle": 322.06046083582123 }, "geometry": { "type": "Point", "coordinates": [ 537863.362086149863899, 787081.439063136000186 ] } },
{ "type": "Feature", "properties": { "Layer": "ABEOKUTA_SPECIAL_PRIME", "Linetype": null, "EntityHand": "239", "Text": "S", "AREA_DEL": "SPECIAL_PRIME", "polygon": null, "x": 538156.501, "y": 787954.26, "distance": 6245.0, "angle": 322.06046083582123 }, "geometry": { "type": "Point", "coordinates": [ 537860.28793819132261, 787085.382363064796664 ] } },
{ "type": "Feature", "properties": { "Layer": "ABEOKUTA_SPECIAL_PRIME", "Linetype": null, "EntityHand": "239", "Text": "S", "AREA_DEL": "SPECIAL_PRIME", "polygon": null, "x": 538156.501, "y": 787954.26, "distance": 6250.0, "angle": 322.06046083582123 }, "geometry": { "type": "Point", "coordinates": [ 537857.213790232781321, 787089.325662993709557 ] } },
{ "type": "Feature", "properties": { "Layer": "ABEOKUTA_SPECIAL_PRIME", "Linetype": null, "EntityHand": "239", "Text": "S", "AREA_DEL": "SPECIAL_PRIME", "polygon": null, "x": 538156.501, "y": 787954.26, "distance": 6255.0, "angle": 322.06046083582123 }, "geometry": { "type": "Point", "coordinates": [ 537854.139642274123617, 787093.268962922506034 ] } },
{ "type": "Feature", "properties": { "Layer": "ABEOKUTA_SPECIAL_PRIME", "Linetype": null, "EntityHand": "239", "Text": "S", "AREA_DEL": "SPECIAL_PRIME", "polygon": null, "x": 538156.501, "y": 787954.26, "distance": 6260.0, "angle": 322.06046083582123 }, "geometry": { "type": "Point", "coordinates": [ 537851.065494315582328, 787097.212262851302512 ] } },
{ "type": "Feature", "properties": { "Layer": "ABEOKUTA_SPECIAL_PRIME", "Linetype": null, "EntityHand": "239", "Text": "S", "AREA_DEL": "SPECIAL_PRIME", "polygon": null, "x": 538156.501, "y": 787954.26, "distance": 6265.0, "angle": 322.06046083582123 }, "geometry": { "type": "Point", "coordinates": [ 537847.991346356924623, 787101.155562780215405 ] } },
{ "type": "Feature", "properties": { "Layer": "ABEOKUTA_SPECIAL_PRIME", "Linetype": null, "EntityHand": "239", "Text": "S", "AREA_DEL": "SPECIAL_PRIME", "polygon": null, "x": 538156.501, "y": 787954.26, "distance": 6270.0, "angle": 322.06046083582123 }, "geometry": { "type": "Point", "coordinates": [ 537844.917198398383334, 787105.098862709011883 ] } },
{ "type": "Feature", "properties": { "Layer": "ABEOKUTA_SPECIAL_PRIME", "Linetype": null, "EntityHand": "239", "Text": "S", "AREA_DEL": "SPECIAL_PRIME", "polygon": null, "x": 538156.501, "y": 787954.26, "distance": 6275.0, "angle": 322.06046083582123 }, "geometry": { "type": "Point", "coordinates": [ 537841.843050439842045, 787109.04216263780836 ] } },
{ "type": "Feature", "properties": { "Layer": "ABEOKUTA_SPECIAL_PRIME", "Linetype": null, "EntityHand": "239", "Text": "S", "AREA_DEL": "SPECIAL_PRIME", "polygon": null, "x": 538156.501, "y": 787954.26, "distance": 6280.0, "angle": 322.06046083582123 }, "geometry": { "type": "Point", "coordinates": [ 537838.768902481184341, 787112.985462566604838 ] } },
{ "type": "Feature", "properties": { "Layer": "ABEOKUTA_SPECIAL_PRIME", "Linetype": null, "EntityHand": "239", "Text": "S", "AREA_DEL": "SPECIAL_PRIME", "polygon": null, "x": 538156.501, "y": 787954.26, "distance": 6285.0, "angle": 322.06046083582123 }, "geometry": { "type": "Point", "coordinates": [ 537835.694754522643052, 787116.928762495517731 ] } },
{ "type": "Feature", "properties": { "Layer": "ABEOKUTA_SPECIAL_PRIME", "Linetype": null, "EntityHand": "239", "Text": "S", "AREA_DEL": "SPECIAL_PRIME", "polygon": null, "x": 538156.501, "y": 787954.26, "distance": 6290.0, "angle": 322.06046083582123 }, "geometry": { "type": "Point", "coordinates": [ 537832.620606563985348, 787120.872062424314208 ] } },
{ "type": "Feature", "properties": { "Layer": "ABEOKUTA_SPECIAL_PRIME", "Linetype": null, "EntityHand": "239", "Text": "S", "AREA_DEL": "SPECIAL_PRIME", "polygon": null, "x": 538156.501, "y": 787954.26, "distance": 6295.0, "angle": 322.06046083582123 }, "geometry": { "type": "Point", "coordinates": [ 537829.546458605444059, 787124.815362353110686 ] } },
{ "type": "Feature", "properties": { "Layer": "ABEOKUTA_SPECIAL_PRIME", "Linetype": null, "EntityHand": "239", "Text": "S", "AREA_DEL": "SPECIAL_PRIME", "polygon": null, "x": 538156.501, "y": 787954.26, "distance": 6300.0, "angle": 322.06046083582123 }, "geometry": { "type": "Point", "coordinates": [ 537826.47231064690277, 787128.758662282023579 ] } },
{ "type": "Feature", "properties": { "Layer": "ABEOKUTA_SPECIAL_PRIME", "Linetype": null, "EntityHand": "239", "Text": "S", "AREA_DEL": "SPECIAL_PRIME", "polygon": null, "x": 538156.501, "y": 787954.26, "distance": 6305.0, "angle": 322.06046083582123 }, "geometry": { "type": "Point", "coordinates": [ 537823.398162688245066, 787132.701962210820056 ] } },
{ "type": "Feature", "properties": { "Layer": "ABEOKUTA_SPECIAL_PRIME", "Linetype": null, "EntityHand": "239", "Text": "S", "AREA_DEL": "SPECIAL_PRIME", "polygon": null, "x": 538156.501, "y": 787954.26, "distance": 6310.0, "angle": 322.06046083582123 }, "geometry": { "type": "Point", "coordinates": [ 537820.324014729703777, 787136.645262139616534 ] } },
{ "type": "Feature", "properties": { "Layer": "ABEOKUTA_SPECIAL_PRIME", "Linetype": null, "EntityHand": "239", "Text": "S", "AREA_DEL": "SPECIAL_PRIME", "polygon": null, "x": 538156.501, "y": 787954.26, "distance": 6315.0, "angle": 322.06046083582123 }, "geometry": { "type": "Point", "coordinates": [ 537817.249866771046072, 787140.588562068413012 ] } },
{ "type": "Feature", "properties": { "Layer": "ABEOKUTA_SPECIAL_PRIME", "Linetype": null, "EntityHand": "239", "Text": "S", "AREA_DEL": "SPECIAL_PRIME", "polygon": null, "x": 538156.501, "y": 787954.26, "distance": 6320.0, "angle": 322.06046083582123 }, "geometry": { "type": "Point", "coordinates": [ 537814.175718812504783, 787144.531861997325905 ] } },
{ "type": "Feature", "properties": { "Layer": "ABEOKUTA_SPECIAL_PRIME", "Linetype": null, "EntityHand": "239", "Text": "S", "AREA_DEL": "SPECIAL_PRIME", "polygon": null, "x": 538156.501, "y": 787954.26, "distance": 6325.0, "angle": 322.06046083582123 }, "geometry": { "type": "Point", "coordinates": [ 537811.101570853847079, 787148.475161926122382 ] } },
{ "type": "Feature", "properties": { "Layer": "ABEOKUTA_SPECIAL_PRIME", "Linetype": null, "EntityHand": "239", "Text": "S", "AREA_DEL": "SPECIAL_PRIME", "polygon": null, "x": 538156.501, "y": 787954.26, "distance": 6330.0, "angle": 322.06046083582123 }, "geometry": { "type": "Point", "coordinates": [ 537808.02742289530579, 787152.41846185491886 ] } },
{ "type": "Feature", "properties": { "Layer": "ABEOKUTA_SPECIAL_PRIME", "Linetype": null, "EntityHand": "239", "Text": "S", "AREA_DEL": "SPECIAL_PRIME", "polygon": null, "x": 538156.501, "y": 787954.26, "distance": 6335.0, "angle": 322.06046083582123 }, "geometry": { "type": "Point", "coordinates": [ 537804.953274936764501, 787156.361761783715338 ] } },
{ "type": "Feature", "properties": { "Layer": "ABEOKUTA_SPECIAL_PRIME", "Linetype": null, "EntityHand": "239", "Text": "S", "AREA_DEL": "SPECIAL_PRIME", "polygon": null, "x": 538156.501, "y": 787954.26, "distance": 6340.0, "angle": 322.06046083582123 }, "geometry": { "type": "Point", "coordinates": [ 537801.879126978106797, 787160.30506171262823 ] } },
{ "type": "Feature", "properties": { "Layer": "ABEOKUTA_SPECIAL_PRIME", "Linetype": null, "EntityHand": "239", "Text": "S", "AREA_DEL": "SPECIAL_PRIME", "polygon": null, "x": 538156.501, "y": 787954.26, "distance": 6345.0, "angle": 322.06046083582123 }, "geometry": { "type": "Point", "coordinates": [ 537798.804979019565508, 787164.248361641424708 ] } },
{ "type": "Feature", "properties": { "Layer": "ABEOKUTA_SPECIAL_PRIME", "Linetype": null, "EntityHand": "239", "Text": "S", "AREA_DEL": "SPECIAL_PRIME", "polygon": null, "x": 538156.501, "y": 787954.26, "distance": 6350.0, "angle": 322.06046083582123 }, "geometry": { "type": "Point", "coordinates": [ 537795.730831060907803, 787168.191661570221186 ] } },
{ "type": "Feature", "properties": { "Layer": "ABEOKUTA_SPECIAL_PRIME", "Linetype": null, "EntityHand": "239", "Text": "S", "AREA_DEL": "SPECIAL_PRIME", "polygon": null, "x": 538156.501, "y": 787954.26, "distance": 6355.0, "angle": 322.06046083582123 }, "geometry": { "type": "Point", "coordinates": [ 537792.656683102366515, 787172.134961499134079 ] } },
{ "type": "Feature", "properties": { "Layer": "ABEOKUTA_SPECIAL_PRIME", "Linetype": null, "EntityHand": "239", "Text": "S", "AREA_DEL": "SPECIAL_PRIME", "polygon": null, "x": 538156.501, "y": 787954.26, "distance": 6360.0, "angle": 322.06046083582123 }, "geometry": { "type": "Point", "coordinates": [ 537789.582535143825226, 787176.078261427930556 ] } },
{ "type": "Feature", "properties": { "Layer": "ABEOKUTA_SPECIAL_PRIME", "Linetype": null, "EntityHand": "239", "Text": "S", "AREA_DEL": "SPECIAL_PRIME", "polygon": null, "x": 538156.501, "y": 787954.26, "distance": 6365.0, "angle": 322.06046083582123 }, "geometry": { "type": "Point", "coordinates": [ 537786.508387185167521, 787180.021561356727034 ] } },
{ "type": "Feature", "properties": { "Layer": "ABEOKUTA_SPECIAL_PRIME", "Linetype": null, "EntityHand": "239", "Text": "S", "AREA_DEL": "SPECIAL_PRIME", "polygon": null, "x": 538156.501, "y": 787954.26, "distance": 6370.0, "angle": 322.06046083582123 }, "geometry": { "type": "Point", "coordinates": [ 537783.434239226626232, 787183.964861285523511 ] } },
{ "type": "Feature", "properties": { "Layer": "ABEOKUTA_SPECIAL_PRIME", "Linetype": null, "EntityHand": "239", "Text": "S", "AREA_DEL": "SPECIAL_PRIME", "polygon": null, "x": 538156.501, "y": 787954.26, "distance": 6375.0, "angle": 322.06046083582123 }, "geometry": { "type": "Point", "coordinates": [ 537780.360091267968528, 787187.908161214436404 ] } },
{ "type": "Feature", "properties": { "Layer": "ABEOKUTA_SPECIAL_PRIME", "Linetype": null, "EntityHand": "239", "Text": "S", "AREA_DEL": "SPECIAL_PRIME", "polygon": null, "x": 538156.501, "y": 787954.26, "distance": 6380.0, "angle": 322.06046083582123 }, "geometry": { "type": "Point", "coordinates": [ 537777.285943309427239, 787191.851461143232882 ] } },
{ "type": "Feature", "properties": { "Layer": "ABEOKUTA_SPECIAL_PRIME", "Linetype": null, "EntityHand": "239", "Text": "S", "AREA_DEL": "SPECIAL_PRIME", "polygon": null, "x": 538156.501, "y": 787954.26, "distance": 6385.0, "angle": 322.06046083582123 }, "geometry": { "type": "Point", "coordinates": [ 537774.21179535088595, 787195.79476107202936 ] } },
{ "type": "Feature", "properties": { "Layer": "ABEOKUTA_SPECIAL_PRIME", "Linetype": null, "EntityHand": "239", "Text": "S", "AREA_DEL": "SPECIAL_PRIME", "polygon": null, "x": 538156.501, "y": 787954.26, "distance": 6390.0, "angle": 322.06046083582123 }, "geometry": { "type": "Point", "coordinates": [ 537771.137647392228246, 787199.738061000942253 ] } },
{ "type": "Feature", "properties": { "Layer": "ABEOKUTA_SPECIAL_PRIME", "Linetype": null, "EntityHand": "239", "Text": "S", "AREA_DEL": "SPECIAL_PRIME", "polygon": null, "x": 538156.501, "y": 787954.26, "distance": 6395.0, "angle": 322.06046083582123 }, "geometry": { "type": "Point", "coordinates": [ 537768.063499433686957, 787203.68136092973873 ] } },
{ "type": "Feature", "properties": { "Layer": "ABEOKUTA_SPECIAL_PRIME", "Linetype": null, "EntityHand": "239", "Text": "S", "AREA_DEL": "SPECIAL_PRIME", "polygon": null, "x": 538156.501, "y": 787954.26, "distance": 6400.0, "angle": 322.06046083582123 }, "geometry": { "type": "Point", "coordinates": [ 537764.989351475029252, 787207.624660858535208 ] } },
{ "type": "Feature", "properties": { "Layer": "ABEOKUTA_SPECIAL_PRIME", "Linetype": null, "EntityHand": "239", "Text": "S", "AREA_DEL": "SPECIAL_PRIME", "polygon": null, "x": 538156.501, "y": 787954.26, "distance": 6405.0, "angle": 322.06046083582123 }, "geometry": { "type": "Point", "coordinates": [ 537761.915203516487963, 787211.567960787331685 ] } },
{ "type": "Feature", "properties": { "Layer": "ABEOKUTA_SPECIAL_PRIME", "Linetype": null, "EntityHand": "239", "Text": "S", "AREA_DEL": "SPECIAL_PRIME", "polygon": null, "x": 538156.501, "y": 787954.26, "distance": 6410.0, "angle": 322.06046083582123 }, "geometry": { "type": "Point", "coordinates": [ 537758.841055557946675, 787215.511260716244578 ] } },
{ "type": "Feature", "properties": { "Layer": "ABEOKUTA_SPECIAL_PRIME", "Linetype": null, "EntityHand": "239", "Text": "S", "AREA_DEL": "SPECIAL_PRIME", "polygon": null, "x": 538156.501, "y": 787954.26, "distance": 6415.0, "angle": 322.23171587708191 }, "geometry": { "type": "Point", "coordinates": [ 537755.77405522915069, 787219.460115694906563 ] } },
{ "type": "Feature", "properties": { "Layer": "ABEOKUTA_SPECIAL_PRIME", "Linetype": null, "EntityHand": "239", "Text": "S", "AREA_DEL": "SPECIAL_PRIME", "polygon": null, "x": 538156.501, "y": 787954.26, "distance": 6420.0, "angle": 322.23171587708191 }, "geometry": { "type": "Point", "coordinates": [ 537752.711707367911004, 787223.412586514139548 ] } },
{ "type": "Feature", "properties": { "Layer": "ABEOKUTA_SPECIAL_PRIME", "Linetype": null, "EntityHand": "239", "Text": "S", "AREA_DEL": "SPECIAL_PRIME", "polygon": null, "x": 538156.501, "y": 787954.26, "distance": 6425.0, "angle": 322.23171587708191 }, "geometry": { "type": "Point", "coordinates": [ 537749.649359506671317, 787227.365057333372533 ] } },
{ "type": "Feature", "properties": { "Layer": "ABEOKUTA_SPECIAL_PRIME", "Linetype": null, "EntityHand": "239", "Text": "S", "AREA_DEL": "SPECIAL_PRIME", "polygon": null, "x": 538156.501, "y": 787954.26, "distance": 6430.0, "angle": 322.23171587708191 }, "geometry": { "type": "Point", "coordinates": [ 537746.58701164543163, 787231.317528152605519 ] } },
{ "type": "Feature", "properties": { "Layer": "ABEOKUTA_SPECIAL_PRIME", "Linetype": null, "EntityHand": "239", "Text": "S", "AREA_DEL": "SPECIAL_PRIME", "polygon": null, "x": 538156.501, "y": 787954.26, "distance": 6435.0, "angle": 322.23171587708191 }, "geometry": { "type": "Point", "coordinates": [ 537743.524663784191944, 787235.269998971838504 ] } },
{ "type": "Feature", "properties": { "Layer": "ABEOKUTA_SPECIAL_PRIME", "Linetype": null, "EntityHand": "239", "Text": "S", "AREA_DEL": "SPECIAL_PRIME", "polygon": null, "x": 538156.501, "y": 787954.26, "distance": 6440.0, "angle": 322.23171587708191 }, "geometry": { "type": "Point", "coordinates": [ 537740.462315922952257, 787239.222469791071489 ] } },
{ "type": "Feature", "properties": { "Layer": "ABEOKUTA_SPECIAL_PRIME", "Linetype": null, "EntityHand": "239", "Text": "S", "AREA_DEL": "SPECIAL_PRIME", "polygon": null, "x": 538156.501, "y": 787954.26, "distance": 6445.0, "angle": 322.23171587708191 }, "geometry": { "type": "Point", "coordinates": [ 537737.39996806171257, 787243.17494061018806 ] } },
{ "type": "Feature", "properties": { "Layer": "ABEOKUTA_SPECIAL_PRIME", "Linetype": null, "EntityHand": "239", "Text": "S", "AREA_DEL": "SPECIAL_PRIME", "polygon": null, "x": 538156.501, "y": 787954.26, "distance": 6450.0, "angle": 322.23171587708191 }, "geometry": { "type": "Point", "coordinates": [ 537734.337620200472884, 787247.127411429421045 ] } },
{ "type": "Feature", "properties": { "Layer": "ABEOKUTA_SPECIAL_PRIME", "Linetype": null, "EntityHand": "239", "Text": "S", "AREA_DEL": "SPECIAL_PRIME", "polygon": null, "x": 538156.501, "y": 787954.26, "distance": 6455.0, "angle": 322.23171587708191 }, "geometry": { "type": "Point", "coordinates": [ 537731.275272339233197, 787251.07988224865403 ] } },
{ "type": "Feature", "properties": { "Layer": "ABEOKUTA_SPECIAL_PRIME", "Linetype": null, "EntityHand": "239", "Text": "S", "AREA_DEL": "SPECIAL_PRIME", "polygon": null, "x": 538156.501, "y": 787954.26, "distance": 6460.0, "angle": 322.23171587708191 }, "geometry": { "type": "Point", "coordinates": [ 537728.212924477993511, 787255.032353067887016 ] } },
{ "type": "Feature", "properties": { "Layer": "ABEOKUTA_SPECIAL_PRIME", "Linetype": null, "EntityHand": "239", "Text": "S", "AREA_DEL": "SPECIAL_PRIME", "polygon": null, "x": 538156.501, "y": 787954.26, "distance": 6465.0, "angle": 322.23171587708191 }, "geometry": { "type": "Point", "coordinates": [ 537725.150576616753824, 787258.984823887120001 ] } },
{ "type": "Feature", "properties": { "Layer": "ABEOKUTA_SPECIAL_PRIME", "Linetype": null, "EntityHand": "239", "Text": "S", "AREA_DEL": "SPECIAL_PRIME", "polygon": null, "x": 538156.501, "y": 787954.26, "distance": 6470.0, "angle": 322.23171587708191 }, "geometry": { "type": "Point", "coordinates": [ 537722.088228755514137, 787262.937294706352986 ] } },
{ "type": "Feature", "properties": { "Layer": "ABEOKUTA_SPECIAL_PRIME", "Linetype": null, "EntityHand": "239", "Text": "S", "AREA_DEL": "SPECIAL_PRIME", "polygon": null, "x": 538156.501, "y": 787954.26, "distance": 6475.0, "angle": 322.23171587708191 }, "geometry": { "type": "Point", "coordinates": [ 537719.025880894274451, 787266.889765525585972 ] } },
{ "type": "Feature", "properties": { "Layer": "ABEOKUTA_SPECIAL_PRIME", "Linetype": null, "EntityHand": "239", "Text": "S", "AREA_DEL": "SPECIAL_PRIME", "polygon": null, "x": 538156.501, "y": 787954.26, "distance": 6480.0, "angle": 322.23171587708191 }, "geometry": { "type": "Point", "coordinates": [ 537715.963533033034764, 787270.842236344818957 ] } },
{ "type": "Feature", "properties": { "Layer": "ABEOKUTA_SPECIAL_PRIME", "Linetype": null, "EntityHand": "239", "Text": "S", "AREA_DEL": "SPECIAL_PRIME", "polygon": null, "x": 538156.501, "y": 787954.26, "distance": 6485.0, "angle": 322.23171587708191 }, "geometry": { "type": "Point", "coordinates": [ 537712.901185171795078, 787274.794707163935527 ] } },
{ "type": "Feature", "properties": { "Layer": "ABEOKUTA_SPECIAL_PRIME", "Linetype": null, "EntityHand": "239", "Text": "S", "AREA_DEL": "SPECIAL_PRIME", "polygon": null, "x": 538156.501, "y": 787954.26, "distance": 6490.0, "angle": 322.23171587708191 }, "geometry": { "type": "Point", "coordinates": [ 537709.838837310555391, 787278.747177983168513 ] } },
{ "type": "Feature", "properties": { "Layer": "ABEOKUTA_SPECIAL_PRIME", "Linetype": null, "EntityHand": "239", "Text": "S", "AREA_DEL": "SPECIAL_PRIME", "polygon": null, "x": 538156.501, "y": 787954.26, "distance": 6495.0, "angle": 322.23171587708191 }, "geometry": { "type": "Point", "coordinates": [ 537706.776489449315704, 787282.699648802401498 ] } },
{ "type": "Feature", "properties": { "Layer": "ABEOKUTA_SPECIAL_PRIME", "Linetype": null, "EntityHand": "239", "Text": "S", "AREA_DEL": "SPECIAL_PRIME", "polygon": null, "x": 538156.501, "y": 787954.26, "distance": 6500.0, "angle": 322.23171587708191 }, "geometry": { "type": "Point", "coordinates": [ 537703.714141588076018, 787286.652119621634483 ] } },
{ "type": "Feature", "properties": { "Layer": "ABEOKUTA_SPECIAL_PRIME", "Linetype": null, "EntityHand": "239", "Text": "S", "AREA_DEL": "SPECIAL_PRIME", "polygon": null, "x": 538156.501, "y": 787954.26, "distance": 6505.0, "angle": 322.23171587708191 }, "geometry": { "type": "Point", "coordinates": [ 537700.651793726836331, 787290.604590440867469 ] } },
{ "type": "Feature", "properties": { "Layer": "ABEOKUTA_SPECIAL_PRIME", "Linetype": null, "EntityHand": "239", "Text": "S", "AREA_DEL": "SPECIAL_PRIME", "polygon": null, "x": 538156.501, "y": 787954.26, "distance": 6510.0, "angle": 322.23171587708191 }, "geometry": { "type": "Point", "coordinates": [ 537697.589445865596645, 787294.557061260100454 ] } },
{ "type": "Feature", "properties": { "Layer": "ABEOKUTA_SPECIAL_PRIME", "Linetype": null, "EntityHand": "239", "Text": "S", "AREA_DEL": "SPECIAL_PRIME", "polygon": null, "x": 538156.501, "y": 787954.26, "distance": 6515.0, "angle": 322.23171587708191 }, "geometry": { "type": "Point", "coordinates": [ 537694.527098004356958, 787298.509532079333439 ] } },
{ "type": "Feature", "properties": { "Layer": "ABEOKUTA_SPECIAL_PRIME", "Linetype": null, "EntityHand": "239", "Text": "S", "AREA_DEL": "SPECIAL_PRIME", "polygon": null, "x": 538156.501, "y": 787954.26, "distance": 6520.0, "angle": 322.23171587708191 }, "geometry": { "type": "Point", "coordinates": [ 537691.464750143117271, 787302.46200289845001 ] } },
{ "type": "Feature", "properties": { "Layer": "ABEOKUTA_SPECIAL_PRIME", "Linetype": null, "EntityHand": "239", "Text": "S", "AREA_DEL": "SPECIAL_PRIME", "polygon": null, "x": 538156.501, "y": 787954.26, "distance": 6525.0, "angle": 322.23171587708191 }, "geometry": { "type": "Point", "coordinates": [ 537688.402402281877585, 787306.414473717682995 ] } },
{ "type": "Feature", "properties": { "Layer": "ABEOKUTA_SPECIAL_PRIME", "Linetype": null, "EntityHand": "239", "Text": "S", "AREA_DEL": "SPECIAL_PRIME", "polygon": null, "x": 538156.501, "y": 787954.26, "distance": 6530.0, "angle": 322.23171587708191 }, "geometry": { "type": "Point", "coordinates": [ 537685.340054420637898, 787310.36694453691598 ] } },
{ "type": "Feature", "properties": { "Layer": "ABEOKUTA_SPECIAL_PRIME", "Linetype": null, "EntityHand": "239", "Text": "S", "AREA_DEL": "SPECIAL_PRIME", "polygon": null, "x": 538156.501, "y": 787954.26, "distance": 6535.0, "angle": 322.23171587708191 }, "geometry": { "type": "Point", "coordinates": [ 537682.277706559398212, 787314.319415356148966 ] } },
{ "type": "Feature", "properties": { "Layer": "ABEOKUTA_SPECIAL_PRIME", "Linetype": null, "EntityHand": "239", "Text": "S", "AREA_DEL": "SPECIAL_PRIME", "polygon": null, "x": 538156.501, "y": 787954.26, "distance": 6540.0, "angle": 322.23171587708191 }, "geometry": { "type": "Point", "coordinates": [ 537679.215358698158525, 787318.271886175381951 ] } },
{ "type": "Feature", "properties": { "Layer": "ABEOKUTA_SPECIAL_PRIME", "Linetype": null, "EntityHand": "239", "Text": "S", "AREA_DEL": "SPECIAL_PRIME", "polygon": null, "x": 538156.501, "y": 787954.26, "distance": 6545.0, "angle": 322.23171587708191 }, "geometry": { "type": "Point", "coordinates": [ 537676.153010836918838, 787322.224356994614936 ] } },
{ "type": "Feature", "properties": { "Layer": "ABEOKUTA_SPECIAL_PRIME", "Linetype": null, "EntityHand": "239", "Text": "S", "AREA_DEL": "SPECIAL_PRIME", "polygon": null, "x": 538156.501, "y": 787954.26, "distance": 6550.0, "angle": 322.23171587708191 }, "geometry": { "type": "Point", "coordinates": [ 537673.090662975679152, 787326.176827813847922 ] } },
{ "type": "Feature", "properties": { "Layer": "ABEOKUTA_SPECIAL_PRIME", "Linetype": null, "EntityHand": "239", "Text": "S", "AREA_DEL": "SPECIAL_PRIME", "polygon": null, "x": 538156.501, "y": 787954.26, "distance": 6555.0, "angle": 322.23171587708191 }, "geometry": { "type": "Point", "coordinates": [ 537670.028315114439465, 787330.129298633080907 ] } },
{ "type": "Feature", "properties": { "Layer": "ABEOKUTA_SPECIAL_PRIME", "Linetype": null, "EntityHand": "239", "Text": "S", "AREA_DEL": "SPECIAL_PRIME", "polygon": null, "x": 538156.501, "y": 787954.26, "distance": 6560.0, "angle": 322.23171587708191 }, "geometry": { "type": "Point", "coordinates": [ 537666.965967253199778, 787334.081769452197477 ] } },
{ "type": "Feature", "properties": { "Layer": "ABEOKUTA_SPECIAL_PRIME", "Linetype": null, "EntityHand": "239", "Text": "S", "AREA_DEL": "SPECIAL_PRIME", "polygon": null, "x": 538156.501, "y": 787954.26, "distance": 6565.0, "angle": 322.23171587708191 }, "geometry": { "type": "Point", "coordinates": [ 537663.903619391960092, 787338.034240271430463 ] } },
{ "type": "Feature", "properties": { "Layer": "ABEOKUTA_SPECIAL_PRIME", "Linetype": null, "EntityHand": "239", "Text": "S", "AREA_DEL": "SPECIAL_PRIME", "polygon": null, "x": 538156.501, "y": 787954.26, "distance": 6570.0, "angle": 322.23171587708191 }, "geometry": { "type": "Point", "coordinates": [ 537660.841271530720405, 787341.986711090663448 ] } },
{ "type": "Feature", "properties": { "Layer": "ABEOKUTA_SPECIAL_PRIME", "Linetype": null, "EntityHand": "239", "Text": "S", "AREA_DEL": "SPECIAL_PRIME", "polygon": null, "x": 538156.501, "y": 787954.26, "distance": 6575.0, "angle": 322.23171587708191 }, "geometry": { "type": "Point", "coordinates": [ 537657.778923669480719, 787345.939181909896433 ] } },
{ "type": "Feature", "properties": { "Layer": "ABEOKUTA_SPECIAL_PRIME", "Linetype": null, "EntityHand": "239", "Text": "S", "AREA_DEL": "SPECIAL_PRIME", "polygon": null, "x": 538156.501, "y": 787954.26, "distance": 6580.0, "angle": 322.23171587708191 }, "geometry": { "type": "Point", "coordinates": [ 537654.716575808241032, 787349.891652729129419 ] } },
{ "type": "Feature", "properties": { "Layer": "ABEOKUTA_SPECIAL_PRIME", "Linetype": null, "EntityHand": "239", "Text": "S", "AREA_DEL": "SPECIAL_PRIME", "polygon": null, "x": 538156.501, "y": 787954.26, "distance": 6585.0, "angle": 322.23171587708191 }, "geometry": { "type": "Point", "coordinates": [ 537651.654227947001345, 787353.844123548362404 ] } },
{ "type": "Feature", "properties": { "Layer": "ABEOKUTA_SPECIAL_PRIME", "Linetype": null, "EntityHand": "239", "Text": "S", "AREA_DEL": "SPECIAL_PRIME", "polygon": null, "x": 538156.501, "y": 787954.26, "distance": 6590.0, "angle": 322.23171587708191 }, "geometry": { "type": "Point", "coordinates": [ 537648.591880085761659, 787357.796594367595389 ] } },
{ "type": "Feature", "properties": { "Layer": "ABEOKUTA_SPECIAL_PRIME", "Linetype": null, "EntityHand": "239", "Text": "S", "AREA_DEL": "SPECIAL_PRIME", "polygon": null, "x": 538156.501, "y": 787954.26, "distance": 6595.0, "angle": 322.23171587708191 }, "geometry": { "type": "Point", "coordinates": [ 537645.529532224521972, 787361.74906518671196 ] } },
{ "type": "Feature", "properties": { "Layer": "ABEOKUTA_SPECIAL_PRIME", "Linetype": null, "EntityHand": "239", "Text": "S", "AREA_DEL": "SPECIAL_PRIME", "polygon": null, "x": 538156.501, "y": 787954.26, "distance": 6600.0, "angle": 322.23171587708191 }, "geometry": { "type": "Point", "coordinates": [ 537642.467184363282286, 787365.701536005944945 ] } },
{ "type": "Feature", "properties": { "Layer": "ABEOKUTA_SPECIAL_PRIME", "Linetype": null, "EntityHand": "239", "Text": "S", "AREA_DEL": "SPECIAL_PRIME", "polygon": null, "x": 538156.501, "y": 787954.26, "distance": 6605.0, "angle": 322.23171587708191 }, "geometry": { "type": "Point", "coordinates": [ 537639.404836502042599, 787369.65400682517793 ] } },
{ "type": "Feature", "properties": { "Layer": "ABEOKUTA_SPECIAL_PRIME", "Linetype": null, "EntityHand": "239", "Text": "S", "AREA_DEL": "SPECIAL_PRIME", "polygon": null, "x": 538156.501, "y": 787954.26, "distance": 6610.0, "angle": 322.23171587708191 }, "geometry": { "type": "Point", "coordinates": [ 537636.342488640802912, 787373.606477644410916 ] } },
{ "type": "Feature", "properties": { "Layer": "ABEOKUTA_SPECIAL_PRIME", "Linetype": null, "EntityHand": "239", "Text": "S", "AREA_DEL": "SPECIAL_PRIME", "polygon": null, "x": 538156.501, "y": 787954.26, "distance": 6615.0, "angle": 322.23171587708191 }, "geometry": { "type": "Point", "coordinates": [ 537633.280140779563226, 787377.558948463643901 ] } },
{ "type": "Feature", "properties": { "Layer": "ABEOKUTA_SPECIAL_PRIME", "Linetype": null, "EntityHand": "239", "Text": "S", "AREA_DEL": "SPECIAL_PRIME", "polygon": null, "x": 538156.501, "y": 787954.26, "distance": 6620.0, "angle": 322.23171587708191 }, "geometry": { "type": "Point", "coordinates": [ 537630.217792918323539, 787381.511419282876886 ] } },
{ "type": "Feature", "properties": { "Layer": "ABEOKUTA_SPECIAL_PRIME", "Linetype": null, "EntityHand": "239", "Text": "S", "AREA_DEL": "SPECIAL_PRIME", "polygon": null, "x": 538156.501, "y": 787954.26, "distance": 6625.0, "angle": 322.23171587708191 }, "geometry": { "type": "Point", "coordinates": [ 537627.155445057083853, 787385.463890102109872 ] } },
{ "type": "Feature", "properties": { "Layer": "ABEOKUTA_SPECIAL_PRIME", "Linetype": null, "EntityHand": "239", "Text": "S", "AREA_DEL": "SPECIAL_PRIME", "polygon": null, "x": 538156.501, "y": 787954.26, "distance": 6630.0, "angle": 322.23171587708191 }, "geometry": { "type": "Point", "coordinates": [ 537624.093097195844166, 787389.416360921226442 ] } },
{ "type": "Feature", "properties": { "Layer": "ABEOKUTA_SPECIAL_PRIME", "Linetype": null, "EntityHand": "239", "Text": "S", "AREA_DEL": "SPECIAL_PRIME", "polygon": null, "x": 538156.501, "y": 787954.26, "distance": 6635.0, "angle": 322.23171587708191 }, "geometry": { "type": "Point", "coordinates": [ 537621.030749334604479, 787393.368831740459427 ] } },
{ "type": "Feature", "properties": { "Layer": "ABEOKUTA_SPECIAL_PRIME", "Linetype": null, "EntityHand": "239", "Text": "S", "AREA_DEL": "SPECIAL_PRIME", "polygon": null, "x": 538156.501, "y": 787954.26, "distance": 6640.0, "angle": 322.23171587708191 }, "geometry": { "type": "Point", "coordinates": [ 537617.968401473364793, 787397.321302559692413 ] } },
{ "type": "Feature", "properties": { "Layer": "ABEOKUTA_SPECIAL_PRIME", "Linetype": null, "EntityHand": "239", "Text": "S", "AREA_DEL": "SPECIAL_PRIME", "polygon": null, "x": 538156.501, "y": 787954.26, "distance": 6645.0, "angle": 322.23171587708191 }, "geometry": { "type": "Point", "coordinates": [ 537614.906053612125106, 787401.273773378925398 ] } },
{ "type": "Feature", "properties": { "Layer": "ABEOKUTA_SPECIAL_PRIME", "Linetype": null, "EntityHand": "239", "Text": "S", "AREA_DEL": "SPECIAL_PRIME", "polygon": null, "x": 538156.501, "y": 787954.26, "distance": 6650.0, "angle": 236.42814918731216 }, "geometry": { "type": "Point", "coordinates": [ 537612.76549527363386, 787401.622891208506189 ] } },
{ "type": "Feature", "properties": { "Layer": "ABEOKUTA_SPECIAL_PRIME", "Linetype": null, "EntityHand": "239", "Text": "S", "AREA_DEL": "SPECIAL_PRIME", "polygon": null, "x": 538156.501, "y": 787954.26, "distance": 6655.0, "angle": 319.04987568716194 }, "geometry": { "type": "Point", "coordinates": [ 537613.067201829282567, 787403.29717293207068 ] } },
{ "type": "Feature", "properties": { "Layer": "ABEOKUTA_SPECIAL_PRIME", "Linetype": null, "EntityHand": "239", "Text": "S", "AREA_DEL": "SPECIAL_PRIME", "polygon": null, "x": 538156.501, "y": 787954.26, "distance": 6660.0, "angle": 319.04987568716194 }, "geometry": { "type": "Point", "coordinates": [ 537609.790192781132646, 787407.073574883514084 ] } },
{ "type": "Feature", "properties": { "Layer": "ABEOKUTA_SPECIAL_PRIME", "Linetype": null, "EntityHand": "239", "Text": "S", "AREA_DEL": "SPECIAL_PRIME", "polygon": null, "x": 538156.501, "y": 787954.26, "distance": 6665.0, "angle": 319.04987568716194 }, "geometry": { "type": "Point", "coordinates": [ 537606.513183732982725, 787410.849976834957488 ] } },
{ "type": "Feature", "properties": { "Layer": "ABEOKUTA_SPECIAL_PRIME", "Linetype": null, "EntityHand": "239", "Text": "S", "AREA_DEL": "SPECIAL_PRIME", "polygon": null, "x": 538156.501, "y": 787954.26, "distance": 6670.0, "angle": 319.04987568716194 }, "geometry": { "type": "Point", "coordinates": [ 537603.236174684949219, 787414.626378786284477 ] } },
{ "type": "Feature", "properties": { "Layer": "ABEOKUTA_SPECIAL_PRIME", "Linetype": null, "EntityHand": "239", "Text": "S", "AREA_DEL": "SPECIAL_PRIME", "polygon": null, "x": 538156.501, "y": 787954.26, "distance": 6675.0, "angle": 319.04987568716194 }, "geometry": { "type": "Point", "coordinates": [ 537599.959165636799298, 787418.40278073772788 ] } },
{ "type": "Feature", "properties": { "Layer": "ABEOKUTA_SPECIAL_PRIME", "Linetype": null, "EntityHand": "239", "Text": "S", "AREA_DEL": "SPECIAL_PRIME", "polygon": null, "x": 538156.501, "y": 787954.26, "distance": 6680.0, "angle": 319.04987568716194 }, "geometry": { "type": "Point", "coordinates": [ 537596.682156588649377, 787422.179182689171284 ] } },
{ "type": "Feature", "properties": { "Layer": "ABEOKUTA_SPECIAL_PRIME", "Linetype": null, "EntityHand": "239", "Text": "S", "AREA_DEL": "SPECIAL_PRIME", "polygon": null, "x": 538156.501, "y": 787954.26, "distance": 6685.0, "angle": 319.04987568716194 }, "geometry": { "type": "Point", "coordinates": [ 537593.405147540615872, 787425.955584640498273 ] } },
{ "type": "Feature", "properties": { "Layer": "ABEOKUTA_SPECIAL_PRIME", "Linetype": null, "EntityHand": "239", "Text": "S", "AREA_DEL": "SPECIAL_PRIME", "polygon": null, "x": 538156.501, "y": 787954.26, "distance": 6690.0, "angle": 319.04987568716194 }, "geometry": { "type": "Point", "coordinates": [ 537590.128138492465951, 787429.731986591941677 ] } },
{ "type": "Feature", "properties": { "Layer": "ABEOKUTA_SPECIAL_PRIME", "Linetype": null, "EntityHand": "239", "Text": "S", "AREA_DEL": "SPECIAL_PRIME", "polygon": null, "x": 538156.501, "y": 787954.26, "distance": 6695.0, "angle": 319.04987568716194 }, "geometry": { "type": "Point", "coordinates": [ 537586.851129444432445, 787433.508388543385081 ] } },
{ "type": "Feature", "properties": { "Layer": "ABEOKUTA_SPECIAL_PRIME", "Linetype": null, "EntityHand": "239", "Text": "S", "AREA_DEL": "SPECIAL_PRIME", "polygon": null, "x": 538156.501, "y": 787954.26, "distance": 6700.0, "angle": 319.04987568716194 }, "geometry": { "type": "Point", "coordinates": [ 537583.574120396282524, 787437.284790494828485 ] } },
{ "type": "Feature", "properties": { "Layer": "ABEOKUTA_SPECIAL_PRIME", "Linetype": null, "EntityHand": "239", "Text": "S", "AREA_DEL": "SPECIAL_PRIME", "polygon": null, "x": 538156.501, "y": 787954.26, "distance": 6705.0, "angle": 319.04987568716194 }, "geometry": { "type": "Point", "coordinates": [ 537580.297111348132603, 787441.061192446155474 ] } },
{ "type": "Feature", "properties": { "Layer": "ABEOKUTA_SPECIAL_PRIME", "Linetype": null, "EntityHand": "239", "Text": "S", "AREA_DEL": "SPECIAL_PRIME", "polygon": null, "x": 538156.501, "y": 787954.26, "distance": 6710.0, "angle": 319.04987568716194 }, "geometry": { "type": "Point", "coordinates": [ 537577.020102300099097, 787444.837594397598878 ] } },
{ "type": "Feature", "properties": { "Layer": "ABEOKUTA_SPECIAL_PRIME", "Linetype": null, "EntityHand": "239", "Text": "S", "AREA_DEL": "SPECIAL_PRIME", "polygon": null, "x": 538156.501, "y": 787954.26, "distance": 6715.0, "angle": 319.04987568716194 }, "geometry": { "type": "Point", "coordinates": [ 537573.743093251949176, 787448.613996349042282 ] } },
{ "type": "Feature", "properties": { "Layer": "ABEOKUTA_SPECIAL_PRIME", "Linetype": null, "EntityHand": "239", "Text": "S", "AREA_DEL": "SPECIAL_PRIME", "polygon": null, "x": 538156.501, "y": 787954.26, "distance": 6720.0, "angle": 319.04987568716194 }, "geometry": { "type": "Point", "coordinates": [ 537570.466084203799255, 787452.390398300485685 ] } },
{ "type": "Feature", "properties": { "Layer": "ABEOKUTA_SPECIAL_PRIME", "Linetype": null, "EntityHand": "239", "Text": "S", "AREA_DEL": "SPECIAL_PRIME", "polygon": null, "x": 538156.501, "y": 787954.26, "distance": 6725.0, "angle": 319.04987568716194 }, "geometry": { "type": "Point", "coordinates": [ 537567.18907515576575, 787456.166800251812674 ] } },
{ "type": "Feature", "properties": { "Layer": "ABEOKUTA_SPECIAL_PRIME", "Linetype": null, "EntityHand": "239", "Text": "S", "AREA_DEL": "SPECIAL_PRIME", "polygon": null, "x": 538156.501, "y": 787954.26, "distance": 6730.0, "angle": 319.04987568716194 }, "geometry": { "type": "Point", "coordinates": [ 537563.912066107615829, 787459.943202203256078 ] } },
{ "type": "Feature", "properties": { "Layer": "ABEOKUTA_SPECIAL_PRIME", "Linetype": null, "EntityHand": "239", "Text": "S", "AREA_DEL": "SPECIAL_PRIME", "polygon": null, "x": 538156.501, "y": 787954.26, "distance": 6735.0, "angle": 319.04987568716194 }, "geometry": { "type": "Point", "coordinates": [ 537560.635057059582323, 787463.719604154699482 ] } },
{ "type": "Feature", "properties": { "Layer": "ABEOKUTA_SPECIAL_PRIME", "Linetype": null, "EntityHand": "239", "Text": "S", "AREA_DEL": "SPECIAL_PRIME", "polygon": null, "x": 538156.501, "y": 787954.26, "distance": 6740.0, "angle": 319.04987568716194 }, "geometry": { "type": "Point", "coordinates": [ 537557.358048011432402, 787467.496006106026471 ] } },
{ "type": "Feature", "properties": { "Layer": "ABEOKUTA_SPECIAL_PRIME", "Linetype": null, "EntityHand": "239", "Text": "S", "AREA_DEL": "SPECIAL_PRIME", "polygon": null, "x": 538156.501, "y": 787954.26, "distance": 6745.0, "angle": 319.04987568716194 }, "geometry": { "type": "Point", "coordinates": [ 537554.081038963282481, 787471.272408057469875 ] } },
{ "type": "Feature", "properties": { "Layer": "ABEOKUTA_SPECIAL_PRIME", "Linetype": null, "EntityHand": "239", "Text": "S", "AREA_DEL": "SPECIAL_PRIME", "polygon": null, "x": 538156.501, "y": 787954.26, "distance": 6750.0, "angle": 319.04987568716194 }, "geometry": { "type": "Point", "coordinates": [ 537550.804029915248975, 787475.048810008913279 ] } },
{ "type": "Feature", "properties": { "Layer": "ABEOKUTA_SPECIAL_PRIME", "Linetype": null, "EntityHand": "239", "Text": "S", "AREA_DEL": "SPECIAL_PRIME", "polygon": null, "x": 538156.501, "y": 787954.26, "distance": 6755.0, "angle": 319.04987568716194 }, "geometry": { "type": "Point", "coordinates": [ 537547.527020867099054, 787478.825211960356683 ] } },
{ "type": "Feature", "properties": { "Layer": "ABEOKUTA_SPECIAL_PRIME", "Linetype": null, "EntityHand": "239", "Text": "S", "AREA_DEL": "SPECIAL_PRIME", "polygon": null, "x": 538156.501, "y": 787954.26, "distance": 6760.0, "angle": 319.04987568716194 }, "geometry": { "type": "Point", "coordinates": [ 537544.250011818949133, 787482.601613911683671 ] } },
{ "type": "Feature", "properties": { "Layer": "ABEOKUTA_SPECIAL_PRIME", "Linetype": null, "EntityHand": "239", "Text": "S", "AREA_DEL": "SPECIAL_PRIME", "polygon": null, "x": 538156.501, "y": 787954.26, "distance": 6765.0, "angle": 319.04987568716194 }, "geometry": { "type": "Point", "coordinates": [ 537540.973002770915627, 787486.378015863127075 ] } },
{ "type": "Feature", "properties": { "Layer": "ABEOKUTA_SPECIAL_PRIME", "Linetype": null, "EntityHand": "239", "Text": "S", "AREA_DEL": "SPECIAL_PRIME", "polygon": null, "x": 538156.501, "y": 787954.26, "distance": 6770.0, "angle": 319.04987568716194 }, "geometry": { "type": "Point", "coordinates": [ 537537.695993722765706, 787490.154417814570479 ] } },
{ "type": "Feature", "properties": { "Layer": "ABEOKUTA_SPECIAL_PRIME", "Linetype": null, "EntityHand": "239", "Text": "S", "AREA_DEL": "SPECIAL_PRIME", "polygon": null, "x": 538156.501, "y": 787954.26, "distance": 6775.0, "angle": 319.04987568716194 }, "geometry": { "type": "Point", "coordinates": [ 537534.418984674732201, 787493.930819766013883 ] } },
{ "type": "Feature", "properties": { "Layer": "ABEOKUTA_SPECIAL_PRIME", "Linetype": null, "EntityHand": "239", "Text": "S", "AREA_DEL": "SPECIAL_PRIME", "polygon": null, "x": 538156.501, "y": 787954.26, "distance": 6780.0, "angle": 319.04987568716194 }, "geometry": { "type": "Point", "coordinates": [ 537531.14197562658228, 787497.707221717340872 ] } },
{ "type": "Feature", "properties": { "Layer": "ABEOKUTA_SPECIAL_PRIME", "Linetype": null, "EntityHand": "239", "Text": "S", "AREA_DEL": "SPECIAL_PRIME", "polygon": null, "x": 538156.501, "y": 787954.26, "distance": 6785.0, "angle": 319.04987568716194 }, "geometry": { "type": "Point", "coordinates": [ 537527.864966578432359, 787501.483623668784276 ] } },
{ "type": "Feature", "properties": { "Layer": "ABEOKUTA_SPECIAL_PRIME", "Linetype": null, "EntityHand": "239", "Text": "S", "AREA_DEL": "SPECIAL_PRIME", "polygon": null, "x": 538156.501, "y": 787954.26, "distance": 6790.0, "angle": 319.04987568716194 }, "geometry": { "type": "Point", "coordinates": [ 537524.587957530398853, 787505.26002562022768 ] } },
{ "type": "Feature", "properties": { "Layer": "ABEOKUTA_SPECIAL_PRIME", "Linetype": null, "EntityHand": "239", "Text": "S", "AREA_DEL": "SPECIAL_PRIME", "polygon": null, "x": 538156.501, "y": 787954.26, "distance": 6795.0, "angle": 319.04987568716194 }, "geometry": { "type": "Point", "coordinates": [ 537521.310948482248932, 787509.036427571671084 ] } },
{ "type": "Feature", "properties": { "Layer": "ABEOKUTA_SPECIAL_PRIME", "Linetype": null, "EntityHand": "239", "Text": "S", "AREA_DEL": "SPECIAL_PRIME", "polygon": null, "x": 538156.501, "y": 787954.26, "distance": 6800.0, "angle": 319.04987568716194 }, "geometry": { "type": "Point", "coordinates": [ 537518.033939434099011, 787512.812829522998072 ] } },
{ "type": "Feature", "properties": { "Layer": "ABEOKUTA_SPECIAL_PRIME", "Linetype": null, "EntityHand": "239", "Text": "S", "AREA_DEL": "SPECIAL_PRIME", "polygon": null, "x": 538156.501, "y": 787954.26, "distance": 6805.0, "angle": 319.04987568716194 }, "geometry": { "type": "Point", "coordinates": [ 537514.756930386065505, 787516.589231474441476 ] } },
{ "type": "Feature", "properties": { "Layer": "ABEOKUTA_SPECIAL_PRIME", "Linetype": null, "EntityHand": "239", "Text": "S", "AREA_DEL": "SPECIAL_PRIME", "polygon": null, "x": 538156.501, "y": 787954.26, "distance": 6810.0, "angle": 319.04987568716194 }, "geometry": { "type": "Point", "coordinates": [ 537511.479921337915584, 787520.36563342588488 ] } },
{ "type": "Feature", "properties": { "Layer": "ABEOKUTA_SPECIAL_PRIME", "Linetype": null, "EntityHand": "239", "Text": "S", "AREA_DEL": "SPECIAL_PRIME", "polygon": null, "x": 538156.501, "y": 787954.26, "distance": 6815.0, "angle": 319.04987568716194 }, "geometry": { "type": "Point", "coordinates": [ 537508.202912289882079, 787524.142035377211869 ] } },
{ "type": "Feature", "properties": { "Layer": "ABEOKUTA_SPECIAL_PRIME", "Linetype": null, "EntityHand": "239", "Text": "S", "AREA_DEL": "SPECIAL_PRIME", "polygon": null, "x": 538156.501, "y": 787954.26, "distance": 6820.0, "angle": 319.04987568716194 }, "geometry": { "type": "Point", "coordinates": [ 537504.925903241732158, 787527.918437328655273 ] } },
{ "type": "Feature", "properties": { "Layer": "ABEOKUTA_SPECIAL_PRIME", "Linetype": null, "EntityHand": "239", "Text": "S", "AREA_DEL": "SPECIAL_PRIME", "polygon": null, "x": 538156.501, "y": 787954.26, "distance": 6825.0, "angle": 319.04987568716194 }, "geometry": { "type": "Point", "coordinates": [ 537501.648894193582237, 787531.694839280098677 ] } },
{ "type": "Feature", "properties": { "Layer": "ABEOKUTA_SPECIAL_PRIME", "Linetype": null, "EntityHand": "239", "Text": "S", "AREA_DEL": "SPECIAL_PRIME", "polygon": null, "x": 538156.501, "y": 787954.26, "distance": 6830.0, "angle": 319.04987568716194 }, "geometry": { "type": "Point", "coordinates": [ 537498.371885145548731, 787535.471241231542081 ] } },
{ "type": "Feature", "properties": { "Layer": "ABEOKUTA_SPECIAL_PRIME", "Linetype": null, "EntityHand": "239", "Text": "S", "AREA_DEL": "SPECIAL_PRIME", "polygon": null, "x": 538156.501, "y": 787954.26, "distance": 6835.0, "angle": 319.04987568716194 }, "geometry": { "type": "Point", "coordinates": [ 537495.09487609739881, 787539.247643182869069 ] } },
{ "type": "Feature", "properties": { "Layer": "ABEOKUTA_SPECIAL_PRIME", "Linetype": null, "EntityHand": "239", "Text": "S", "AREA_DEL": "SPECIAL_PRIME", "polygon": null, "x": 538156.501, "y": 787954.26, "distance": 6840.0, "angle": 319.04987568716194 }, "geometry": { "type": "Point", "coordinates": [ 537491.817867049248889, 787543.024045134312473 ] } },
{ "type": "Feature", "properties": { "Layer": "ABEOKUTA_SPECIAL_PRIME", "Linetype": null, "EntityHand": "239", "Text": "S", "AREA_DEL": "SPECIAL_PRIME", "polygon": null, "x": 538156.501, "y": 787954.26, "distance": 6845.0, "angle": 319.04987568716194 }, "geometry": { "type": "Point", "coordinates": [ 537488.540858001215383, 787546.800447085755877 ] } },
{ "type": "Feature", "properties": { "Layer": "ABEOKUTA_SPECIAL_PRIME", "Linetype": null, "EntityHand": "239", "Text": "S", "AREA_DEL": "SPECIAL_PRIME", "polygon": null, "x": 538156.501, "y": 787954.26, "distance": 6850.0, "angle": 319.04987568716194 }, "geometry": { "type": "Point", "coordinates": [ 537485.263848953065462, 787550.576849037199281 ] } },
{ "type": "Feature", "properties": { "Layer": "ABEOKUTA_SPECIAL_PRIME", "Linetype": null, "EntityHand": "239", "Text": "S", "AREA_DEL": "SPECIAL_PRIME", "polygon": null, "x": 538156.501, "y": 787954.26, "distance": 6855.0, "angle": 319.04987568716194 }, "geometry": { "type": "Point", "coordinates": [ 537481.986839905031957, 787554.35325098852627 ] } },
{ "type": "Feature", "properties": { "Layer": "ABEOKUTA_SPECIAL_PRIME", "Linetype": null, "EntityHand": "239", "Text": "S", "AREA_DEL": "SPECIAL_PRIME", "polygon": null, "x": 538156.501, "y": 787954.26, "distance": 6860.0, "angle": 319.04987568716194 }, "geometry": { "type": "Point", "coordinates": [ 537478.709830856882036, 787558.129652939969674 ] } },
{ "type": "Feature", "properties": { "Layer": "ABEOKUTA_SPECIAL_PRIME", "Linetype": null, "EntityHand": "239", "Text": "S", "AREA_DEL": "SPECIAL_PRIME", "polygon": null, "x": 538156.501, "y": 787954.26, "distance": 6865.0, "angle": 319.04987568716194 }, "geometry": { "type": "Point", "coordinates": [ 537475.432821808732115, 787561.906054891413078 ] } },
{ "type": "Feature", "properties": { "Layer": "ABEOKUTA_SPECIAL_PRIME", "Linetype": null, "EntityHand": "239", "Text": "S", "AREA_DEL": "SPECIAL_PRIME", "polygon": null, "x": 538156.501, "y": 787954.26, "distance": 6870.0, "angle": 319.04987568716194 }, "geometry": { "type": "Point", "coordinates": [ 537472.155812760698609, 787565.682456842740066 ] } },
{ "type": "Feature", "properties": { "Layer": "ABEOKUTA_SPECIAL_PRIME", "Linetype": null, "EntityHand": "239", "Text": "S", "AREA_DEL": "SPECIAL_PRIME", "polygon": null, "x": 538156.501, "y": 787954.26, "distance": 6875.0, "angle": 319.04987568716194 }, "geometry": { "type": "Point", "coordinates": [ 537468.878803712548688, 787569.45885879418347 ] } },
{ "type": "Feature", "properties": { "Layer": "ABEOKUTA_SPECIAL_PRIME", "Linetype": null, "EntityHand": "239", "Text": "S", "AREA_DEL": "SPECIAL_PRIME", "polygon": null, "x": 538156.501, "y": 787954.26, "distance": 6880.0, "angle": 319.04987568716194 }, "geometry": { "type": "Point", "coordinates": [ 537465.601794664398767, 787573.235260745626874 ] } },
{ "type": "Feature", "properties": { "Layer": "ABEOKUTA_SPECIAL_PRIME", "Linetype": null, "EntityHand": "239", "Text": "S", "AREA_DEL": "SPECIAL_PRIME", "polygon": null, "x": 538156.501, "y": 787954.26, "distance": 6885.0, "angle": 319.04987568716194 }, "geometry": { "type": "Point", "coordinates": [ 537462.324785616365261, 787577.011662697070278 ] } },
{ "type": "Feature", "properties": { "Layer": "ABEOKUTA_SPECIAL_PRIME", "Linetype": null, "EntityHand": "239", "Text": "S", "AREA_DEL": "SPECIAL_PRIME", "polygon": null, "x": 538156.501, "y": 787954.26, "distance": 6890.0, "angle": 319.04987568716194 }, "geometry": { "type": "Point", "coordinates": [ 537459.04777656821534, 787580.788064648397267 ] } },
{ "type": "Feature", "properties": { "Layer": "ABEOKUTA_SPECIAL_PRIME", "Linetype": null, "EntityHand": "239", "Text": "S", "AREA_DEL": "SPECIAL_PRIME", "polygon": null, "x": 538156.501, "y": 787954.26, "distance": 6895.0, "angle": 319.04987568716194 }, "geometry": { "type": "Point", "coordinates": [ 537455.770767520181835, 787584.564466599840671 ] } },
{ "type": "Feature", "properties": { "Layer": "ABEOKUTA_SPECIAL_PRIME", "Linetype": null, "EntityHand": "239", "Text": "S", "AREA_DEL": "SPECIAL_PRIME", "polygon": null, "x": 538156.501, "y": 787954.26, "distance": 6900.0, "angle": 319.04987568716194 }, "geometry": { "type": "Point", "coordinates": [ 537452.493758472031914, 787588.340868551284075 ] } },
{ "type": "Feature", "properties": { "Layer": "ABEOKUTA_SPECIAL_PRIME", "Linetype": null, "EntityHand": "239", "Text": "S", "AREA_DEL": "SPECIAL_PRIME", "polygon": null, "x": 538156.501, "y": 787954.26, "distance": 6905.0, "angle": 319.04987568716194 }, "geometry": { "type": "Point", "coordinates": [ 537449.216749423881993, 787592.117270502727479 ] } },
{ "type": "Feature", "properties": { "Layer": "ABEOKUTA_SPECIAL_PRIME", "Linetype": null, "EntityHand": "239", "Text": "S", "AREA_DEL": "SPECIAL_PRIME", "polygon": null, "x": 538156.501, "y": 787954.26, "distance": 6910.0, "angle": 319.04987568716194 }, "geometry": { "type": "Point", "coordinates": [ 537445.939740375848487, 787595.893672454054467 ] } },
{ "type": "Feature", "properties": { "Layer": "ABEOKUTA_SPECIAL_PRIME", "Linetype": null, "EntityHand": "239", "Text": "S", "AREA_DEL": "SPECIAL_PRIME", "polygon": null, "x": 538156.501, "y": 787954.26, "distance": 6915.0, "angle": 319.04987568716194 }, "geometry": { "type": "Point", "coordinates": [ 537442.662731327698566, 787599.670074405497871 ] } },
{ "type": "Feature", "properties": { "Layer": "ABEOKUTA_SPECIAL_PRIME", "Linetype": null, "EntityHand": "239", "Text": "S", "AREA_DEL": "SPECIAL_PRIME", "polygon": null, "x": 538156.501, "y": 787954.26, "distance": 6920.0, "angle": 319.04987568716194 }, "geometry": { "type": "Point", "coordinates": [ 537439.385722279548645, 787603.446476356941275 ] } },
{ "type": "Feature", "properties": { "Layer": "ABEOKUTA_SPECIAL_PRIME", "Linetype": null, "EntityHand": "239", "Text": "S", "AREA_DEL": "SPECIAL_PRIME", "polygon": null, "x": 538156.501, "y": 787954.26, "distance": 6925.0, "angle": 232.92252211061839 }, "geometry": { "type": "Point", "coordinates": [ 537436.018036589841358, 787606.358144078636542 ] } },
{ "type": "Feature", "properties": { "Layer": "ABEOKUTA_SPECIAL_PRIME", "Linetype": null, "EntityHand": "239", "Text": "S", "AREA_DEL": "SPECIAL_PRIME", "polygon": null, "x": 538156.501, "y": 787954.26, "distance": 6930.0, "angle": 232.92252211061839 }, "geometry": { "type": "Point", "coordinates": [ 537432.028931693756022, 787603.343671964248642 ] } },
{ "type": "Feature", "properties": { "Layer": "ABEOKUTA_SPECIAL_PRIME", "Linetype": null, "EntityHand": "239", "Text": "S", "AREA_DEL": "SPECIAL_PRIME", "polygon": null, "x": 538156.501, "y": 787954.26, "distance": 6935.0, "angle": 232.92252211061839 }, "geometry": { "type": "Point", "coordinates": [ 537428.0398267977871, 787600.329199849860743 ] } },
{ "type": "Feature", "properties": { "Layer": "ABEOKUTA_SPECIAL_PRIME", "Linetype": null, "EntityHand": "239", "Text": "S", "AREA_DEL": "SPECIAL_PRIME", "polygon": null, "x": 538156.501, "y": 787954.26, "distance": 6940.0, "angle": 232.92252211061839 }, "geometry": { "type": "Point", "coordinates": [ 537424.050721901818179, 787597.314727735472843 ] } },
{ "type": "Feature", "properties": { "Layer": "ABEOKUTA_SPECIAL_PRIME", "Linetype": null, "EntityHand": "239", "Text": "S", "AREA_DEL": "SPECIAL_PRIME", "polygon": null, "x": 538156.501, "y": 787954.26, "distance": 6945.0, "angle": 232.92252211061839 }, "geometry": { "type": "Point", "coordinates": [ 537420.061617005732842, 787594.300255620968528 ] } },
{ "type": "Feature", "properties": { "Layer": "ABEOKUTA_SPECIAL_PRIME", "Linetype": null, "EntityHand": "239", "Text": "S", "AREA_DEL": "SPECIAL_PRIME", "polygon": null, "x": 538156.501, "y": 787954.26, "distance": 6950.0, "angle": 232.92252211061839 }, "geometry": { "type": "Point", "coordinates": [ 537416.07251210976392, 787591.285783506580628 ] } },
{ "type": "Feature", "properties": { "Layer": "ABEOKUTA_SPECIAL_PRIME", "Linetype": null, "EntityHand": "239", "Text": "S", "AREA_DEL": "SPECIAL_PRIME", "polygon": null, "x": 538156.501, "y": 787954.26, "distance": 6955.0, "angle": 232.92252211061839 }, "geometry": { "type": "Point", "coordinates": [ 537412.083407213678584, 787588.271311392192729 ] } },
{ "type": "Feature", "properties": { "Layer": "ABEOKUTA_SPECIAL_PRIME", "Linetype": null, "EntityHand": "239", "Text": "S", "AREA_DEL": "SPECIAL_PRIME", "polygon": null, "x": 538156.501, "y": 787954.26, "distance": 6960.0, "angle": 232.92252211061839 }, "geometry": { "type": "Point", "coordinates": [ 537408.094302317709662, 787585.256839277688414 ] } },
{ "type": "Feature", "properties": { "Layer": "ABEOKUTA_SPECIAL_PRIME", "Linetype": null, "EntityHand": "239", "Text": "S", "AREA_DEL": "SPECIAL_PRIME", "polygon": null, "x": 538156.501, "y": 787954.26, "distance": 6965.0, "angle": 232.92252211061839 }, "geometry": { "type": "Point", "coordinates": [ 537404.105197421740741, 787582.242367163300514 ] } },
{ "type": "Feature", "properties": { "Layer": "ABEOKUTA_SPECIAL_PRIME", "Linetype": null, "EntityHand": "239", "Text": "S", "AREA_DEL": "SPECIAL_PRIME", "polygon": null, "x": 538156.501, "y": 787954.26, "distance": 6970.0, "angle": 322.11539686237086 }, "geometry": { "type": "Point", "coordinates": [ 537400.407185747520998, 787581.433327957522124 ] } },
{ "type": "Feature", "properties": { "Layer": "ABEOKUTA_SPECIAL_PRIME", "Linetype": null, "EntityHand": "239", "Text": "S", "AREA_DEL": "SPECIAL_PRIME", "polygon": null, "x": 538156.501, "y": 787954.26, "distance": 6975.0, "angle": 322.11539686237086 }, "geometry": { "type": "Point", "coordinates": [ 537397.336820094729774, 787585.379573611076921 ] } },
{ "type": "Feature", "properties": { "Layer": "ABEOKUTA_SPECIAL_PRIME", "Linetype": null, "EntityHand": "239", "Text": "S", "AREA_DEL": "SPECIAL_PRIME", "polygon": null, "x": 538156.501, "y": 787954.26, "distance": 6980.0, "angle": 322.11539686237086 }, "geometry": { "type": "Point", "coordinates": [ 537394.266454441938549, 787589.325819264631718 ] } },
{ "type": "Feature", "properties": { "Layer": "ABEOKUTA_SPECIAL_PRIME", "Linetype": null, "EntityHand": "239", "Text": "S", "AREA_DEL": "SPECIAL_PRIME", "polygon": null, "x": 538156.501, "y": 787954.26, "distance": 6985.0, "angle": 322.11539686237086 }, "geometry": { "type": "Point", "coordinates": [ 537391.196088789147325, 787593.272064918186516 ] } },
{ "type": "Feature", "properties": { "Layer": "ABEOKUTA_SPECIAL_PRIME", "Linetype": null, "EntityHand": "239", "Text": "S", "AREA_DEL": "SPECIAL_PRIME", "polygon": null, "x": 538156.501, "y": 787954.26, "distance": 6990.0, "angle": 322.11539686237086 }, "geometry": { "type": "Point", "coordinates": [ 537388.1257231363561, 787597.218310571741313 ] } },
{ "type": "Feature", "properties": { "Layer": "ABEOKUTA_SPECIAL_PRIME", "Linetype": null, "EntityHand": "239", "Text": "S", "AREA_DEL": "SPECIAL_PRIME", "polygon": null, "x": 538156.501, "y": 787954.26, "distance": 6995.0, "angle": 322.11539686237086 }, "geometry": { "type": "Point", "coordinates": [ 537385.055357483564876, 787601.16455622529611 ] } },
{ "type": "Feature", "properties": { "Layer": "ABEOKUTA_SPECIAL_PRIME", "Linetype": null, "EntityHand": "239", "Text": "S", "AREA_DEL": "SPECIAL_PRIME", "polygon": null, "x": 538156.501, "y": 787954.26, "distance": 7000.0, "angle": 322.11539686237086 }, "geometry": { "type": "Point", "coordinates": [ 537381.984991830890067, 787605.110801878850907 ] } },
{ "type": "Feature", "properties": { "Layer": "ABEOKUTA_SPECIAL_PRIME", "Linetype": null, "EntityHand": "239", "Text": "S", "AREA_DEL": "SPECIAL_PRIME", "polygon": null, "x": 538156.501, "y": 787954.26, "distance": 7005.0, "angle": 322.11539686237086 }, "geometry": { "type": "Point", "coordinates": [ 537378.914626178098843, 787609.057047532405704 ] } },
{ "type": "Feature", "properties": { "Layer": "ABEOKUTA_SPECIAL_PRIME", "Linetype": null, "EntityHand": "239", "Text": "S", "AREA_DEL": "SPECIAL_PRIME", "polygon": null, "x": 538156.501, "y": 787954.26, "distance": 7010.0, "angle": 322.11539686237086 }, "geometry": { "type": "Point", "coordinates": [ 537375.844260525307618, 787613.003293185960501 ] } },
{ "type": "Feature", "properties": { "Layer": "ABEOKUTA_SPECIAL_PRIME", "Linetype": null, "EntityHand": "239", "Text": "S", "AREA_DEL": "SPECIAL_PRIME", "polygon": null, "x": 538156.501, "y": 787954.26, "distance": 7015.0, "angle": 322.11539686237086 }, "geometry": { "type": "Point", "coordinates": [ 537372.773894872516394, 787616.949538839515299 ] } },
{ "type": "Feature", "properties": { "Layer": "ABEOKUTA_SPECIAL_PRIME", "Linetype": null, "EntityHand": "239", "Text": "S", "AREA_DEL": "SPECIAL_PRIME", "polygon": null, "x": 538156.501, "y": 787954.26, "distance": 7020.0, "angle": 322.11539686237086 }, "geometry": { "type": "Point", "coordinates": [ 537369.703529219725169, 787620.895784493070096 ] } },
{ "type": "Feature", "properties": { "Layer": "ABEOKUTA_SPECIAL_PRIME", "Linetype": null, "EntityHand": "239", "Text": "S", "AREA_DEL": "SPECIAL_PRIME", "polygon": null, "x": 538156.501, "y": 787954.26, "distance": 7025.0, "angle": 322.11539686237086 }, "geometry": { "type": "Point", "coordinates": [ 537366.633163566933945, 787624.842030146624893 ] } },
{ "type": "Feature", "properties": { "Layer": "ABEOKUTA_SPECIAL_PRIME", "Linetype": null, "EntityHand": "239", "Text": "S", "AREA_DEL": "SPECIAL_PRIME", "polygon": null, "x": 538156.501, "y": 787954.26, "distance": 7030.0, "angle": 322.11539686237086 }, "geometry": { "type": "Point", "coordinates": [ 537363.56279791414272, 787628.78827580017969 ] } },
{ "type": "Feature", "properties": { "Layer": "ABEOKUTA_SPECIAL_PRIME", "Linetype": null, "EntityHand": "239", "Text": "S", "AREA_DEL": "SPECIAL_PRIME", "polygon": null, "x": 538156.501, "y": 787954.26, "distance": 7035.0, "angle": 322.11539686237086 }, "geometry": { "type": "Point", "coordinates": [ 537360.492432261351496, 787632.734521453734487 ] } },
{ "type": "Feature", "properties": { "Layer": "ABEOKUTA_SPECIAL_PRIME", "Linetype": null, "EntityHand": "239", "Text": "S", "AREA_DEL": "SPECIAL_PRIME", "polygon": null, "x": 538156.501, "y": 787954.26, "distance": 7040.0, "angle": 322.11539686237086 }, "geometry": { "type": "Point", "coordinates": [ 537357.422066608560272, 787636.680767107289284 ] } },
{ "type": "Feature", "properties": { "Layer": "ABEOKUTA_SPECIAL_PRIME", "Linetype": null, "EntityHand": "239", "Text": "S", "AREA_DEL": "SPECIAL_PRIME", "polygon": null, "x": 538156.501, "y": 787954.26, "distance": 7045.0, "angle": 322.11539686237086 }, "geometry": { "type": "Point", "coordinates": [ 537354.351700955769047, 787640.627012760844082 ] } },
{ "type": "Feature", "properties": { "Layer": "ABEOKUTA_SPECIAL_PRIME", "Linetype": null, "EntityHand": "239", "Text": "S", "AREA_DEL": "SPECIAL_PRIME", "polygon": null, "x": 538156.501, "y": 787954.26, "distance": 7050.0, "angle": 322.11539686237086 }, "geometry": { "type": "Point", "coordinates": [ 537351.281335302977823, 787644.573258414398879 ] } },
{ "type": "Feature", "properties": { "Layer": "ABEOKUTA_SPECIAL_PRIME", "Linetype": null, "EntityHand": "239", "Text": "S", "AREA_DEL": "SPECIAL_PRIME", "polygon": null, "x": 538156.501, "y": 787954.26, "distance": 7055.0, "angle": 322.11539686237086 }, "geometry": { "type": "Point", "coordinates": [ 537348.210969650186598, 787648.519504067953676 ] } },
{ "type": "Feature", "properties": { "Layer": "ABEOKUTA_SPECIAL_PRIME", "Linetype": null, "EntityHand": "239", "Text": "S", "AREA_DEL": "SPECIAL_PRIME", "polygon": null, "x": 538156.501, "y": 787954.26, "distance": 7060.0, "angle": 322.11539686237086 }, "geometry": { "type": "Point", "coordinates": [ 537345.140603997395374, 787652.465749721508473 ] } },
{ "type": "Feature", "properties": { "Layer": "ABEOKUTA_SPECIAL_PRIME", "Linetype": null, "EntityHand": "239", "Text": "S", "AREA_DEL": "SPECIAL_PRIME", "polygon": null, "x": 538156.501, "y": 787954.26, "distance": 7065.0, "angle": 322.11539686237086 }, "geometry": { "type": "Point", "coordinates": [ 537342.070238344604149, 787656.41199537506327 ] } },
{ "type": "Feature", "properties": { "Layer": "ABEOKUTA_SPECIAL_PRIME", "Linetype": null, "EntityHand": "239", "Text": "S", "AREA_DEL": "SPECIAL_PRIME", "polygon": null, "x": 538156.501, "y": 787954.26, "distance": 7070.0, "angle": 322.11539686237086 }, "geometry": { "type": "Point", "coordinates": [ 537338.999872691812925, 787660.358241028618068 ] } },
{ "type": "Feature", "properties": { "Layer": "ABEOKUTA_SPECIAL_PRIME", "Linetype": null, "EntityHand": "239", "Text": "S", "AREA_DEL": "SPECIAL_PRIME", "polygon": null, "x": 538156.501, "y": 787954.26, "distance": 7075.0, "angle": 322.11539686237086 }, "geometry": { "type": "Point", "coordinates": [ 537335.929507039021701, 787664.304486682172865 ] } },
{ "type": "Feature", "properties": { "Layer": "ABEOKUTA_SPECIAL_PRIME", "Linetype": null, "EntityHand": "239", "Text": "S", "AREA_DEL": "SPECIAL_PRIME", "polygon": null, "x": 538156.501, "y": 787954.26, "distance": 7080.0, "angle": 322.11539686237086 }, "geometry": { "type": "Point", "coordinates": [ 537332.859141386230476, 787668.250732335727662 ] } },
{ "type": "Feature", "properties": { "Layer": "ABEOKUTA_SPECIAL_PRIME", "Linetype": null, "EntityHand": "239", "Text": "S", "AREA_DEL": "SPECIAL_PRIME", "polygon": null, "x": 538156.501, "y": 787954.26, "distance": 7085.0, "angle": 322.11539686237086 }, "geometry": { "type": "Point", "coordinates": [ 537329.788775733439252, 787672.196977989282459 ] } },
{ "type": "Feature", "properties": { "Layer": "ABEOKUTA_SPECIAL_PRIME", "Linetype": null, "EntityHand": "239", "Text": "S", "AREA_DEL": "SPECIAL_PRIME", "polygon": null, "x": 538156.501, "y": 787954.26, "distance": 7090.0, "angle": 322.11539686237086 }, "geometry": { "type": "Point", "coordinates": [ 537326.718410080764443, 787676.143223642837256 ] } },
{ "type": "Feature", "properties": { "Layer": "ABEOKUTA_SPECIAL_PRIME", "Linetype": null, "EntityHand": "239", "Text": "S", "AREA_DEL": "SPECIAL_PRIME", "polygon": null, "x": 538156.501, "y": 787954.26, "distance": 7095.0, "angle": 322.11539686237086 }, "geometry": { "type": "Point", "coordinates": [ 537323.648044427973218, 787680.089469296392053 ] } },
{ "type": "Feature", "properties": { "Layer": "ABEOKUTA_SPECIAL_PRIME", "Linetype": null, "EntityHand": "239", "Text": "S", "AREA_DEL": "SPECIAL_PRIME", "polygon": null, "x": 538156.501, "y": 787954.26, "distance": 7100.0, "angle": 322.11539686237086 }, "geometry": { "type": "Point", "coordinates": [ 537320.577678775181994, 787684.035714949946851 ] } },
{ "type": "Feature", "properties": { "Layer": "ABEOKUTA_SPECIAL_PRIME", "Linetype": null, "EntityHand": "239", "Text": "S", "AREA_DEL": "SPECIAL_PRIME", "polygon": null, "x": 538156.501, "y": 787954.26, "distance": 7105.0, "angle": 322.11539686237086 }, "geometry": { "type": "Point", "coordinates": [ 537317.507313122390769, 787687.981960603501648 ] } },
{ "type": "Feature", "properties": { "Layer": "ABEOKUTA_SPECIAL_PRIME", "Linetype": null, "EntityHand": "239", "Text": "S", "AREA_DEL": "SPECIAL_PRIME", "polygon": null, "x": 538156.501, "y": 787954.26, "distance": 7110.0, "angle": 322.11539686237086 }, "geometry": { "type": "Point", "coordinates": [ 537314.436947469599545, 787691.928206257056445 ] } },
{ "type": "Feature", "properties": { "Layer": "ABEOKUTA_SPECIAL_PRIME", "Linetype": null, "EntityHand": "239", "Text": "S", "AREA_DEL": "SPECIAL_PRIME", "polygon": null, "x": 538156.501, "y": 787954.26, "distance": 7115.0, "angle": 322.11539686237086 }, "geometry": { "type": "Point", "coordinates": [ 537311.366581816808321, 787695.874451910611242 ] } },
{ "type": "Feature", "properties": { "Layer": "ABEOKUTA_SPECIAL_PRIME", "Linetype": null, "EntityHand": "239", "Text": "S", "AREA_DEL": "SPECIAL_PRIME", "polygon": null, "x": 538156.501, "y": 787954.26, "distance": 7120.0, "angle": 322.11539686237086 }, "geometry": { "type": "Point", "coordinates": [ 537308.296216164017096, 787699.820697564166039 ] } },
{ "type": "Feature", "properties": { "Layer": "ABEOKUTA_SPECIAL_PRIME", "Linetype": null, "EntityHand": "239", "Text": "S", "AREA_DEL": "SPECIAL_PRIME", "polygon": null, "x": 538156.501, "y": 787954.26, "distance": 7125.0, "angle": 322.11539686237086 }, "geometry": { "type": "Point", "coordinates": [ 537305.225850511225872, 787703.766943217720836 ] } },
{ "type": "Feature", "properties": { "Layer": "ABEOKUTA_SPECIAL_PRIME", "Linetype": null, "EntityHand": "239", "Text": "S", "AREA_DEL": "SPECIAL_PRIME", "polygon": null, "x": 538156.501, "y": 787954.26, "distance": 7130.0, "angle": 322.11539686237086 }, "geometry": { "type": "Point", "coordinates": [ 537302.155484858434647, 787707.713188871275634 ] } },
{ "type": "Feature", "properties": { "Layer": "ABEOKUTA_SPECIAL_PRIME", "Linetype": null, "EntityHand": "239", "Text": "S", "AREA_DEL": "SPECIAL_PRIME", "polygon": null, "x": 538156.501, "y": 787954.26, "distance": 7135.0, "angle": 322.11539686237086 }, "geometry": { "type": "Point", "coordinates": [ 537299.085119205643423, 787711.659434524830431 ] } },
{ "type": "Feature", "properties": { "Layer": "ABEOKUTA_SPECIAL_PRIME", "Linetype": null, "EntityHand": "239", "Text": "S", "AREA_DEL": "SPECIAL_PRIME", "polygon": null, "x": 538156.501, "y": 787954.26, "distance": 7140.0, "angle": 322.11539686237086 }, "geometry": { "type": "Point", "coordinates": [ 537296.014753552852198, 787715.605680178385228 ] } },
{ "type": "Feature", "properties": { "Layer": "ABEOKUTA_SPECIAL_PRIME", "Linetype": null, "EntityHand": "239", "Text": "S", "AREA_DEL": "SPECIAL_PRIME", "polygon": null, "x": 538156.501, "y": 787954.26, "distance": 7145.0, "angle": 322.11539686237086 }, "geometry": { "type": "Point", "coordinates": [ 537292.944387900060974, 787719.551925831940025 ] } },
{ "type": "Feature", "properties": { "Layer": "ABEOKUTA_SPECIAL_PRIME", "Linetype": null, "EntityHand": "239", "Text": "S", "AREA_DEL": "SPECIAL_PRIME", "polygon": null, "x": 538156.501, "y": 787954.26, "distance": 7150.0, "angle": 322.11539686237086 }, "geometry": { "type": "Point", "coordinates": [ 537289.87402224726975, 787723.498171485494822 ] } },
{ "type": "Feature", "properties": { "Layer": "ABEOKUTA_SPECIAL_PRIME", "Linetype": null, "EntityHand": "239", "Text": "S", "AREA_DEL": "SPECIAL_PRIME", "polygon": null, "x": 538156.501, "y": 787954.26, "distance": 7155.0, "angle": 322.11539686237086 }, "geometry": { "type": "Point", "coordinates": [ 537286.803656594478525, 787727.444417139049619 ] } },
{ "type": "Feature", "properties": { "Layer": "ABEOKUTA_SPECIAL_PRIME", "Linetype": null, "EntityHand": "239", "Text": "S", "AREA_DEL": "SPECIAL_PRIME", "polygon": null, "x": 538156.501, "y": 787954.26, "distance": 7160.0, "angle": 322.11539686237086 }, "geometry": { "type": "Point", "coordinates": [ 537283.733290941687301, 787731.390662792604417 ] } },
{ "type": "Feature", "properties": { "Layer": "ABEOKUTA_SPECIAL_PRIME", "Linetype": null, "EntityHand": "239", "Text": "S", "AREA_DEL": "SPECIAL_PRIME", "polygon": null, "x": 538156.501, "y": 787954.26, "distance": 7165.0, "angle": 322.11539686237086 }, "geometry": { "type": "Point", "coordinates": [ 537280.662925288896076, 787735.336908446159214 ] } },
{ "type": "Feature", "properties": { "Layer": "ABEOKUTA_SPECIAL_PRIME", "Linetype": null, "EntityHand": "239", "Text": "S", "AREA_DEL": "SPECIAL_PRIME", "polygon": null, "x": 538156.501, "y": 787954.26, "distance": 7170.0, "angle": 322.11539686237086 }, "geometry": { "type": "Point", "coordinates": [ 537277.592559636104852, 787739.283154099714011 ] } },
{ "type": "Feature", "properties": { "Layer": "ABEOKUTA_SPECIAL_PRIME", "Linetype": null, "EntityHand": "239", "Text": "S", "AREA_DEL": "SPECIAL_PRIME", "polygon": null, "x": 538156.501, "y": 787954.26, "distance": 7175.0, "angle": 322.11539686237086 }, "geometry": { "type": "Point", "coordinates": [ 537274.522193983430043, 787743.229399753268808 ] } },
{ "type": "Feature", "properties": { "Layer": "ABEOKUTA_SPECIAL_PRIME", "Linetype": null, "EntityHand": "239", "Text": "S", "AREA_DEL": "SPECIAL_PRIME", "polygon": null, "x": 538156.501, "y": 787954.26, "distance": 7180.0, "angle": 322.11539686237086 }, "geometry": { "type": "Point", "coordinates": [ 537271.451828330638818, 787747.175645406823605 ] } },
{ "type": "Feature", "properties": { "Layer": "ABEOKUTA_SPECIAL_PRIME", "Linetype": null, "EntityHand": "239", "Text": "S", "AREA_DEL": "SPECIAL_PRIME", "polygon": null, "x": 538156.501, "y": 787954.26, "distance": 7185.0, "angle": 322.11539686237086 }, "geometry": { "type": "Point", "coordinates": [ 537268.381462677847594, 787751.121891060378402 ] } },
{ "type": "Feature", "properties": { "Layer": "ABEOKUTA_SPECIAL_PRIME", "Linetype": null, "EntityHand": "239", "Text": "S", "AREA_DEL": "SPECIAL_PRIME", "polygon": null, "x": 538156.501, "y": 787954.26, "distance": 7190.0, "angle": 322.11539686237086 }, "geometry": { "type": "Point", "coordinates": [ 537265.31109702505637, 787755.0681367139332 ] } },
{ "type": "Feature", "properties": { "Layer": "ABEOKUTA_SPECIAL_PRIME", "Linetype": null, "EntityHand": "239", "Text": "S", "AREA_DEL": "SPECIAL_PRIME", "polygon": null, "x": 538156.501, "y": 787954.26, "distance": 7195.0, "angle": 322.11539686237086 }, "geometry": { "type": "Point", "coordinates": [ 537262.240731372265145, 787759.014382367487997 ] } },
{ "type": "Feature", "properties": { "Layer": "ABEOKUTA_SPECIAL_PRIME", "Linetype": null, "EntityHand": "239", "Text": "S", "AREA_DEL": "SPECIAL_PRIME", "polygon": null, "x": 538156.501, "y": 787954.26, "distance": 7200.0, "angle": 322.11539686237086 }, "geometry": { "type": "Point", "coordinates": [ 537259.170365719473921, 787762.960628021042794 ] } },
{ "type": "Feature", "properties": { "Layer": "ABEOKUTA_SPECIAL_PRIME", "Linetype": null, "EntityHand": "239", "Text": "S", "AREA_DEL": "SPECIAL_PRIME", "polygon": null, "x": 538156.501, "y": 787954.26, "distance": 7205.0, "angle": 322.11539686237086 }, "geometry": { "type": "Point", "coordinates": [ 537256.100000066682696, 787766.906873674597591 ] } },
{ "type": "Feature", "properties": { "Layer": "ABEOKUTA_SPECIAL_PRIME", "Linetype": null, "EntityHand": "239", "Text": "S", "AREA_DEL": "SPECIAL_PRIME", "polygon": null, "x": 538156.501, "y": 787954.26, "distance": 7210.0, "angle": 322.11539686237086 }, "geometry": { "type": "Point", "coordinates": [ 537253.029634413891472, 787770.853119328152388 ] } },
{ "type": "Feature", "properties": { "Layer": "ABEOKUTA_SPECIAL_PRIME", "Linetype": null, "EntityHand": "239", "Text": "S", "AREA_DEL": "SPECIAL_PRIME", "polygon": null, "x": 538156.501, "y": 787954.26, "distance": 7215.0, "angle": 322.11539686237086 }, "geometry": { "type": "Point", "coordinates": [ 537249.959268761100248, 787774.799364981707186 ] } },
{ "type": "Feature", "properties": { "Layer": "ABEOKUTA_SPECIAL_PRIME", "Linetype": null, "EntityHand": "239", "Text": "S", "AREA_DEL": "SPECIAL_PRIME", "polygon": null, "x": 538156.501, "y": 787954.26, "distance": 7220.0, "angle": 322.11539686237086 }, "geometry": { "type": "Point", "coordinates": [ 537246.888903108309023, 787778.745610635261983 ] } },
{ "type": "Feature", "properties": { "Layer": "ABEOKUTA_SPECIAL_PRIME", "Linetype": null, "EntityHand": "239", "Text": "S", "AREA_DEL": "SPECIAL_PRIME", "polygon": null, "x": 538156.501, "y": 787954.26, "distance": 7225.0, "angle": 322.11539686237086 }, "geometry": { "type": "Point", "coordinates": [ 537243.818537455517799, 787782.69185628881678 ] } },
{ "type": "Feature", "properties": { "Layer": "ABEOKUTA_SPECIAL_PRIME", "Linetype": null, "EntityHand": "239", "Text": "S", "AREA_DEL": "SPECIAL_PRIME", "polygon": null, "x": 538156.501, "y": 787954.26, "distance": 7230.0, "angle": 322.11539686237086 }, "geometry": { "type": "Point", "coordinates": [ 537240.748171802726574, 787786.638101942371577 ] } },
{ "type": "Feature", "properties": { "Layer": "ABEOKUTA_SPECIAL_PRIME", "Linetype": null, "EntityHand": "239", "Text": "S", "AREA_DEL": "SPECIAL_PRIME", "polygon": null, "x": 538156.501, "y": 787954.26, "distance": 7235.0, "angle": 322.11539686237086 }, "geometry": { "type": "Point", "coordinates": [ 537237.67780614993535, 787790.584347595926374 ] } },
{ "type": "Feature", "properties": { "Layer": "ABEOKUTA_SPECIAL_PRIME", "Linetype": null, "EntityHand": "239", "Text": "S", "AREA_DEL": "SPECIAL_PRIME", "polygon": null, "x": 538156.501, "y": 787954.26, "distance": 7240.0, "angle": 322.11539686237086 }, "geometry": { "type": "Point", "coordinates": [ 537234.607440497144125, 787794.530593249481171 ] } },
{ "type": "Feature", "properties": { "Layer": "ABEOKUTA_SPECIAL_PRIME", "Linetype": null, "EntityHand": "239", "Text": "S", "AREA_DEL": "SPECIAL_PRIME", "polygon": null, "x": 538156.501, "y": 787954.26, "distance": 7245.0, "angle": 322.11539686237086 }, "geometry": { "type": "Point", "coordinates": [ 537231.537074844352901, 787798.476838903035969 ] } },
{ "type": "Feature", "properties": { "Layer": "ABEOKUTA_SPECIAL_PRIME", "Linetype": null, "EntityHand": "239", "Text": "S", "AREA_DEL": "SPECIAL_PRIME", "polygon": null, "x": 538156.501, "y": 787954.26, "distance": 7250.0, "angle": 322.11539686237086 }, "geometry": { "type": "Point", "coordinates": [ 537228.466709191561677, 787802.423084556590766 ] } },
{ "type": "Feature", "properties": { "Layer": "ABEOKUTA_SPECIAL_PRIME", "Linetype": null, "EntityHand": "239", "Text": "S", "AREA_DEL": "SPECIAL_PRIME", "polygon": null, "x": 538156.501, "y": 787954.26, "distance": 7255.0, "angle": 322.11539686237086 }, "geometry": { "type": "Point", "coordinates": [ 537225.396343538770452, 787806.369330210145563 ] } },
{ "type": "Feature", "properties": { "Layer": "ABEOKUTA_SPECIAL_PRIME", "Linetype": null, "EntityHand": "239", "Text": "S", "AREA_DEL": "SPECIAL_PRIME", "polygon": null, "x": 538156.501, "y": 787954.26, "distance": 7260.0, "angle": 322.11539686237086 }, "geometry": { "type": "Point", "coordinates": [ 537222.325977885979228, 787810.31557586370036 ] } },
{ "type": "Feature", "properties": { "Layer": "ABEOKUTA_SPECIAL_PRIME", "Linetype": null, "EntityHand": "239", "Text": "S", "AREA_DEL": "SPECIAL_PRIME", "polygon": null, "x": 538156.501, "y": 787954.26, "distance": 7265.0, "angle": 322.11539686237086 }, "geometry": { "type": "Point", "coordinates": [ 537219.255612233304419, 787814.261821517255157 ] } },
{ "type": "Feature", "properties": { "Layer": "ABEOKUTA_SPECIAL_PRIME", "Linetype": null, "EntityHand": "239", "Text": "S", "AREA_DEL": "SPECIAL_PRIME", "polygon": null, "x": 538156.501, "y": 787954.26, "distance": 7270.0, "angle": 322.11539686237086 }, "geometry": { "type": "Point", "coordinates": [ 537216.185246580513194, 787818.208067170809954 ] } },
{ "type": "Feature", "properties": { "Layer": "ABEOKUTA_SPECIAL_PRIME", "Linetype": null, "EntityHand": "239", "Text": "S", "AREA_DEL": "SPECIAL_PRIME", "polygon": null, "x": 538156.501, "y": 787954.26, "distance": 7275.0, "angle": 322.11539686237086 }, "geometry": { "type": "Point", "coordinates": [ 537213.11488092772197, 787822.154312824364752 ] } },
{ "type": "Feature", "properties": { "Layer": "ABEOKUTA_SPECIAL_PRIME", "Linetype": null, "EntityHand": "239", "Text": "S", "AREA_DEL": "SPECIAL_PRIME", "polygon": null, "x": 538156.501, "y": 787954.26, "distance": 7280.0, "angle": 322.11539686237086 }, "geometry": { "type": "Point", "coordinates": [ 537210.044515274930745, 787826.100558477919549 ] } },
{ "type": "Feature", "properties": { "Layer": "ABEOKUTA_SPECIAL_PRIME", "Linetype": null, "EntityHand": "239", "Text": "S", "AREA_DEL": "SPECIAL_PRIME", "polygon": null, "x": 538156.501, "y": 787954.26, "distance": 7285.0, "angle": 322.11539686237086 }, "geometry": { "type": "Point", "coordinates": [ 537206.974149622139521, 787830.046804131474346 ] } },
{ "type": "Feature", "properties": { "Layer": "ABEOKUTA_SPECIAL_PRIME", "Linetype": null, "EntityHand": "239", "Text": "S", "AREA_DEL": "SPECIAL_PRIME", "polygon": null, "x": 538156.501, "y": 787954.26, "distance": 7290.0, "angle": 322.11539686237086 }, "geometry": { "type": "Point", "coordinates": [ 537203.903783969348297, 787833.993049785029143 ] } },
{ "type": "Feature", "properties": { "Layer": "ABEOKUTA_SPECIAL_PRIME", "Linetype": null, "EntityHand": "239", "Text": "S", "AREA_DEL": "SPECIAL_PRIME", "polygon": null, "x": 538156.501, "y": 787954.26, "distance": 7295.0, "angle": 322.11539686237086 }, "geometry": { "type": "Point", "coordinates": [ 537200.833418316557072, 787837.93929543858394 ] } },
{ "type": "Feature", "properties": { "Layer": "ABEOKUTA_SPECIAL_PRIME", "Linetype": null, "EntityHand": "239", "Text": "S", "AREA_DEL": "SPECIAL_PRIME", "polygon": null, "x": 538156.501, "y": 787954.26, "distance": 7300.0, "angle": 322.11539686237086 }, "geometry": { "type": "Point", "coordinates": [ 537197.763052663765848, 787841.885541092138737 ] } },
{ "type": "Feature", "properties": { "Layer": "ABEOKUTA_SPECIAL_PRIME", "Linetype": null, "EntityHand": "239", "Text": "S", "AREA_DEL": "SPECIAL_PRIME", "polygon": null, "x": 538156.501, "y": 787954.26, "distance": 7305.0, "angle": 322.11539686237086 }, "geometry": { "type": "Point", "coordinates": [ 537194.692687010974623, 787845.831786745693535 ] } },
{ "type": "Feature", "properties": { "Layer": "ABEOKUTA_SPECIAL_PRIME", "Linetype": null, "EntityHand": "239", "Text": "S", "AREA_DEL": "SPECIAL_PRIME", "polygon": null, "x": 538156.501, "y": 787954.26, "distance": 7310.0, "angle": 322.11539686237086 }, "geometry": { "type": "Point", "coordinates": [ 537191.622321358183399, 787849.778032399248332 ] } },
{ "type": "Feature", "properties": { "Layer": "ABEOKUTA_SPECIAL_PRIME", "Linetype": null, "EntityHand": "239", "Text": "S", "AREA_DEL": "SPECIAL_PRIME", "polygon": null, "x": 538156.501, "y": 787954.26, "distance": 7315.0, "angle": 322.11539686237086 }, "geometry": { "type": "Point", "coordinates": [ 537188.551955705392174, 787853.724278052803129 ] } },
{ "type": "Feature", "properties": { "Layer": "ABEOKUTA_SPECIAL_PRIME", "Linetype": null, "EntityHand": "239", "Text": "S", "AREA_DEL": "SPECIAL_PRIME", "polygon": null, "x": 538156.501, "y": 787954.26, "distance": 7320.0, "angle": 322.11539686237086 }, "geometry": { "type": "Point", "coordinates": [ 537185.48159005260095, 787857.670523706357926 ] } },
{ "type": "Feature", "properties": { "Layer": "ABEOKUTA_SPECIAL_PRIME", "Linetype": null, "EntityHand": "239", "Text": "S", "AREA_DEL": "SPECIAL_PRIME", "polygon": null, "x": 538156.501, "y": 787954.26, "distance": 7325.0, "angle": 292.28958235555234 }, "geometry": { "type": "Point", "coordinates": [ 537181.501651697675698, 787860.418559693731368 ] } },
{ "type": "Feature", "properties": { "Layer": "ABEOKUTA_SPECIAL_PRIME", "Linetype": null, "EntityHand": "239", "Text": "S", "AREA_DEL": "SPECIAL_PRIME", "polygon": null, "x": 538156.501, "y": 787954.26, "distance": 7330.0, "angle": 292.28958235555234 }, "geometry": { "type": "Point", "coordinates": [ 537176.875258214538917, 787862.314999341615476 ] } },
{ "type": "Feature", "properties": { "Layer": "ABEOKUTA_SPECIAL_PRIME", "Linetype": null, "EntityHand": "239", "Text": "S", "AREA_DEL": "SPECIAL_PRIME", "polygon": null, "x": 538156.501, "y": 787954.26, "distance": 7335.0, "angle": 292.28958235555234 }, "geometry": { "type": "Point", "coordinates": [ 537172.248864731285721, 787864.211438989615999 ] } },
{ "type": "Feature", "properties": { "Layer": "ABEOKUTA_SPECIAL_PRIME", "Linetype": null, "EntityHand": "239", "Text": "S", "AREA_DEL": "SPECIAL_PRIME", "polygon": null, "x": 538156.501, "y": 787954.26, "distance": 7340.0, "angle": 292.28958235555234 }, "geometry": { "type": "Point", "coordinates": [ 537167.622471248032525, 787866.107878637616523 ] } },
{ "type": "Feature", "properties": { "Layer": "ABEOKUTA_SPECIAL_PRIME", "Linetype": null, "EntityHand": "239", "Text": "S", "AREA_DEL": "SPECIAL_PRIME", "polygon": null, "x": 538156.501, "y": 787954.26, "distance": 7345.0, "angle": 292.28958235555234 }, "geometry": { "type": "Point", "coordinates": [ 537162.996077764895745, 787868.004318285617046 ] } },
{ "type": "Feature", "properties": { "Layer": "ABEOKUTA_SPECIAL_PRIME", "Linetype": null, "EntityHand": "239", "Text": "S", "AREA_DEL": "SPECIAL_PRIME", "polygon": null, "x": 538156.501, "y": 787954.26, "distance": 7350.0, "angle": 292.28958235555234 }, "geometry": { "type": "Point", "coordinates": [ 537158.369684281642549, 787869.90075793361757 ] } },
{ "type": "Feature", "properties": { "Layer": "ABEOKUTA_SPECIAL_PRIME", "Linetype": null, "EntityHand": "239", "Text": "S", "AREA_DEL": "SPECIAL_PRIME", "polygon": null, "x": 538156.501, "y": 787954.26, "distance": 7355.0, "angle": 292.28958235555234 }, "geometry": { "type": "Point", "coordinates": [ 537153.743290798389353, 787871.797197581501678 ] } },
{ "type": "Feature", "properties": { "Layer": "ABEOKUTA_SPECIAL_PRIME", "Linetype": null, "EntityHand": "239", "Text": "S", "AREA_DEL": "SPECIAL_PRIME", "polygon": null, "x": 538156.501, "y": 787954.26, "distance": 7360.0, "angle": 282.06598327907818 }, "geometry": { "type": "Point", "coordinates": [ 537149.079067017068155, 787873.57125931524206 ] } },
{ "type": "Feature", "properties": { "Layer": "ABEOKUTA_SPECIAL_PRIME", "Linetype": null, "EntityHand": "239", "Text": "S", "AREA_DEL": "SPECIAL_PRIME", "polygon": null, "x": 538156.501, "y": 787954.26, "distance": 7365.0, "angle": 282.06598327907818 }, "geometry": { "type": "Point", "coordinates": [ 537144.189529438270256, 787874.616449377150275 ] } },
{ "type": "Feature", "properties": { "Layer": "ABEOKUTA_SPECIAL_PRIME", "Linetype": null, "EntityHand": "239", "Text": "S", "AREA_DEL": "SPECIAL_PRIME", "polygon": null, "x": 538156.501, "y": 787954.26, "distance": 7370.0, "angle": 282.06598327907818 }, "geometry": { "type": "Point", "coordinates": [ 537139.299991859588772, 787875.661639439174905 ] } },
{ "type": "Feature", "properties": { "Layer": "ABEOKUTA_SPECIAL_PRIME", "Linetype": null, "EntityHand": "239", "Text": "S", "AREA_DEL": "SPECIAL_PRIME", "polygon": null, "x": 538156.501, "y": 787954.26, "distance": 7375.0, "angle": 282.06598327907818 }, "geometry": { "type": "Point", "coordinates": [ 537134.410454280790873, 787876.706829501083121 ] } },
{ "type": "Feature", "properties": { "Layer": "ABEOKUTA_SPECIAL_PRIME", "Linetype": null, "EntityHand": "239", "Text": "S", "AREA_DEL": "SPECIAL_PRIME", "polygon": null, "x": 538156.501, "y": 787954.26, "distance": 7380.0, "angle": 282.06598327907818 }, "geometry": { "type": "Point", "coordinates": [ 537129.520916701992974, 787877.752019562991336 ] } },
{ "type": "Feature", "properties": { "Layer": "ABEOKUTA_SPECIAL_PRIME", "Linetype": null, "EntityHand": "239", "Text": "S", "AREA_DEL": "SPECIAL_PRIME", "polygon": null, "x": 538156.501, "y": 787954.26, "distance": 7385.0, "angle": 282.06598327907818 }, "geometry": { "type": "Point", "coordinates": [ 537124.631379123195074, 787878.797209625015967 ] } },
{ "type": "Feature", "properties": { "Layer": "ABEOKUTA_SPECIAL_PRIME", "Linetype": null, "EntityHand": "239", "Text": "S", "AREA_DEL": "SPECIAL_PRIME", "polygon": null, "x": 538156.501, "y": 787954.26, "distance": 7390.0, "angle": 282.06598327907818 }, "geometry": { "type": "Point", "coordinates": [ 537119.741841544397175, 787879.842399686924182 ] } },
{ "type": "Feature", "properties": { "Layer": "ABEOKUTA_SPECIAL_PRIME", "Linetype": null, "EntityHand": "239", "Text": "S", "AREA_DEL": "SPECIAL_PRIME", "polygon": null, "x": 538156.501, "y": 787954.26, "distance": 7395.0, "angle": 282.06598327907818 }, "geometry": { "type": "Point", "coordinates": [ 537114.852303965599276, 787880.887589748832397 ] } },
{ "type": "Feature", "properties": { "Layer": "ABEOKUTA_SPECIAL_PRIME", "Linetype": null, "EntityHand": "239", "Text": "S", "AREA_DEL": "SPECIAL_PRIME", "polygon": null, "x": 538156.501, "y": 787954.26, "distance": 7400.0, "angle": 282.06598327907818 }, "geometry": { "type": "Point", "coordinates": [ 537109.962766386801377, 787881.932779810857028 ] } },
{ "type": "Feature", "properties": { "Layer": "ABEOKUTA_SPECIAL_PRIME", "Linetype": null, "EntityHand": "239", "Text": "S", "AREA_DEL": "SPECIAL_PRIME", "polygon": null, "x": 538156.501, "y": 787954.26, "distance": 7405.0, "angle": 282.06598327907818 }, "geometry": { "type": "Point", "coordinates": [ 537105.073228808003478, 787882.977969872765243 ] } },
{ "type": "Feature", "properties": { "Layer": "ABEOKUTA_SPECIAL_PRIME", "Linetype": null, "EntityHand": "239", "Text": "S", "AREA_DEL": "SPECIAL_PRIME", "polygon": null, "x": 538156.501, "y": 787954.26, "distance": 7410.0, "angle": 282.06598327907818 }, "geometry": { "type": "Point", "coordinates": [ 537100.183691229205579, 787884.023159934673458 ] } },
{ "type": "Feature", "properties": { "Layer": "ABEOKUTA_SPECIAL_PRIME", "Linetype": null, "EntityHand": "239", "Text": "S", "AREA_DEL": "SPECIAL_PRIME", "polygon": null, "x": 538156.501, "y": 787954.26, "distance": 7415.0, "angle": 282.06598327907818 }, "geometry": { "type": "Point", "coordinates": [ 537095.294153650407679, 787885.068349996698089 ] } },
{ "type": "Feature", "properties": { "Layer": "ABEOKUTA_SPECIAL_PRIME", "Linetype": null, "EntityHand": "239", "Text": "S", "AREA_DEL": "SPECIAL_PRIME", "polygon": null, "x": 538156.501, "y": 787954.26, "distance": 7420.0, "angle": 278.99885984141662 }, "geometry": { "type": "Point", "coordinates": [ 537090.39700845151674, 787886.072622245526873 ] } },
{ "type": "Feature", "properties": { "Layer": "ABEOKUTA_SPECIAL_PRIME", "Linetype": null, "EntityHand": "239", "Text": "S", "AREA_DEL": "SPECIAL_PRIME", "polygon": null, "x": 538156.501, "y": 787954.26, "distance": 7425.0, "angle": 278.99885984141662 }, "geometry": { "type": "Point", "coordinates": [ 537085.458551184623502, 787886.854696297901683 ] } },
{ "type": "Feature", "properties": { "Layer": "ABEOKUTA_SPECIAL_PRIME", "Linetype": null, "EntityHand": "239", "Text": "S", "AREA_DEL": "SPECIAL_PRIME", "polygon": null, "x": 538156.501, "y": 787954.26, "distance": 7430.0, "angle": 278.99885984141662 }, "geometry": { "type": "Point", "coordinates": [ 537080.520093917730264, 787887.636770350276493 ] } },
{ "type": "Feature", "properties": { "Layer": "ABEOKUTA_SPECIAL_PRIME", "Linetype": null, "EntityHand": "239", "Text": "S", "AREA_DEL": "SPECIAL_PRIME", "polygon": null, "x": 538156.501, "y": 787954.26, "distance": 7435.0, "angle": 278.99885984141662 }, "geometry": { "type": "Point", "coordinates": [ 537075.581636650953442, 787888.418844402767718 ] } },
{ "type": "Feature", "properties": { "Layer": "ABEOKUTA_SPECIAL_PRIME", "Linetype": null, "EntityHand": "239", "Text": "S", "AREA_DEL": "SPECIAL_PRIME", "polygon": null, "x": 538156.501, "y": 787954.26, "distance": 7440.0, "angle": 278.99885984141662 }, "geometry": { "type": "Point", "coordinates": [ 537070.643179384060204, 787889.200918455142528 ] } },
{ "type": "Feature", "properties": { "Layer": "ABEOKUTA_SPECIAL_PRIME", "Linetype": null, "EntityHand": "239", "Text": "S", "AREA_DEL": "SPECIAL_PRIME", "polygon": null, "x": 538156.501, "y": 787954.26, "distance": 7445.0, "angle": 278.99885984141662 }, "geometry": { "type": "Point", "coordinates": [ 537065.704722117166966, 787889.982992507633753 ] } },
{ "type": "Feature", "properties": { "Layer": "ABEOKUTA_SPECIAL_PRIME", "Linetype": null, "EntityHand": "239", "Text": "S", "AREA_DEL": "SPECIAL_PRIME", "polygon": null, "x": 538156.501, "y": 787954.26, "distance": 7450.0, "angle": 278.99885984141662 }, "geometry": { "type": "Point", "coordinates": [ 537060.766264850390144, 787890.765066560008563 ] } },
{ "type": "Feature", "properties": { "Layer": "ABEOKUTA_SPECIAL_PRIME", "Linetype": null, "EntityHand": "239", "Text": "S", "AREA_DEL": "SPECIAL_PRIME", "polygon": null, "x": 538156.501, "y": 787954.26, "distance": 7455.0, "angle": 278.99885984141662 }, "geometry": { "type": "Point", "coordinates": [ 537055.827807583496906, 787891.547140612383373 ] } },
{ "type": "Feature", "properties": { "Layer": "ABEOKUTA_SPECIAL_PRIME", "Linetype": null, "EntityHand": "239", "Text": "S", "AREA_DEL": "SPECIAL_PRIME", "polygon": null, "x": 538156.501, "y": 787954.26, "distance": 7460.0, "angle": 278.99885984141662 }, "geometry": { "type": "Point", "coordinates": [ 537050.889350316603668, 787892.329214664874598 ] } },
{ "type": "Feature", "properties": { "Layer": "ABEOKUTA_SPECIAL_PRIME", "Linetype": null, "EntityHand": "239", "Text": "S", "AREA_DEL": "SPECIAL_PRIME", "polygon": null, "x": 538156.501, "y": 787954.26, "distance": 7465.0, "angle": 278.99885984141662 }, "geometry": { "type": "Point", "coordinates": [ 537045.950893049826846, 787893.111288717249408 ] } },
{ "type": "Feature", "properties": { "Layer": "ABEOKUTA_SPECIAL_PRIME", "Linetype": null, "EntityHand": "239", "Text": "S", "AREA_DEL": "SPECIAL_PRIME", "polygon": null, "x": 538156.501, "y": 787954.26, "distance": 7470.0, "angle": 278.99885984141662 }, "geometry": { "type": "Point", "coordinates": [ 537041.012435782933608, 787893.893362769740634 ] } },
{ "type": "Feature", "properties": { "Layer": "ABEOKUTA_SPECIAL_PRIME", "Linetype": null, "EntityHand": "239", "Text": "S", "AREA_DEL": "SPECIAL_PRIME", "polygon": null, "x": 538156.501, "y": 787954.26, "distance": 7475.0, "angle": 278.99885984141662 }, "geometry": { "type": "Point", "coordinates": [ 537036.073978516156785, 787894.675436822115444 ] } },
{ "type": "Feature", "properties": { "Layer": "ABEOKUTA_SPECIAL_PRIME", "Linetype": null, "EntityHand": "239", "Text": "S", "AREA_DEL": "SPECIAL_PRIME", "polygon": null, "x": 538156.501, "y": 787954.26, "distance": 7480.0, "angle": 278.99885984141662 }, "geometry": { "type": "Point", "coordinates": [ 537031.135521249263547, 787895.457510874490254 ] } },
{ "type": "Feature", "properties": { "Layer": "ABEOKUTA_SPECIAL_PRIME", "Linetype": null, "EntityHand": "239", "Text": "S", "AREA_DEL": "SPECIAL_PRIME", "polygon": null, "x": 538156.501, "y": 787954.26, "distance": 7485.0, "angle": 278.99885984141662 }, "geometry": { "type": "Point", "coordinates": [ 537026.19706398237031, 787896.239584926981479 ] } },
{ "type": "Feature", "properties": { "Layer": "ABEOKUTA_SPECIAL_PRIME", "Linetype": null, "EntityHand": "239", "Text": "S", "AREA_DEL": "SPECIAL_PRIME", "polygon": null, "x": 538156.501, "y": 787954.26, "distance": 7490.0, "angle": 274.50472232301451 }, "geometry": { "type": "Point", "coordinates": [ 537021.221611205488443, 787896.709169182926416 ] } },
{ "type": "Feature", "properties": { "Layer": "ABEOKUTA_SPECIAL_PRIME", "Linetype": null, "EntityHand": "239", "Text": "S", "AREA_DEL": "SPECIAL_PRIME", "polygon": null, "x": 538156.501, "y": 787954.26, "distance": 7495.0, "angle": 274.50472232301451 }, "geometry": { "type": "Point", "coordinates": [ 537016.237056886777282, 787897.101875490276143 ] } },
{ "type": "Feature", "properties": { "Layer": "ABEOKUTA_SPECIAL_PRIME", "Linetype": null, "EntityHand": "239", "Text": "S", "AREA_DEL": "SPECIAL_PRIME", "polygon": null, "x": 538156.501, "y": 787954.26, "distance": 7500.0, "angle": 274.50472232301451 }, "geometry": { "type": "Point", "coordinates": [ 537011.25250256806612, 787897.49458179762587 ] } },
{ "type": "Feature", "properties": { "Layer": "ABEOKUTA_SPECIAL_PRIME", "Linetype": null, "EntityHand": "239", "Text": "S", "AREA_DEL": "SPECIAL_PRIME", "polygon": null, "x": 538156.501, "y": 787954.26, "distance": 7505.0, "angle": 274.50472232301451 }, "geometry": { "type": "Point", "coordinates": [ 537006.267948249354959, 787897.887288105092011 ] } },
{ "type": "Feature", "properties": { "Layer": "ABEOKUTA_SPECIAL_PRIME", "Linetype": null, "EntityHand": "239", "Text": "S", "AREA_DEL": "SPECIAL_PRIME", "polygon": null, "x": 538156.501, "y": 787954.26, "distance": 7510.0, "angle": 274.50472232301451 }, "geometry": { "type": "Point", "coordinates": [ 537001.283393930643797, 787898.279994412441738 ] } },
{ "type": "Feature", "properties": { "Layer": "ABEOKUTA_SPECIAL_PRIME", "Linetype": null, "EntityHand": "239", "Text": "S", "AREA_DEL": "SPECIAL_PRIME", "polygon": null, "x": 538156.501, "y": 787954.26, "distance": 7515.0, "angle": 274.50472232301451 }, "geometry": { "type": "Point", "coordinates": [ 536996.298839611932635, 787898.672700719791465 ] } },
{ "type": "Feature", "properties": { "Layer": "ABEOKUTA_SPECIAL_PRIME", "Linetype": null, "EntityHand": "239", "Text": "S", "AREA_DEL": "SPECIAL_PRIME", "polygon": null, "x": 538156.501, "y": 787954.26, "distance": 7520.0, "angle": 274.50472232301451 }, "geometry": { "type": "Point", "coordinates": [ 536991.314285293221474, 787899.065407027141191 ] } },
{ "type": "Feature", "properties": { "Layer": "ABEOKUTA_SPECIAL_PRIME", "Linetype": null, "EntityHand": "239", "Text": "S", "AREA_DEL": "SPECIAL_PRIME", "polygon": null, "x": 538156.501, "y": 787954.26, "distance": 7525.0, "angle": 274.50472232301451 }, "geometry": { "type": "Point", "coordinates": [ 536986.329730974510312, 787899.458113334490918 ] } },
{ "type": "Feature", "properties": { "Layer": "ABEOKUTA_SPECIAL_PRIME", "Linetype": null, "EntityHand": "239", "Text": "S", "AREA_DEL": "SPECIAL_PRIME", "polygon": null, "x": 538156.501, "y": 787954.26, "distance": 7530.0, "angle": 274.50472232301451 }, "geometry": { "type": "Point", "coordinates": [ 536981.34517665579915, 787899.850819641840644 ] } },
{ "type": "Feature", "properties": { "Layer": "ABEOKUTA_SPECIAL_PRIME", "Linetype": null, "EntityHand": "239", "Text": "S", "AREA_DEL": "SPECIAL_PRIME", "polygon": null, "x": 538156.501, "y": 787954.26, "distance": 7535.0, "angle": 274.50472232301451 }, "geometry": { "type": "Point", "coordinates": [ 536976.360622337087989, 787900.243525949190371 ] } },
{ "type": "Feature", "properties": { "Layer": "ABEOKUTA_SPECIAL_PRIME", "Linetype": null, "EntityHand": "239", "Text": "S", "AREA_DEL": "SPECIAL_PRIME", "polygon": null, "x": 538156.501, "y": 787954.26, "distance": 7540.0, "angle": 274.50472232301451 }, "geometry": { "type": "Point", "coordinates": [ 536971.376068018376827, 787900.636232256540097 ] } },
{ "type": "Feature", "properties": { "Layer": "ABEOKUTA_SPECIAL_PRIME", "Linetype": null, "EntityHand": "239", "Text": "S", "AREA_DEL": "SPECIAL_PRIME", "polygon": null, "x": 538156.501, "y": 787954.26, "distance": 7545.0, "angle": 274.50472232301451 }, "geometry": { "type": "Point", "coordinates": [ 536966.391513699665666, 787901.028938563889824 ] } },
{ "type": "Feature", "properties": { "Layer": "ABEOKUTA_SPECIAL_PRIME", "Linetype": null, "EntityHand": "239", "Text": "S", "AREA_DEL": "SPECIAL_PRIME", "polygon": null, "x": 538156.501, "y": 787954.26, "distance": 7550.0, "angle": 274.50472232301451 }, "geometry": { "type": "Point", "coordinates": [ 536961.406959380954504, 787901.421644871355966 ] } },
{ "type": "Feature", "properties": { "Layer": "ABEOKUTA_SPECIAL_PRIME", "Linetype": null, "EntityHand": "239", "Text": "S", "AREA_DEL": "SPECIAL_PRIME", "polygon": null, "x": 538156.501, "y": 787954.26, "distance": 7555.0, "angle": 274.50472232301451 }, "geometry": { "type": "Point", "coordinates": [ 536956.422405062243342, 787901.814351178705692 ] } },
{ "type": "Feature", "properties": { "Layer": "ABEOKUTA_SPECIAL_PRIME", "Linetype": null, "EntityHand": "239", "Text": "S", "AREA_DEL": "SPECIAL_PRIME", "polygon": null, "x": 538156.501, "y": 787954.26, "distance": 7560.0, "angle": 359.9616008369598 }, "geometry": { "type": "Point", "coordinates": [ 536952.288427799125202, 787902.993786528240889 ] } },
{ "type": "Feature", "properties": { "Layer": "ABEOKUTA_SPECIAL_PRIME", "Linetype": null, "EntityHand": "239", "Text": "S", "AREA_DEL": "SPECIAL_PRIME", "polygon": null, "x": 538156.501, "y": 787954.26, "distance": 7565.0, "angle": 359.9616008369598 }, "geometry": { "type": "Point", "coordinates": [ 536952.285076840315014, 787907.99378540541511 ] } },
{ "type": "Feature", "properties": { "Layer": "ABEOKUTA_SPECIAL_PRIME", "Linetype": null, "EntityHand": "239", "Text": "S", "AREA_DEL": "SPECIAL_PRIME", "polygon": null, "x": 538156.501, "y": 787954.26, "distance": 7570.0, "angle": 359.9616008369598 }, "geometry": { "type": "Point", "coordinates": [ 536952.281725881388411, 787912.993784282472916 ] } },
{ "type": "Feature", "properties": { "Layer": "ABEOKUTA_SPECIAL_PRIME", "Linetype": null, "EntityHand": "239", "Text": "S", "AREA_DEL": "SPECIAL_PRIME", "polygon": null, "x": 538156.501, "y": 787954.26, "distance": 7575.0, "angle": 359.9616008369598 }, "geometry": { "type": "Point", "coordinates": [ 536952.278374922578223, 787917.993783159530722 ] } },
{ "type": "Feature", "properties": { "Layer": "ABEOKUTA_SPECIAL_PRIME", "Linetype": null, "EntityHand": "239", "Text": "S", "AREA_DEL": "SPECIAL_PRIME", "polygon": null, "x": 538156.501, "y": 787954.26, "distance": 7580.0, "angle": 359.9616008369598 }, "geometry": { "type": "Point", "coordinates": [ 536952.27502396365162, 787922.993782036704943 ] } },
{ "type": "Feature", "properties": { "Layer": "ABEOKUTA_SPECIAL_PRIME", "Linetype": null, "EntityHand": "239", "Text": "S", "AREA_DEL": "SPECIAL_PRIME", "polygon": null, "x": 538156.501, "y": 787954.26, "distance": 7585.0, "angle": 359.9616008369598 }, "geometry": { "type": "Point", "coordinates": [ 536952.271673004725017, 787927.993780913762748 ] } },
{ "type": "Feature", "properties": { "Layer": "ABEOKUTA_SPECIAL_PRIME", "Linetype": null, "EntityHand": "239", "Text": "S", "AREA_DEL": "SPECIAL_PRIME", "polygon": null, "x": 538156.501, "y": 787954.26, "distance": 7590.0, "angle": 359.9616008369598 }, "geometry": { "type": "Point", "coordinates": [ 536952.268322045914829, 787932.993779790936969 ] } },
{ "type": "Feature", "properties": { "Layer": "ABEOKUTA_SPECIAL_PRIME", "Linetype": null, "EntityHand": "239", "Text": "S", "AREA_DEL": "SPECIAL_PRIME", "polygon": null, "x": 538156.501, "y": 787954.26, "distance": 7595.0, "angle": 359.9616008369598 }, "geometry": { "type": "Point", "coordinates": [ 536952.264971086988226, 787937.993778667994775 ] } },
{ "type": "Feature", "properties": { "Layer": "ABEOKUTA_SPECIAL_PRIME", "Linetype": null, "EntityHand": "239", "Text": "S", "AREA_DEL": "SPECIAL_PRIME", "polygon": null, "x": 538156.501, "y": 787954.26, "distance": 7600.0, "angle": 359.9616008369598 }, "geometry": { "type": "Point", "coordinates": [ 536952.261620128178038, 787942.993777545168996 ] } },
{ "type": "Feature", "properties": { "Layer": "ABEOKUTA_SPECIAL_PRIME", "Linetype": null, "EntityHand": "239", "Text": "S", "AREA_DEL": "SPECIAL_PRIME", "polygon": null, "x": 538156.501, "y": 787954.26, "distance": 7605.0, "angle": 359.9616008369598 }, "geometry": { "type": "Point", "coordinates": [ 536952.258269169251435, 787947.993776422226802 ] } },
{ "type": "Feature", "properties": { "Layer": "ABEOKUTA_SPECIAL_PRIME", "Linetype": null, "EntityHand": "239", "Text": "S", "AREA_DEL": "SPECIAL_PRIME", "polygon": null, "x": 538156.501, "y": 787954.26, "distance": 7610.0, "angle": 359.9616008369598 }, "geometry": { "type": "Point", "coordinates": [ 536952.254918210441247, 787952.993775299284607 ] } },
{ "type": "Feature", "properties": { "Layer": "ABEOKUTA_SPECIAL_PRIME", "Linetype": null, "EntityHand": "239", "Text": "S", "AREA_DEL": "SPECIAL_PRIME", "polygon": null, "x": 538156.501, "y": 787954.26, "distance": 7615.0, "angle": 359.9616008369598 }, "geometry": { "type": "Point", "coordinates": [ 536952.251567251514643, 787957.993774176458828 ] } },
{ "type": "Feature", "properties": { "Layer": "ABEOKUTA_SPECIAL_PRIME", "Linetype": null, "EntityHand": "239", "Text": "S", "AREA_DEL": "SPECIAL_PRIME", "polygon": null, "x": 538156.501, "y": 787954.26, "distance": 7620.0, "angle": 359.9616008369598 }, "geometry": { "type": "Point", "coordinates": [ 536952.248216292704456, 787962.993773053516634 ] } },
{ "type": "Feature", "properties": { "Layer": "ABEOKUTA_SPECIAL_PRIME", "Linetype": null, "EntityHand": "239", "Text": "S", "AREA_DEL": "SPECIAL_PRIME", "polygon": null, "x": 538156.501, "y": 787954.26, "distance": 7625.0, "angle": 359.9616008369598 }, "geometry": { "type": "Point", "coordinates": [ 536952.244865333777852, 787967.993771930690855 ] } },
{ "type": "Feature", "properties": { "Layer": "ABEOKUTA_SPECIAL_PRIME", "Linetype": null, "EntityHand": "239", "Text": "S", "AREA_DEL": "SPECIAL_PRIME", "polygon": null, "x": 538156.501, "y": 787954.26, "distance": 7630.0, "angle": 359.9616008369598 }, "geometry": { "type": "Point", "coordinates": [ 536952.241514374967664, 787972.99377080774866 ] } },
{ "type": "Feature", "properties": { "Layer": "ABEOKUTA_SPECIAL_PRIME", "Linetype": null, "EntityHand": "239", "Text": "S", "AREA_DEL": "SPECIAL_PRIME", "polygon": null, "x": 538156.501, "y": 787954.26, "distance": 7635.0, "angle": 359.9616008369598 }, "geometry": { "type": "Point", "coordinates": [ 536952.238163416041061, 787977.993769684922881 ] } },
{ "type": "Feature", "properties": { "Layer": "ABEOKUTA_SPECIAL_PRIME", "Linetype": null, "EntityHand": "239", "Text": "S", "AREA_DEL": "SPECIAL_PRIME", "polygon": null, "x": 538156.501, "y": 787954.26, "distance": 7640.0, "angle": 359.9616008369598 }, "geometry": { "type": "Point", "coordinates": [ 536952.234812457114458, 787982.993768561980687 ] } },
{ "type": "Feature", "properties": { "Layer": "ABEOKUTA_SPECIAL_PRIME", "Linetype": null, "EntityHand": "239", "Text": "S", "AREA_DEL": "SPECIAL_PRIME", "polygon": null, "x": 538156.501, "y": 787954.26, "distance": 7645.0, "angle": 359.9616008369598 }, "geometry": { "type": "Point", "coordinates": [ 536952.23146149830427, 787987.993767439038493 ] } },
{ "type": "Feature", "properties": { "Layer": "ABEOKUTA_SPECIAL_PRIME", "Linetype": null, "EntityHand": "239", "Text": "S", "AREA_DEL": "SPECIAL_PRIME", "polygon": null, "x": 538156.501, "y": 787954.26, "distance": 7650.0, "angle": 359.9616008369598 }, "geometry": { "type": "Point", "coordinates": [ 536952.228110539377667, 787992.993766316212714 ] } },
{ "type": "Feature", "properties": { "Layer": "ABEOKUTA_SPECIAL_PRIME", "Linetype": null, "EntityHand": "239", "Text": "S", "AREA_DEL": "SPECIAL_PRIME", "polygon": null, "x": 538156.501, "y": 787954.26, "distance": 7655.0, "angle": 359.9616008369598 }, "geometry": { "type": "Point", "coordinates": [ 536952.224759580567479, 787997.993765193270519 ] } },
{ "type": "Feature", "properties": { "Layer": "ABEOKUTA_SPECIAL_PRIME", "Linetype": null, "EntityHand": "239", "Text": "S", "AREA_DEL": "SPECIAL_PRIME", "polygon": null, "x": 538156.501, "y": 787954.26, "distance": 7660.0, "angle": 359.9616008369598 }, "geometry": { "type": "Point", "coordinates": [ 536952.221408621640876, 788002.99376407044474 ] } },
{ "type": "Feature", "properties": { "Layer": "ABEOKUTA_SPECIAL_PRIME", "Linetype": null, "EntityHand": "239", "Text": "S", "AREA_DEL": "SPECIAL_PRIME", "polygon": null, "x": 538156.501, "y": 787954.26, "distance": 7665.0, "angle": 359.9616008369598 }, "geometry": { "type": "Point", "coordinates": [ 536952.218057662830688, 788007.993762947502546 ] } },
{ "type": "Feature", "properties": { "Layer": "ABEOKUTA_SPECIAL_PRIME", "Linetype": null, "EntityHand": "239", "Text": "S", "AREA_DEL": "SPECIAL_PRIME", "polygon": null, "x": 538156.501, "y": 787954.26, "distance": 7670.0, "angle": 359.9616008369598 }, "geometry": { "type": "Point", "coordinates": [ 536952.214706703904085, 788012.993761824676767 ] } },
{ "type": "Feature", "properties": { "Layer": "ABEOKUTA_SPECIAL_PRIME", "Linetype": null, "EntityHand": "239", "Text": "S", "AREA_DEL": "SPECIAL_PRIME", "polygon": null, "x": 538156.501, "y": 787954.26, "distance": 7675.0, "angle": 359.9616008369598 }, "geometry": { "type": "Point", "coordinates": [ 536952.211355745093897, 788017.993760701734573 ] } },
{ "type": "Feature", "properties": { "Layer": "ABEOKUTA_SPECIAL_PRIME", "Linetype": null, "EntityHand": "239", "Text": "S", "AREA_DEL": "SPECIAL_PRIME", "polygon": null, "x": 538156.501, "y": 787954.26, "distance": 7680.0, "angle": 359.9616008369598 }, "geometry": { "type": "Point", "coordinates": [ 536952.208004786167294, 788022.993759578792378 ] } },
{ "type": "Feature", "properties": { "Layer": "ABEOKUTA_SPECIAL_PRIME", "Linetype": null, "EntityHand": "239", "Text": "S", "AREA_DEL": "SPECIAL_PRIME", "polygon": null, "x": 538156.501, "y": 787954.26, "distance": 7685.0, "angle": 359.9616008369598 }, "geometry": { "type": "Point", "coordinates": [ 536952.204653827240691, 788027.993758455966599 ] } },
{ "type": "Feature", "properties": { "Layer": "ABEOKUTA_SPECIAL_PRIME", "Linetype": null, "EntityHand": "239", "Text": "S", "AREA_DEL": "SPECIAL_PRIME", "polygon": null, "x": 538156.501, "y": 787954.26, "distance": 7690.0, "angle": 359.9616008369598 }, "geometry": { "type": "Point", "coordinates": [ 536952.201302868430503, 788032.993757333024405 ] } },
{ "type": "Feature", "properties": { "Layer": "ABEOKUTA_SPECIAL_PRIME", "Linetype": null, "EntityHand": "239", "Text": "S", "AREA_DEL": "SPECIAL_PRIME", "polygon": null, "x": 538156.501, "y": 787954.26, "distance": 7695.0, "angle": 336.30974032878299 }, "geometry": { "type": "Point", "coordinates": [ 536952.169168914551847, 788037.987709394539706 ] } },
{ "type": "Feature", "properties": { "Layer": "ABEOKUTA_SPECIAL_PRIME", "Linetype": null, "EntityHand": "239", "Text": "S", "AREA_DEL": "SPECIAL_PRIME", "polygon": null, "x": 538156.501, "y": 787954.26, "distance": 7700.0, "angle": 336.30974032878299 }, "geometry": { "type": "Point", "coordinates": [ 536950.160208377288654, 788042.566363952239044 ] } },
{ "type": "Feature", "properties": { "Layer": "ABEOKUTA_SPECIAL_PRIME", "Linetype": null, "EntityHand": "239", "Text": "S", "AREA_DEL": "SPECIAL_PRIME", "polygon": null, "x": 538156.501, "y": 787954.26, "distance": 7705.0, "angle": 336.30974032878299 }, "geometry": { "type": "Point", "coordinates": [ 536948.151247839909047, 788047.145018510054797 ] } },
{ "type": "Feature", "properties": { "Layer": "ABEOKUTA_SPECIAL_PRIME", "Linetype": null, "EntityHand": "239", "Text": "S", "AREA_DEL": "SPECIAL_PRIME", "polygon": null, "x": 538156.501, "y": 787954.26, "distance": 7710.0, "angle": 336.30974032878299 }, "geometry": { "type": "Point", "coordinates": [ 536946.142287302529439, 788051.72367306787055 ] } },
{ "type": "Feature", "properties": { "Layer": "ABEOKUTA_SPECIAL_PRIME", "Linetype": null, "EntityHand": "239", "Text": "S", "AREA_DEL": "SPECIAL_PRIME", "polygon": null, "x": 538156.501, "y": 787954.26, "distance": 7715.0, "angle": 336.30974032878299 }, "geometry": { "type": "Point", "coordinates": [ 536944.133326765266247, 788056.302327625569887 ] } },
{ "type": "Feature", "properties": { "Layer": "ABEOKUTA_SPECIAL_PRIME", "Linetype": null, "EntityHand": "239", "Text": "S", "AREA_DEL": "SPECIAL_PRIME", "polygon": null, "x": 538156.501, "y": 787954.26, "distance": 7720.0, "angle": 336.30974032878299 }, "geometry": { "type": "Point", "coordinates": [ 536942.12436622788664, 788060.88098218338564 ] } },
{ "type": "Feature", "properties": { "Layer": "ABEOKUTA_SPECIAL_PRIME", "Linetype": null, "EntityHand": "239", "Text": "S", "AREA_DEL": "SPECIAL_PRIME", "polygon": null, "x": 538156.501, "y": 787954.26, "distance": 7725.0, "angle": 336.30974032878299 }, "geometry": { "type": "Point", "coordinates": [ 536940.115405690507032, 788065.459636741084978 ] } },
{ "type": "Feature", "properties": { "Layer": "ABEOKUTA_SPECIAL_PRIME", "Linetype": null, "EntityHand": "239", "Text": "S", "AREA_DEL": "SPECIAL_PRIME", "polygon": null, "x": 538156.501, "y": 787954.26, "distance": 7730.0, "angle": 336.30974032878299 }, "geometry": { "type": "Point", "coordinates": [ 536938.10644515324384, 788070.038291298900731 ] } },
{ "type": "Feature", "properties": { "Layer": "ABEOKUTA_SPECIAL_PRIME", "Linetype": null, "EntityHand": "239", "Text": "S", "AREA_DEL": "SPECIAL_PRIME", "polygon": null, "x": 538156.501, "y": 787954.26, "distance": 7735.0, "angle": 336.30974032878299 }, "geometry": { "type": "Point", "coordinates": [ 536936.097484615864232, 788074.616945856716484 ] } },
{ "type": "Feature", "properties": { "Layer": "ABEOKUTA_SPECIAL_PRIME", "Linetype": null, "EntityHand": "239", "Text": "S", "AREA_DEL": "SPECIAL_PRIME", "polygon": null, "x": 538156.501, "y": 787954.26, "distance": 7740.0, "angle": 336.30974032878299 }, "geometry": { "type": "Point", "coordinates": [ 536934.088524078484625, 788079.195600414415821 ] } },
{ "type": "Feature", "properties": { "Layer": "ABEOKUTA_SPECIAL_PRIME", "Linetype": null, "EntityHand": "239", "Text": "S", "AREA_DEL": "SPECIAL_PRIME", "polygon": null, "x": 538156.501, "y": 787954.26, "distance": 7745.0, "angle": 336.30974032878299 }, "geometry": { "type": "Point", "coordinates": [ 536932.079563541221432, 788083.774254972231574 ] } },
{ "type": "Feature", "properties": { "Layer": "ABEOKUTA_SPECIAL_PRIME", "Linetype": null, "EntityHand": "239", "Text": "S", "AREA_DEL": "SPECIAL_PRIME", "polygon": null, "x": 538156.501, "y": 787954.26, "distance": 7750.0, "angle": 336.30974032878299 }, "geometry": { "type": "Point", "coordinates": [ 536930.070603003841825, 788088.352909530047327 ] } },
{ "type": "Feature", "properties": { "Layer": "ABEOKUTA_SPECIAL_PRIME", "Linetype": null, "EntityHand": "239", "Text": "S", "AREA_DEL": "SPECIAL_PRIME", "polygon": null, "x": 538156.501, "y": 787954.26, "distance": 7755.0, "angle": 336.30974032878299 }, "geometry": { "type": "Point", "coordinates": [ 536928.061642466462217, 788092.931564087746665 ] } },
{ "type": "Feature", "properties": { "Layer": "ABEOKUTA_SPECIAL_PRIME", "Linetype": null, "EntityHand": "239", "Text": "S", "AREA_DEL": "SPECIAL_PRIME", "polygon": null, "x": 538156.501, "y": 787954.26, "distance": 7760.0, "angle": 336.30974032878299 }, "geometry": { "type": "Point", "coordinates": [ 536926.052681929199025, 788097.510218645562418 ] } },
{ "type": "Feature", "properties": { "Layer": "ABEOKUTA_SPECIAL_PRIME", "Linetype": null, "EntityHand": "239", "Text": "S", "AREA_DEL": "SPECIAL_PRIME", "polygon": null, "x": 538156.501, "y": 787954.26, "distance": 7765.0, "angle": 336.30974032878299 }, "geometry": { "type": "Point", "coordinates": [ 536924.043721391819417, 788102.088873203261755 ] } },
{ "type": "Feature", "properties": { "Layer": "ABEOKUTA_SPECIAL_PRIME", "Linetype": null, "EntityHand": "239", "Text": "S", "AREA_DEL": "SPECIAL_PRIME", "polygon": null, "x": 538156.501, "y": 787954.26, "distance": 7770.0, "angle": 336.30974032878299 }, "geometry": { "type": "Point", "coordinates": [ 536922.03476085443981, 788106.667527761077508 ] } },
{ "type": "Feature", "properties": { "Layer": "ABEOKUTA_SPECIAL_PRIME", "Linetype": null, "EntityHand": "239", "Text": "S", "AREA_DEL": "SPECIAL_PRIME", "polygon": null, "x": 538156.501, "y": 787954.26, "distance": 7775.0, "angle": 336.30974032878299 }, "geometry": { "type": "Point", "coordinates": [ 536920.025800317176618, 788111.246182318893261 ] } },
{ "type": "Feature", "properties": { "Layer": "ABEOKUTA_SPECIAL_PRIME", "Linetype": null, "EntityHand": "239", "Text": "S", "AREA_DEL": "SPECIAL_PRIME", "polygon": null, "x": 538156.501, "y": 787954.26, "distance": 7780.0, "angle": 336.30974032878299 }, "geometry": { "type": "Point", "coordinates": [ 536918.01683977979701, 788115.824836876592599 ] } },
{ "type": "Feature", "properties": { "Layer": "ABEOKUTA_SPECIAL_PRIME", "Linetype": null, "EntityHand": "239", "Text": "S", "AREA_DEL": "SPECIAL_PRIME", "polygon": null, "x": 538156.501, "y": 787954.26, "distance": 7785.0, "angle": 336.30974032878299 }, "geometry": { "type": "Point", "coordinates": [ 536916.007879242417403, 788120.403491434408352 ] } },
{ "type": "Feature", "properties": { "Layer": "ABEOKUTA_SPECIAL_PRIME", "Linetype": null, "EntityHand": "239", "Text": "S", "AREA_DEL": "SPECIAL_PRIME", "polygon": null, "x": 538156.501, "y": 787954.26, "distance": 7790.0, "angle": 336.30974032878299 }, "geometry": { "type": "Point", "coordinates": [ 536913.99891870515421, 788124.982145992224105 ] } },
{ "type": "Feature", "properties": { "Layer": "ABEOKUTA_SPECIAL_PRIME", "Linetype": null, "EntityHand": "239", "Text": "S", "AREA_DEL": "SPECIAL_PRIME", "polygon": null, "x": 538156.501, "y": 787954.26, "distance": 7795.0, "angle": 336.30974032878299 }, "geometry": { "type": "Point", "coordinates": [ 536911.989958167774603, 788129.560800549923442 ] } },
{ "type": "Feature", "properties": { "Layer": "ABEOKUTA_SPECIAL_PRIME", "Linetype": null, "EntityHand": "239", "Text": "S", "AREA_DEL": "SPECIAL_PRIME", "polygon": null, "x": 538156.501, "y": 787954.26, "distance": 7800.0, "angle": 336.30974032878299 }, "geometry": { "type": "Point", "coordinates": [ 536909.980997630394995, 788134.139455107739195 ] } },
{ "type": "Feature", "properties": { "Layer": "ABEOKUTA_SPECIAL_PRIME", "Linetype": null, "EntityHand": "239", "Text": "S", "AREA_DEL": "SPECIAL_PRIME", "polygon": null, "x": 538156.501, "y": 787954.26, "distance": 7805.0, "angle": 336.30974032878299 }, "geometry": { "type": "Point", "coordinates": [ 536907.972037093131803, 788138.718109665438533 ] } },
{ "type": "Feature", "properties": { "Layer": "ABEOKUTA_SPECIAL_PRIME", "Linetype": null, "EntityHand": "239", "Text": "S", "AREA_DEL": "SPECIAL_PRIME", "polygon": null, "x": 538156.501, "y": 787954.26, "distance": 7810.0, "angle": 336.30974032878299 }, "geometry": { "type": "Point", "coordinates": [ 536905.963076555752195, 788143.296764223254286 ] } },
{ "type": "Feature", "properties": { "Layer": "ABEOKUTA_SPECIAL_PRIME", "Linetype": null, "EntityHand": "239", "Text": "S", "AREA_DEL": "SPECIAL_PRIME", "polygon": null, "x": 538156.501, "y": 787954.26, "distance": 7815.0, "angle": 336.30974032878299 }, "geometry": { "type": "Point", "coordinates": [ 536903.954116018372588, 788147.875418781070039 ] } },
{ "type": "Feature", "properties": { "Layer": "ABEOKUTA_SPECIAL_PRIME", "Linetype": null, "EntityHand": "239", "Text": "S", "AREA_DEL": "SPECIAL_PRIME", "polygon": null, "x": 538156.501, "y": 787954.26, "distance": 7820.0, "angle": 336.30974032878299 }, "geometry": { "type": "Point", "coordinates": [ 536901.945155481109396, 788152.454073338769376 ] } },
{ "type": "Feature", "properties": { "Layer": "ABEOKUTA_SPECIAL_PRIME", "Linetype": null, "EntityHand": "239", "Text": "S", "AREA_DEL": "SPECIAL_PRIME", "polygon": null, "x": 538156.501, "y": 787954.26, "distance": 7825.0, "angle": 336.30974032878299 }, "geometry": { "type": "Point", "coordinates": [ 536899.936194943729788, 788157.032727896585129 ] } },
{ "type": "Feature", "properties": { "Layer": "ABEOKUTA_SPECIAL_PRIME", "Linetype": null, "EntityHand": "239", "Text": "S", "AREA_DEL": "SPECIAL_PRIME", "polygon": null, "x": 538156.501, "y": 787954.26, "distance": 7830.0, "angle": 336.30974032878299 }, "geometry": { "type": "Point", "coordinates": [ 536897.927234406350181, 788161.611382454400882 ] } },
{ "type": "Feature", "properties": { "Layer": "ABEOKUTA_SPECIAL_PRIME", "Linetype": null, "EntityHand": "239", "Text": "S", "AREA_DEL": "SPECIAL_PRIME", "polygon": null, "x": 538156.501, "y": 787954.26, "distance": 7835.0, "angle": 336.30974032878299 }, "geometry": { "type": "Point", "coordinates": [ 536895.918273869086988, 788166.19003701210022 ] } },
{ "type": "Feature", "properties": { "Layer": "ABEOKUTA_SPECIAL_PRIME", "Linetype": null, "EntityHand": "239", "Text": "S", "AREA_DEL": "SPECIAL_PRIME", "polygon": null, "x": 538156.501, "y": 787954.26, "distance": 7840.0, "angle": 336.30974032878299 }, "geometry": { "type": "Point", "coordinates": [ 536893.909313331707381, 788170.768691569915973 ] } },
{ "type": "Feature", "properties": { "Layer": "ABEOKUTA_SPECIAL_PRIME", "Linetype": null, "EntityHand": "239", "Text": "S", "AREA_DEL": "SPECIAL_PRIME", "polygon": null, "x": 538156.501, "y": 787954.26, "distance": 7845.0, "angle": 319.38987236684238 }, "geometry": { "type": "Point", "coordinates": [ 536890.82732911920175, 788174.672929008025676 ] } },
{ "type": "Feature", "properties": { "Layer": "ABEOKUTA_SPECIAL_PRIME", "Linetype": null, "EntityHand": "239", "Text": "S", "AREA_DEL": "SPECIAL_PRIME", "polygon": null, "x": 538156.501, "y": 787954.26, "distance": 7850.0, "angle": 319.38987236684238 }, "geometry": { "type": "Point", "coordinates": [ 536887.572787037701346, 788178.468710329383612 ] } },
{ "type": "Feature", "properties": { "Layer": "ABEOKUTA_SPECIAL_PRIME", "Linetype": null, "EntityHand": "239", "Text": "S", "AREA_DEL": "SPECIAL_PRIME", "polygon": null, "x": 538156.501, "y": 787954.26, "distance": 7855.0, "angle": 319.38987236684238 }, "geometry": { "type": "Point", "coordinates": [ 536884.318244956200942, 788182.264491650741547 ] } },
{ "type": "Feature", "properties": { "Layer": "ABEOKUTA_SPECIAL_PRIME", "Linetype": null, "EntityHand": "239", "Text": "S", "AREA_DEL": "SPECIAL_PRIME", "polygon": null, "x": 538156.501, "y": 787954.26, "distance": 7860.0, "angle": 319.38987236684238 }, "geometry": { "type": "Point", "coordinates": [ 536881.063702874584123, 788186.060272972099483 ] } },
{ "type": "Feature", "properties": { "Layer": "ABEOKUTA_SPECIAL_PRIME", "Linetype": null, "EntityHand": "239", "Text": "S", "AREA_DEL": "SPECIAL_PRIME", "polygon": null, "x": 538156.501, "y": 787954.26, "distance": 7865.0, "angle": 319.38987236684238 }, "geometry": { "type": "Point", "coordinates": [ 536877.80916079308372, 788189.856054293457419 ] } },
{ "type": "Feature", "properties": { "Layer": "ABEOKUTA_SPECIAL_PRIME", "Linetype": null, "EntityHand": "239", "Text": "S", "AREA_DEL": "SPECIAL_PRIME", "polygon": null, "x": 538156.501, "y": 787954.26, "distance": 7870.0, "angle": 319.38987236684238 }, "geometry": { "type": "Point", "coordinates": [ 536874.554618711583316, 788193.651835614815354 ] } },
{ "type": "Feature", "properties": { "Layer": "ABEOKUTA_SPECIAL_PRIME", "Linetype": null, "EntityHand": "239", "Text": "S", "AREA_DEL": "SPECIAL_PRIME", "polygon": null, "x": 538156.501, "y": 787954.26, "distance": 7875.0, "angle": 319.38987236684238 }, "geometry": { "type": "Point", "coordinates": [ 536871.300076629966497, 788197.44761693617329 ] } },
{ "type": "Feature", "properties": { "Layer": "ABEOKUTA_SPECIAL_PRIME", "Linetype": null, "EntityHand": "239", "Text": "S", "AREA_DEL": "SPECIAL_PRIME", "polygon": null, "x": 538156.501, "y": 787954.26, "distance": 7880.0, "angle": 319.38987236684238 }, "geometry": { "type": "Point", "coordinates": [ 536868.045534548466094, 788201.24339825741481 ] } },
{ "type": "Feature", "properties": { "Layer": "ABEOKUTA_SPECIAL_PRIME", "Linetype": null, "EntityHand": "239", "Text": "S", "AREA_DEL": "SPECIAL_PRIME", "polygon": null, "x": 538156.501, "y": 787954.26, "distance": 7885.0, "angle": 319.38987236684238 }, "geometry": { "type": "Point", "coordinates": [ 536864.79099246696569, 788205.039179578772746 ] } },
{ "type": "Feature", "properties": { "Layer": "ABEOKUTA_SPECIAL_PRIME", "Linetype": null, "EntityHand": "239", "Text": "S", "AREA_DEL": "SPECIAL_PRIME", "polygon": null, "x": 538156.501, "y": 787954.26, "distance": 7890.0, "angle": 319.38987236684238 }, "geometry": { "type": "Point", "coordinates": [ 536861.536450385348871, 788208.834960900130682 ] } },
{ "type": "Feature", "properties": { "Layer": "ABEOKUTA_SPECIAL_PRIME", "Linetype": null, "EntityHand": "239", "Text": "S", "AREA_DEL": "SPECIAL_PRIME", "polygon": null, "x": 538156.501, "y": 787954.26, "distance": 7895.0, "angle": 319.38987236684238 }, "geometry": { "type": "Point", "coordinates": [ 536858.281908303848468, 788212.630742221488617 ] } },
{ "type": "Feature", "properties": { "Layer": "ABEOKUTA_SPECIAL_PRIME", "Linetype": null, "EntityHand": "239", "Text": "S", "AREA_DEL": "SPECIAL_PRIME", "polygon": null, "x": 538156.501, "y": 787954.26, "distance": 7900.0, "angle": 319.38987236684238 }, "geometry": { "type": "Point", "coordinates": [ 536855.027366222348064, 788216.426523542846553 ] } },
{ "type": "Feature", "properties": { "Layer": "ABEOKUTA_SPECIAL_PRIME", "Linetype": null, "EntityHand": "239", "Text": "S", "AREA_DEL": "SPECIAL_PRIME", "polygon": null, "x": 538156.501, "y": 787954.26, "distance": 7905.0, "angle": 319.38987236684238 }, "geometry": { "type": "Point", "coordinates": [ 536851.772824140731245, 788220.222304864204489 ] } },
{ "type": "Feature", "properties": { "Layer": "ABEOKUTA_SPECIAL_PRIME", "Linetype": null, "EntityHand": "239", "Text": "S", "AREA_DEL": "SPECIAL_PRIME", "polygon": null, "x": 538156.501, "y": 787954.26, "distance": 7910.0, "angle": 319.38987236684238 }, "geometry": { "type": "Point", "coordinates": [ 536848.518282059230842, 788224.018086185562424 ] } },
{ "type": "Feature", "properties": { "Layer": "ABEOKUTA_SPECIAL_PRIME", "Linetype": null, "EntityHand": "239", "Text": "S", "AREA_DEL": "SPECIAL_PRIME", "polygon": null, "x": 538156.501, "y": 787954.26, "distance": 7915.0, "angle": 319.38987236684238 }, "geometry": { "type": "Point", "coordinates": [ 536845.263739977730438, 788227.81386750692036 ] } },
{ "type": "Feature", "properties": { "Layer": "ABEOKUTA_SPECIAL_PRIME", "Linetype": null, "EntityHand": "239", "Text": "S", "AREA_DEL": "SPECIAL_PRIME", "polygon": null, "x": 538156.501, "y": 787954.26, "distance": 7920.0, "angle": 319.38987236684238 }, "geometry": { "type": "Point", "coordinates": [ 536842.009197896113619, 788231.609648828278296 ] } },
{ "type": "Feature", "properties": { "Layer": "ABEOKUTA_SPECIAL_PRIME", "Linetype": null, "EntityHand": "239", "Text": "S", "AREA_DEL": "SPECIAL_PRIME", "polygon": null, "x": 538156.501, "y": 787954.26, "distance": 7925.0, "angle": 319.38987236684238 }, "geometry": { "type": "Point", "coordinates": [ 536838.754655814613216, 788235.405430149636231 ] } },
{ "type": "Feature", "properties": { "Layer": "ABEOKUTA_SPECIAL_PRIME", "Linetype": null, "EntityHand": "239", "Text": "S", "AREA_DEL": "SPECIAL_PRIME", "polygon": null, "x": 538156.501, "y": 787954.26, "distance": 7930.0, "angle": 319.38987236684238 }, "geometry": { "type": "Point", "coordinates": [ 536835.500113733112812, 788239.201211470877752 ] } },
{ "type": "Feature", "properties": { "Layer": "ABEOKUTA_SPECIAL_PRIME", "Linetype": null, "EntityHand": "239", "Text": "S", "AREA_DEL": "SPECIAL_PRIME", "polygon": null, "x": 538156.501, "y": 787954.26, "distance": 7935.0, "angle": 319.38987236684238 }, "geometry": { "type": "Point", "coordinates": [ 536832.245571651495993, 788242.996992792235687 ] } },
{ "type": "Feature", "properties": { "Layer": "ABEOKUTA_SPECIAL_PRIME", "Linetype": null, "EntityHand": "239", "Text": "S", "AREA_DEL": "SPECIAL_PRIME", "polygon": null, "x": 538156.501, "y": 787954.26, "distance": 7940.0, "angle": 319.38987236684238 }, "geometry": { "type": "Point", "coordinates": [ 536828.99102956999559, 788246.792774113593623 ] } },
{ "type": "Feature", "properties": { "Layer": "ABEOKUTA_SPECIAL_PRIME", "Linetype": null, "EntityHand": "239", "Text": "S", "AREA_DEL": "SPECIAL_PRIME", "polygon": null, "x": 538156.501, "y": 787954.26, "distance": 7945.0, "angle": 319.38987236684238 }, "geometry": { "type": "Point", "coordinates": [ 536825.736487488495186, 788250.588555434951559 ] } },
{ "type": "Feature", "properties": { "Layer": "ABEOKUTA_SPECIAL_PRIME", "Linetype": null, "EntityHand": "239", "Text": "S", "AREA_DEL": "SPECIAL_PRIME", "polygon": null, "x": 538156.501, "y": 787954.26, "distance": 7950.0, "angle": 319.38987236684238 }, "geometry": { "type": "Point", "coordinates": [ 536822.481945406878367, 788254.384336756309494 ] } },
{ "type": "Feature", "properties": { "Layer": "ABEOKUTA_SPECIAL_PRIME", "Linetype": null, "EntityHand": "239", "Text": "S", "AREA_DEL": "SPECIAL_PRIME", "polygon": null, "x": 538156.501, "y": 787954.26, "distance": 7955.0, "angle": 319.38987236684238 }, "geometry": { "type": "Point", "coordinates": [ 536819.227403325377963, 788258.18011807766743 ] } },
{ "type": "Feature", "properties": { "Layer": "ABEOKUTA_SPECIAL_PRIME", "Linetype": null, "EntityHand": "239", "Text": "S", "AREA_DEL": "SPECIAL_PRIME", "polygon": null, "x": 538156.501, "y": 787954.26, "distance": 7960.0, "angle": 319.38987236684238 }, "geometry": { "type": "Point", "coordinates": [ 536815.97286124387756, 788261.975899399025366 ] } },
{ "type": "Feature", "properties": { "Layer": "ABEOKUTA_SPECIAL_PRIME", "Linetype": null, "EntityHand": "239", "Text": "S", "AREA_DEL": "SPECIAL_PRIME", "polygon": null, "x": 538156.501, "y": 787954.26, "distance": 7965.0, "angle": 319.38987236684238 }, "geometry": { "type": "Point", "coordinates": [ 536812.718319162260741, 788265.771680720383301 ] } },
{ "type": "Feature", "properties": { "Layer": "ABEOKUTA_SPECIAL_PRIME", "Linetype": null, "EntityHand": "239", "Text": "S", "AREA_DEL": "SPECIAL_PRIME", "polygon": null, "x": 538156.501, "y": 787954.26, "distance": 7970.0, "angle": 319.38987236684238 }, "geometry": { "type": "Point", "coordinates": [ 536809.463777080760337, 788269.567462041741237 ] } },
{ "type": "Feature", "properties": { "Layer": "ABEOKUTA_SPECIAL_PRIME", "Linetype": null, "EntityHand": "239", "Text": "S", "AREA_DEL": "SPECIAL_PRIME", "polygon": null, "x": 538156.501, "y": 787954.26, "distance": 7975.0, "angle": 319.38987236684238 }, "geometry": { "type": "Point", "coordinates": [ 536806.209234999259934, 788273.363243363099173 ] } },
{ "type": "Feature", "properties": { "Layer": "ABEOKUTA_SPECIAL_PRIME", "Linetype": null, "EntityHand": "239", "Text": "S", "AREA_DEL": "SPECIAL_PRIME", "polygon": null, "x": 538156.501, "y": 787954.26, "distance": 7980.0, "angle": 319.38987236684238 }, "geometry": { "type": "Point", "coordinates": [ 536802.954692917643115, 788277.159024684340693 ] } },
{ "type": "Feature", "properties": { "Layer": "ABEOKUTA_SPECIAL_PRIME", "Linetype": null, "EntityHand": "239", "Text": "S", "AREA_DEL": "SPECIAL_PRIME", "polygon": null, "x": 538156.501, "y": 787954.26, "distance": 7985.0, "angle": 319.38987236684238 }, "geometry": { "type": "Point", "coordinates": [ 536799.700150836142711, 788280.954806005698629 ] } },
{ "type": "Feature", "properties": { "Layer": "ABEOKUTA_SPECIAL_PRIME", "Linetype": null, "EntityHand": "239", "Text": "S", "AREA_DEL": "SPECIAL_PRIME", "polygon": null, "x": 538156.501, "y": 787954.26, "distance": 7990.0, "angle": 319.38987236684238 }, "geometry": { "type": "Point", "coordinates": [ 536796.445608754642308, 788284.750587327056564 ] } },
{ "type": "Feature", "properties": { "Layer": "ABEOKUTA_SPECIAL_PRIME", "Linetype": null, "EntityHand": "239", "Text": "S", "AREA_DEL": "SPECIAL_PRIME", "polygon": null, "x": 538156.501, "y": 787954.26, "distance": 7995.0, "angle": 326.673464762744 }, "geometry": { "type": "Point", "coordinates": [ 536793.64248440170195, 788288.886145279509947 ] } },
{ "type": "Feature", "properties": { "Layer": "ABEOKUTA_SPECIAL_PRIME", "Linetype": null, "EntityHand": "239", "Text": "S", "AREA_DEL": "SPECIAL_PRIME", "polygon": null, "x": 538156.501, "y": 787954.26, "distance": 8000.0, "angle": 326.673464762744 }, "geometry": { "type": "Point", "coordinates": [ 536790.89543518028222, 788293.063910301076248 ] } },
{ "type": "Feature", "properties": { "Layer": "ABEOKUTA_SPECIAL_PRIME", "Linetype": null, "EntityHand": "239", "Text": "S", "AREA_DEL": "SPECIAL_PRIME", "polygon": null, "x": 538156.501, "y": 787954.26, "distance": 8005.0, "angle": 326.673464762744 }, "geometry": { "type": "Point", "coordinates": [ 536788.148385958862491, 788297.24167532264255 ] } },
{ "type": "Feature", "properties": { "Layer": "ABEOKUTA_SPECIAL_PRIME", "Linetype": null, "EntityHand": "239", "Text": "S", "AREA_DEL": "SPECIAL_PRIME", "polygon": null, "x": 538156.501, "y": 787954.26, "distance": 8010.0, "angle": 326.673464762744 }, "geometry": { "type": "Point", "coordinates": [ 536785.401336737442762, 788301.419440344092436 ] } },
{ "type": "Feature", "properties": { "Layer": "ABEOKUTA_SPECIAL_PRIME", "Linetype": null, "EntityHand": "239", "Text": "S", "AREA_DEL": "SPECIAL_PRIME", "polygon": null, "x": 538156.501, "y": 787954.26, "distance": 8015.0, "angle": 326.673464762744 }, "geometry": { "type": "Point", "coordinates": [ 536782.654287516139448, 788305.597205365658738 ] } },
{ "type": "Feature", "properties": { "Layer": "ABEOKUTA_SPECIAL_PRIME", "Linetype": null, "EntityHand": "239", "Text": "S", "AREA_DEL": "SPECIAL_PRIME", "polygon": null, "x": 538156.501, "y": 787954.26, "distance": 8020.0, "angle": 326.673464762744 }, "geometry": { "type": "Point", "coordinates": [ 536779.907238294719718, 788309.774970387225039 ] } },
{ "type": "Feature", "properties": { "Layer": "ABEOKUTA_SPECIAL_PRIME", "Linetype": null, "EntityHand": "239", "Text": "S", "AREA_DEL": "SPECIAL_PRIME", "polygon": null, "x": 538156.501, "y": 787954.26, "distance": 8025.0, "angle": 326.673464762744 }, "geometry": { "type": "Point", "coordinates": [ 536777.160189073299989, 788313.952735408791341 ] } },
{ "type": "Feature", "properties": { "Layer": "ABEOKUTA_SPECIAL_PRIME", "Linetype": null, "EntityHand": "239", "Text": "S", "AREA_DEL": "SPECIAL_PRIME", "polygon": null, "x": 538156.501, "y": 787954.26, "distance": 8030.0, "angle": 326.673464762744 }, "geometry": { "type": "Point", "coordinates": [ 536774.413139851996675, 788318.130500430357642 ] } },
{ "type": "Feature", "properties": { "Layer": "ABEOKUTA_SPECIAL_PRIME", "Linetype": null, "EntityHand": "239", "Text": "S", "AREA_DEL": "SPECIAL_PRIME", "polygon": null, "x": 538156.501, "y": 787954.26, "distance": 8035.0, "angle": 326.673464762744 }, "geometry": { "type": "Point", "coordinates": [ 536771.666090630576946, 788322.308265451923944 ] } },
{ "type": "Feature", "properties": { "Layer": "ABEOKUTA_SPECIAL_PRIME", "Linetype": null, "EntityHand": "239", "Text": "S", "AREA_DEL": "SPECIAL_PRIME", "polygon": null, "x": 538156.501, "y": 787954.26, "distance": 8040.0, "angle": 326.673464762744 }, "geometry": { "type": "Point", "coordinates": [ 536768.919041409157217, 788326.486030473490246 ] } },
{ "type": "Feature", "properties": { "Layer": "ABEOKUTA_SPECIAL_PRIME", "Linetype": null, "EntityHand": "239", "Text": "S", "AREA_DEL": "SPECIAL_PRIME", "polygon": null, "x": 538156.501, "y": 787954.26, "distance": 8045.0, "angle": 326.673464762744 }, "geometry": { "type": "Point", "coordinates": [ 536766.171992187853903, 788330.663795495056547 ] } },
{ "type": "Feature", "properties": { "Layer": "ABEOKUTA_SPECIAL_PRIME", "Linetype": null, "EntityHand": "239", "Text": "S", "AREA_DEL": "SPECIAL_PRIME", "polygon": null, "x": 538156.501, "y": 787954.26, "distance": 8050.0, "angle": 326.673464762744 }, "geometry": { "type": "Point", "coordinates": [ 536763.424942966434173, 788334.841560516506433 ] } },
{ "type": "Feature", "properties": { "Layer": "ABEOKUTA_SPECIAL_PRIME", "Linetype": null, "EntityHand": "239", "Text": "S", "AREA_DEL": "SPECIAL_PRIME", "polygon": null, "x": 538156.501, "y": 787954.26, "distance": 8055.0, "angle": 326.673464762744 }, "geometry": { "type": "Point", "coordinates": [ 536760.677893745014444, 788339.019325538072735 ] } },
{ "type": "Feature", "properties": { "Layer": "ABEOKUTA_SPECIAL_PRIME", "Linetype": null, "EntityHand": "239", "Text": "S", "AREA_DEL": "SPECIAL_PRIME", "polygon": null, "x": 538156.501, "y": 787954.26, "distance": 8060.0, "angle": 326.673464762744 }, "geometry": { "type": "Point", "coordinates": [ 536757.93084452371113, 788343.197090559639037 ] } },
{ "type": "Feature", "properties": { "Layer": "ABEOKUTA_SPECIAL_PRIME", "Linetype": null, "EntityHand": "239", "Text": "S", "AREA_DEL": "SPECIAL_PRIME", "polygon": null, "x": 538156.501, "y": 787954.26, "distance": 8065.0, "angle": 326.673464762744 }, "geometry": { "type": "Point", "coordinates": [ 536755.183795302291401, 788347.374855581205338 ] } },
{ "type": "Feature", "properties": { "Layer": "ABEOKUTA_SPECIAL_PRIME", "Linetype": null, "EntityHand": "239", "Text": "S", "AREA_DEL": "SPECIAL_PRIME", "polygon": null, "x": 538156.501, "y": 787954.26, "distance": 8070.0, "angle": 326.673464762744 }, "geometry": { "type": "Point", "coordinates": [ 536752.436746080871671, 788351.55262060277164 ] } },
{ "type": "Feature", "properties": { "Layer": "ABEOKUTA_SPECIAL_PRIME", "Linetype": null, "EntityHand": "239", "Text": "S", "AREA_DEL": "SPECIAL_PRIME", "polygon": null, "x": 538156.501, "y": 787954.26, "distance": 8075.0, "angle": 326.673464762744 }, "geometry": { "type": "Point", "coordinates": [ 536749.689696859568357, 788355.730385624337941 ] } },
{ "type": "Feature", "properties": { "Layer": "ABEOKUTA_SPECIAL_PRIME", "Linetype": null, "EntityHand": "239", "Text": "S", "AREA_DEL": "SPECIAL_PRIME", "polygon": null, "x": 538156.501, "y": 787954.26, "distance": 8080.0, "angle": 326.673464762744 }, "geometry": { "type": "Point", "coordinates": [ 536746.942647638148628, 788359.908150645904243 ] } },
{ "type": "Feature", "properties": { "Layer": "ABEOKUTA_SPECIAL_PRIME", "Linetype": null, "EntityHand": "239", "Text": "S", "AREA_DEL": "SPECIAL_PRIME", "polygon": null, "x": 538156.501, "y": 787954.26, "distance": 8085.0, "angle": 326.673464762744 }, "geometry": { "type": "Point", "coordinates": [ 536744.195598416728899, 788364.085915667470545 ] } },
{ "type": "Feature", "properties": { "Layer": "ABEOKUTA_SPECIAL_PRIME", "Linetype": null, "EntityHand": "239", "Text": "S", "AREA_DEL": "SPECIAL_PRIME", "polygon": null, "x": 538156.501, "y": 787954.26, "distance": 8090.0, "angle": 326.673464762744 }, "geometry": { "type": "Point", "coordinates": [ 536741.448549195425585, 788368.263680688920431 ] } },
{ "type": "Feature", "properties": { "Layer": "ABEOKUTA_SPECIAL_PRIME", "Linetype": null, "EntityHand": "239", "Text": "S", "AREA_DEL": "SPECIAL_PRIME", "polygon": null, "x": 538156.501, "y": 787954.26, "distance": 8095.0, "angle": 326.673464762744 }, "geometry": { "type": "Point", "coordinates": [ 536738.701499974005856, 788372.441445710486732 ] } },
{ "type": "Feature", "properties": { "Layer": "ABEOKUTA_SPECIAL_PRIME", "Linetype": null, "EntityHand": "239", "Text": "S", "AREA_DEL": "SPECIAL_PRIME", "polygon": null, "x": 538156.501, "y": 787954.26, "distance": 8100.0, "angle": 326.673464762744 }, "geometry": { "type": "Point", "coordinates": [ 536735.954450752586126, 788376.619210732053034 ] } },
{ "type": "Feature", "properties": { "Layer": "ABEOKUTA_SPECIAL_PRIME", "Linetype": null, "EntityHand": "239", "Text": "S", "AREA_DEL": "SPECIAL_PRIME", "polygon": null, "x": 538156.501, "y": 787954.26, "distance": 8105.0, "angle": 347.65922674495164 }, "geometry": { "type": "Point", "coordinates": [ 536734.867828497197479, 788381.496102899545804 ] } },
{ "type": "Feature", "properties": { "Layer": "ABEOKUTA_SPECIAL_PRIME", "Linetype": null, "EntityHand": "239", "Text": "S", "AREA_DEL": "SPECIAL_PRIME", "polygon": null, "x": 538156.501, "y": 787954.26, "distance": 8110.0, "angle": 347.65922674495164 }, "geometry": { "type": "Point", "coordinates": [ 536733.799200373119675, 788386.380571543355472 ] } },
{ "type": "Feature", "properties": { "Layer": "ABEOKUTA_SPECIAL_PRIME", "Linetype": null, "EntityHand": "239", "Text": "S", "AREA_DEL": "SPECIAL_PRIME", "polygon": null, "x": 538156.501, "y": 787954.26, "distance": 8115.0, "angle": 347.65922674495164 }, "geometry": { "type": "Point", "coordinates": [ 536732.730572248925455, 788391.265040187165141 ] } },
{ "type": "Feature", "properties": { "Layer": "ABEOKUTA_SPECIAL_PRIME", "Linetype": null, "EntityHand": "239", "Text": "S", "AREA_DEL": "SPECIAL_PRIME", "polygon": null, "x": 538156.501, "y": 787954.26, "distance": 8120.0, "angle": 347.65922674495164 }, "geometry": { "type": "Point", "coordinates": [ 536731.661944124847651, 788396.14950883097481 ] } },
{ "type": "Feature", "properties": { "Layer": "ABEOKUTA_SPECIAL_PRIME", "Linetype": null, "EntityHand": "239", "Text": "S", "AREA_DEL": "SPECIAL_PRIME", "polygon": null, "x": 538156.501, "y": 787954.26, "distance": 8125.0, "angle": 347.65922674495164 }, "geometry": { "type": "Point", "coordinates": [ 536730.593316000769846, 788401.033977474784479 ] } },
{ "type": "Feature", "properties": { "Layer": "ABEOKUTA_SPECIAL_PRIME", "Linetype": null, "EntityHand": "239", "Text": "S", "AREA_DEL": "SPECIAL_PRIME", "polygon": null, "x": 538156.501, "y": 787954.26, "distance": 8130.0, "angle": 347.65922674495164 }, "geometry": { "type": "Point", "coordinates": [ 536729.524687876692042, 788405.918446118594147 ] } },
{ "type": "Feature", "properties": { "Layer": "ABEOKUTA_SPECIAL_PRIME", "Linetype": null, "EntityHand": "239", "Text": "S", "AREA_DEL": "SPECIAL_PRIME", "polygon": null, "x": 538156.501, "y": 787954.26, "distance": 8135.0, "angle": 347.65922674495164 }, "geometry": { "type": "Point", "coordinates": [ 536728.456059752497822, 788410.802914762403816 ] } },
{ "type": "Feature", "properties": { "Layer": "ABEOKUTA_SPECIAL_PRIME", "Linetype": null, "EntityHand": "239", "Text": "S", "AREA_DEL": "SPECIAL_PRIME", "polygon": null, "x": 538156.501, "y": 787954.26, "distance": 8140.0, "angle": 347.65922674495164 }, "geometry": { "type": "Point", "coordinates": [ 536727.387431628420018, 788415.687383406213485 ] } },
{ "type": "Feature", "properties": { "Layer": "ABEOKUTA_SPECIAL_PRIME", "Linetype": null, "EntityHand": "239", "Text": "S", "AREA_DEL": "SPECIAL_PRIME", "polygon": null, "x": 538156.501, "y": 787954.26, "distance": 8145.0, "angle": 347.65922674495164 }, "geometry": { "type": "Point", "coordinates": [ 536726.318803504342213, 788420.571852050023153 ] } },
{ "type": "Feature", "properties": { "Layer": "ABEOKUTA_SPECIAL_PRIME", "Linetype": null, "EntityHand": "239", "Text": "S", "AREA_DEL": "SPECIAL_PRIME", "polygon": null, "x": 538156.501, "y": 787954.26, "distance": 8150.0, "angle": 347.65922674495164 }, "geometry": { "type": "Point", "coordinates": [ 536725.250175380264409, 788425.456320693832822 ] } },
{ "type": "Feature", "properties": { "Layer": "ABEOKUTA_SPECIAL_PRIME", "Linetype": null, "EntityHand": "239", "Text": "S", "AREA_DEL": "SPECIAL_PRIME", "polygon": null, "x": 538156.501, "y": 787954.26, "distance": 8155.0, "angle": 347.65922674495164 }, "geometry": { "type": "Point", "coordinates": [ 536724.181547256070189, 788430.340789337642491 ] } },
{ "type": "Feature", "properties": { "Layer": "ABEOKUTA_SPECIAL_PRIME", "Linetype": null, "EntityHand": "239", "Text": "S", "AREA_DEL": "SPECIAL_PRIME", "polygon": null, "x": 538156.501, "y": 787954.26, "distance": 8160.0, "angle": 347.65922674495164 }, "geometry": { "type": "Point", "coordinates": [ 536723.112919131992385, 788435.22525798145216 ] } },
{ "type": "Feature", "properties": { "Layer": "ABEOKUTA_SPECIAL_PRIME", "Linetype": null, "EntityHand": "239", "Text": "S", "AREA_DEL": "SPECIAL_PRIME", "polygon": null, "x": 538156.501, "y": 787954.26, "distance": 8165.0, "angle": 347.65922674495164 }, "geometry": { "type": "Point", "coordinates": [ 536722.04429100791458, 788440.109726625261828 ] } },
{ "type": "Feature", "properties": { "Layer": "ABEOKUTA_SPECIAL_PRIME", "Linetype": null, "EntityHand": "239", "Text": "S", "AREA_DEL": "SPECIAL_PRIME", "polygon": null, "x": 538156.501, "y": 787954.26, "distance": 8170.0, "angle": 347.65922674495164 }, "geometry": { "type": "Point", "coordinates": [ 536720.975662883836776, 788444.994195269071497 ] } },
{ "type": "Feature", "properties": { "Layer": "ABEOKUTA_SPECIAL_PRIME", "Linetype": null, "EntityHand": "239", "Text": "S", "AREA_DEL": "SPECIAL_PRIME", "polygon": null, "x": 538156.501, "y": 787954.26, "distance": 8175.0, "angle": 347.65922674495164 }, "geometry": { "type": "Point", "coordinates": [ 536719.907034759642556, 788449.878663912881166 ] } },
{ "type": "Feature", "properties": { "Layer": "ABEOKUTA_SPECIAL_PRIME", "Linetype": null, "EntityHand": "239", "Text": "S", "AREA_DEL": "SPECIAL_PRIME", "polygon": null, "x": 538156.501, "y": 787954.26, "distance": 8180.0, "angle": 347.65922674495164 }, "geometry": { "type": "Point", "coordinates": [ 536718.838406635564752, 788454.763132556690834 ] } },
{ "type": "Feature", "properties": { "Layer": "ABEOKUTA_SPECIAL_PRIME", "Linetype": null, "EntityHand": "239", "Text": "S", "AREA_DEL": "SPECIAL_PRIME", "polygon": null, "x": 538156.501, "y": 787954.26, "distance": 8185.0, "angle": 347.65922674495164 }, "geometry": { "type": "Point", "coordinates": [ 536717.769778511486948, 788459.647601200500503 ] } },
{ "type": "Feature", "properties": { "Layer": "ABEOKUTA_SPECIAL_PRIME", "Linetype": null, "EntityHand": "239", "Text": "S", "AREA_DEL": "SPECIAL_PRIME", "polygon": null, "x": 538156.501, "y": 787954.26, "distance": 8190.0, "angle": 347.65922674495164 }, "geometry": { "type": "Point", "coordinates": [ 536716.701150387409143, 788464.532069844310172 ] } },
{ "type": "Feature", "properties": { "Layer": "ABEOKUTA_SPECIAL_PRIME", "Linetype": null, "EntityHand": "239", "Text": "S", "AREA_DEL": "SPECIAL_PRIME", "polygon": null, "x": 538156.501, "y": 787954.26, "distance": 8195.0, "angle": 347.65922674495164 }, "geometry": { "type": "Point", "coordinates": [ 536715.632522263214923, 788469.416538488119841 ] } },
{ "type": "Feature", "properties": { "Layer": "ABEOKUTA_SPECIAL_PRIME", "Linetype": null, "EntityHand": "239", "Text": "S", "AREA_DEL": "SPECIAL_PRIME", "polygon": null, "x": 538156.501, "y": 787954.26, "distance": 8200.0, "angle": 347.65922674495164 }, "geometry": { "type": "Point", "coordinates": [ 536714.563894139137119, 788474.301007131929509 ] } },
{ "type": "Feature", "properties": { "Layer": "ABEOKUTA_SPECIAL_PRIME", "Linetype": null, "EntityHand": "239", "Text": "S", "AREA_DEL": "SPECIAL_PRIME", "polygon": null, "x": 538156.501, "y": 787954.26, "distance": 8205.0, "angle": 347.65922674495164 }, "geometry": { "type": "Point", "coordinates": [ 536713.495266015059315, 788479.185475775739178 ] } },
{ "type": "Feature", "properties": { "Layer": "ABEOKUTA_SPECIAL_PRIME", "Linetype": null, "EntityHand": "239", "Text": "S", "AREA_DEL": "SPECIAL_PRIME", "polygon": null, "x": 538156.501, "y": 787954.26, "distance": 8210.0, "angle": 347.65922674495164 }, "geometry": { "type": "Point", "coordinates": [ 536712.42663789098151, 788484.069944419548847 ] } },
{ "type": "Feature", "properties": { "Layer": "ABEOKUTA_SPECIAL_PRIME", "Linetype": null, "EntityHand": "239", "Text": "S", "AREA_DEL": "SPECIAL_PRIME", "polygon": null, "x": 538156.501, "y": 787954.26, "distance": 8215.0, "angle": 347.65922674495164 }, "geometry": { "type": "Point", "coordinates": [ 536711.358009766787291, 788488.954413063358516 ] } },
{ "type": "Feature", "properties": { "Layer": "ABEOKUTA_SPECIAL_PRIME", "Linetype": null, "EntityHand": "239", "Text": "S", "AREA_DEL": "SPECIAL_PRIME", "polygon": null, "x": 538156.501, "y": 787954.26, "distance": 8220.0, "angle": 347.65922674495164 }, "geometry": { "type": "Point", "coordinates": [ 536710.289381642709486, 788493.838881707168184 ] } },
{ "type": "Feature", "properties": { "Layer": "ABEOKUTA_SPECIAL_PRIME", "Linetype": null, "EntityHand": "239", "Text": "S", "AREA_DEL": "SPECIAL_PRIME", "polygon": null, "x": 538156.501, "y": 787954.26, "distance": 8225.0, "angle": 347.65922674495164 }, "geometry": { "type": "Point", "coordinates": [ 536709.220753518631682, 788498.723350350977853 ] } },
{ "type": "Feature", "properties": { "Layer": "ABEOKUTA_SPECIAL_PRIME", "Linetype": null, "EntityHand": "239", "Text": "S", "AREA_DEL": "SPECIAL_PRIME", "polygon": null, "x": 538156.501, "y": 787954.26, "distance": 8230.0, "angle": 347.65922674495164 }, "geometry": { "type": "Point", "coordinates": [ 536708.152125394553877, 788503.607818994787522 ] } },
{ "type": "Feature", "properties": { "Layer": "ABEOKUTA_SPECIAL_PRIME", "Linetype": null, "EntityHand": "239", "Text": "S", "AREA_DEL": "SPECIAL_PRIME", "polygon": null, "x": 538156.501, "y": 787954.26, "distance": 8235.0, "angle": 347.65922674495164 }, "geometry": { "type": "Point", "coordinates": [ 536707.083497270359658, 788508.49228763859719 ] } },
{ "type": "Feature", "properties": { "Layer": "ABEOKUTA_SPECIAL_PRIME", "Linetype": null, "EntityHand": "239", "Text": "S", "AREA_DEL": "SPECIAL_PRIME", "polygon": null, "x": 538156.501, "y": 787954.26, "distance": 8240.0, "angle": 347.65922674495164 }, "geometry": { "type": "Point", "coordinates": [ 536706.014869146281853, 788513.376756282406859 ] } },
{ "type": "Feature", "properties": { "Layer": "ABEOKUTA_SPECIAL_PRIME", "Linetype": null, "EntityHand": "239", "Text": "S", "AREA_DEL": "SPECIAL_PRIME", "polygon": null, "x": 538156.501, "y": 787954.26, "distance": 8245.0, "angle": 347.65922674495164 }, "geometry": { "type": "Point", "coordinates": [ 536704.946241022204049, 788518.261224926216528 ] } },
{ "type": "Feature", "properties": { "Layer": "ABEOKUTA_SPECIAL_PRIME", "Linetype": null, "EntityHand": "239", "Text": "S", "AREA_DEL": "SPECIAL_PRIME", "polygon": null, "x": 538156.501, "y": 787954.26, "distance": 8250.0, "angle": 347.65922674495164 }, "geometry": { "type": "Point", "coordinates": [ 536703.877612898126245, 788523.145693570026197 ] } },
{ "type": "Feature", "properties": { "Layer": "ABEOKUTA_SPECIAL_PRIME", "Linetype": null, "EntityHand": "239", "Text": "S", "AREA_DEL": "SPECIAL_PRIME", "polygon": null, "x": 538156.501, "y": 787954.26, "distance": 8255.0, "angle": 347.65922674495164 }, "geometry": { "type": "Point", "coordinates": [ 536702.808984773932025, 788528.030162213835865 ] } },
{ "type": "Feature", "properties": { "Layer": "ABEOKUTA_SPECIAL_PRIME", "Linetype": null, "EntityHand": "239", "Text": "S", "AREA_DEL": "SPECIAL_PRIME", "polygon": null, "x": 538156.501, "y": 787954.26, "distance": 8260.0, "angle": 347.65922674495164 }, "geometry": { "type": "Point", "coordinates": [ 536701.74035664985422, 788532.914630857645534 ] } },
{ "type": "Feature", "properties": { "Layer": "ABEOKUTA_SPECIAL_PRIME", "Linetype": null, "EntityHand": "239", "Text": "S", "AREA_DEL": "SPECIAL_PRIME", "polygon": null, "x": 538156.501, "y": 787954.26, "distance": 8265.0, "angle": 347.65922674495164 }, "geometry": { "type": "Point", "coordinates": [ 536700.671728525776416, 788537.799099501455203 ] } },
{ "type": "Feature", "properties": { "Layer": "ABEOKUTA_SPECIAL_PRIME", "Linetype": null, "EntityHand": "239", "Text": "S", "AREA_DEL": "SPECIAL_PRIME", "polygon": null, "x": 538156.501, "y": 787954.26, "distance": 8270.0, "angle": 347.65922674495164 }, "geometry": { "type": "Point", "coordinates": [ 536699.603100401698612, 788542.683568145264871 ] } },
{ "type": "Feature", "properties": { "Layer": "ABEOKUTA_SPECIAL_PRIME", "Linetype": null, "EntityHand": "239", "Text": "S", "AREA_DEL": "SPECIAL_PRIME", "polygon": null, "x": 538156.501, "y": 787954.26, "distance": 8275.0, "angle": 10.184260652107628 }, "geometry": { "type": "Point", "coordinates": [ 536700.410242361249402, 788547.603341304231435 ] } },
{ "type": "Feature", "properties": { "Layer": "ABEOKUTA_SPECIAL_PRIME", "Linetype": null, "EntityHand": "239", "Text": "S", "AREA_DEL": "SPECIAL_PRIME", "polygon": null, "x": 538156.501, "y": 787954.26, "distance": 8280.0, "angle": 10.184260652107628 }, "geometry": { "type": "Point", "coordinates": [ 536701.294314219849184, 788552.524562387377955 ] } },
{ "type": "Feature", "properties": { "Layer": "ABEOKUTA_SPECIAL_PRIME", "Linetype": null, "EntityHand": "239", "Text": "S", "AREA_DEL": "SPECIAL_PRIME", "polygon": null, "x": 538156.501, "y": 787954.26, "distance": 8285.0, "angle": 10.184260652107628 }, "geometry": { "type": "Point", "coordinates": [ 536702.178386078448966, 788557.44578347040806 ] } },
{ "type": "Feature", "properties": { "Layer": "ABEOKUTA_SPECIAL_PRIME", "Linetype": null, "EntityHand": "239", "Text": "S", "AREA_DEL": "SPECIAL_PRIME", "polygon": null, "x": 538156.501, "y": 787954.26, "distance": 8290.0, "angle": 10.184260652107628 }, "geometry": { "type": "Point", "coordinates": [ 536703.062457937048748, 788562.36700455355458 ] } },
{ "type": "Feature", "properties": { "Layer": "ABEOKUTA_SPECIAL_PRIME", "Linetype": null, "EntityHand": "239", "Text": "S", "AREA_DEL": "SPECIAL_PRIME", "polygon": null, "x": 538156.501, "y": 787954.26, "distance": 8295.0, "angle": 10.184260652107628 }, "geometry": { "type": "Point", "coordinates": [ 536703.94652979564853, 788567.2882256367011 ] } },
{ "type": "Feature", "properties": { "Layer": "ABEOKUTA_SPECIAL_PRIME", "Linetype": null, "EntityHand": "239", "Text": "S", "AREA_DEL": "SPECIAL_PRIME", "polygon": null, "x": 538156.501, "y": 787954.26, "distance": 8300.0, "angle": 10.184260652107628 }, "geometry": { "type": "Point", "coordinates": [ 536704.830601654248312, 788572.209446719731204 ] } },
{ "type": "Feature", "properties": { "Layer": "ABEOKUTA_SPECIAL_PRIME", "Linetype": null, "EntityHand": "239", "Text": "S", "AREA_DEL": "SPECIAL_PRIME", "polygon": null, "x": 538156.501, "y": 787954.26, "distance": 8305.0, "angle": 10.184260652107628 }, "geometry": { "type": "Point", "coordinates": [ 536705.714673512848094, 788577.130667802877724 ] } },
{ "type": "Feature", "properties": { "Layer": "ABEOKUTA_SPECIAL_PRIME", "Linetype": null, "EntityHand": "239", "Text": "S", "AREA_DEL": "SPECIAL_PRIME", "polygon": null, "x": 538156.501, "y": 787954.26, "distance": 8310.0, "angle": 10.184260652107628 }, "geometry": { "type": "Point", "coordinates": [ 536706.598745371447876, 788582.051888886024244 ] } },
{ "type": "Feature", "properties": { "Layer": "ABEOKUTA_SPECIAL_PRIME", "Linetype": null, "EntityHand": "239", "Text": "S", "AREA_DEL": "SPECIAL_PRIME", "polygon": null, "x": 538156.501, "y": 787954.26, "distance": 8315.0, "angle": 10.184260652107628 }, "geometry": { "type": "Point", "coordinates": [ 536707.482817230047658, 788586.973109969054349 ] } },
{ "type": "Feature", "properties": { "Layer": "ABEOKUTA_SPECIAL_PRIME", "Linetype": null, "EntityHand": "239", "Text": "S", "AREA_DEL": "SPECIAL_PRIME", "polygon": null, "x": 538156.501, "y": 787954.26, "distance": 8320.0, "angle": 10.184260652107628 }, "geometry": { "type": "Point", "coordinates": [ 536708.36688908864744, 788591.894331052200869 ] } },
{ "type": "Feature", "properties": { "Layer": "ABEOKUTA_SPECIAL_PRIME", "Linetype": null, "EntityHand": "239", "Text": "S", "AREA_DEL": "SPECIAL_PRIME", "polygon": null, "x": 538156.501, "y": 787954.26, "distance": 8325.0, "angle": 10.184260652107628 }, "geometry": { "type": "Point", "coordinates": [ 536709.250960947247222, 788596.815552135347389 ] } },
{ "type": "Feature", "properties": { "Layer": "ABEOKUTA_SPECIAL_PRIME", "Linetype": null, "EntityHand": "239", "Text": "S", "AREA_DEL": "SPECIAL_PRIME", "polygon": null, "x": 538156.501, "y": 787954.26, "distance": 8330.0, "angle": 10.184260652107628 }, "geometry": { "type": "Point", "coordinates": [ 536710.135032805847004, 788601.736773218377493 ] } },
{ "type": "Feature", "properties": { "Layer": "ABEOKUTA_SPECIAL_PRIME", "Linetype": null, "EntityHand": "239", "Text": "S", "AREA_DEL": "SPECIAL_PRIME", "polygon": null, "x": 538156.501, "y": 787954.26, "distance": 8335.0, "angle": 10.184260652107628 }, "geometry": { "type": "Point", "coordinates": [ 536711.019104664446786, 788606.657994301524013 ] } },
{ "type": "Feature", "properties": { "Layer": "ABEOKUTA_SPECIAL_PRIME", "Linetype": null, "EntityHand": "239", "Text": "S", "AREA_DEL": "SPECIAL_PRIME", "polygon": null, "x": 538156.501, "y": 787954.26, "distance": 8340.0, "angle": 10.184260652107628 }, "geometry": { "type": "Point", "coordinates": [ 536711.903176523046568, 788611.579215384670533 ] } },
{ "type": "Feature", "properties": { "Layer": "ABEOKUTA_SPECIAL_PRIME", "Linetype": null, "EntityHand": "239", "Text": "S", "AREA_DEL": "SPECIAL_PRIME", "polygon": null, "x": 538156.501, "y": 787954.26, "distance": 8345.0, "angle": 10.184260652107628 }, "geometry": { "type": "Point", "coordinates": [ 536712.78724838164635, 788616.500436467700638 ] } },
{ "type": "Feature", "properties": { "Layer": "ABEOKUTA_SPECIAL_PRIME", "Linetype": null, "EntityHand": "239", "Text": "S", "AREA_DEL": "SPECIAL_PRIME", "polygon": null, "x": 538156.501, "y": 787954.26, "distance": 8350.0, "angle": 10.184260652107628 }, "geometry": { "type": "Point", "coordinates": [ 536713.671320240246132, 788621.421657550847158 ] } },
{ "type": "Feature", "properties": { "Layer": "ABEOKUTA_SPECIAL_PRIME", "Linetype": null, "EntityHand": "239", "Text": "S", "AREA_DEL": "SPECIAL_PRIME", "polygon": null, "x": 538156.501, "y": 787954.26, "distance": 8355.0, "angle": 10.184260652107628 }, "geometry": { "type": "Point", "coordinates": [ 536714.555392098845914, 788626.342878633993678 ] } },
{ "type": "Feature", "properties": { "Layer": "ABEOKUTA_SPECIAL_PRIME", "Linetype": null, "EntityHand": "239", "Text": "S", "AREA_DEL": "SPECIAL_PRIME", "polygon": null, "x": 538156.501, "y": 787954.26, "distance": 8360.0, "angle": 46.007166265087264 }, "geometry": { "type": "Point", "coordinates": [ 536715.83369732031133, 788631.05363660689909 ] } },
{ "type": "Feature", "properties": { "Layer": "ABEOKUTA_SPECIAL_PRIME", "Linetype": null, "EntityHand": "239", "Text": "S", "AREA_DEL": "SPECIAL_PRIME", "polygon": null, "x": 538156.501, "y": 787954.26, "distance": 8365.0, "angle": 46.007166265087264 }, "geometry": { "type": "Point", "coordinates": [ 536719.430830715573393, 788634.526478575193323 ] } },
{ "type": "Feature", "properties": { "Layer": "ABEOKUTA_SPECIAL_PRIME", "Linetype": null, "EntityHand": "239", "Text": "S", "AREA_DEL": "SPECIAL_PRIME", "polygon": null, "x": 538156.501, "y": 787954.26, "distance": 8370.0, "angle": 46.007166265087264 }, "geometry": { "type": "Point", "coordinates": [ 536723.027964110835455, 788637.999320543487556 ] } },
{ "type": "Feature", "properties": { "Layer": "ABEOKUTA_SPECIAL_PRIME", "Linetype": null, "EntityHand": "239", "Text": "S", "AREA_DEL": "SPECIAL_PRIME", "polygon": null, "x": 538156.501, "y": 787954.26, "distance": 8375.0, "angle": 46.007166265087264 }, "geometry": { "type": "Point", "coordinates": [ 536726.625097506097518, 788641.472162511781789 ] } },
{ "type": "Feature", "properties": { "Layer": "ABEOKUTA_SPECIAL_PRIME", "Linetype": null, "EntityHand": "239", "Text": "S", "AREA_DEL": "SPECIAL_PRIME", "polygon": null, "x": 538156.501, "y": 787954.26, "distance": 8380.0, "angle": 46.007166265087264 }, "geometry": { "type": "Point", "coordinates": [ 536730.22223090135958, 788644.945004480076022 ] } },
{ "type": "Feature", "properties": { "Layer": "ABEOKUTA_SPECIAL_PRIME", "Linetype": null, "EntityHand": "239", "Text": "S", "AREA_DEL": "SPECIAL_PRIME", "polygon": null, "x": 538156.501, "y": 787954.26, "distance": 8385.0, "angle": 46.007166265087264 }, "geometry": { "type": "Point", "coordinates": [ 536733.819364296621643, 788648.417846448370256 ] } },
{ "type": "Feature", "properties": { "Layer": "ABEOKUTA_SPECIAL_PRIME", "Linetype": null, "EntityHand": "239", "Text": "S", "AREA_DEL": "SPECIAL_PRIME", "polygon": null, "x": 538156.501, "y": 787954.26, "distance": 8390.0, "angle": 46.007166265087264 }, "geometry": { "type": "Point", "coordinates": [ 536737.416497691883706, 788651.890688416664489 ] } },
{ "type": "Feature", "properties": { "Layer": "ABEOKUTA_SPECIAL_PRIME", "Linetype": null, "EntityHand": "239", "Text": "S", "AREA_DEL": "SPECIAL_PRIME", "polygon": null, "x": 538156.501, "y": 787954.26, "distance": 8395.0, "angle": 46.007166265087264 }, "geometry": { "type": "Point", "coordinates": [ 536741.013631087145768, 788655.363530384842306 ] } },
{ "type": "Feature", "properties": { "Layer": "ABEOKUTA_SPECIAL_PRIME", "Linetype": null, "EntityHand": "239", "Text": "S", "AREA_DEL": "SPECIAL_PRIME", "polygon": null, "x": 538156.501, "y": 787954.26, "distance": 8400.0, "angle": 46.007166265087264 }, "geometry": { "type": "Point", "coordinates": [ 536744.610764482407831, 788658.836372353136539 ] } },
{ "type": "Feature", "properties": { "Layer": "ABEOKUTA_SPECIAL_PRIME", "Linetype": null, "EntityHand": "239", "Text": "S", "AREA_DEL": "SPECIAL_PRIME", "polygon": null, "x": 538156.501, "y": 787954.26, "distance": 8405.0, "angle": 39.104953124977811 }, "geometry": { "type": "Point", "coordinates": [ 536748.030648087733425, 788662.47195316106081 ] } },
{ "type": "Feature", "properties": { "Layer": "ABEOKUTA_SPECIAL_PRIME", "Linetype": null, "EntityHand": "239", "Text": "S", "AREA_DEL": "SPECIAL_PRIME", "polygon": null, "x": 538156.501, "y": 787954.26, "distance": 8410.0, "angle": 39.104953124977811 }, "geometry": { "type": "Point", "coordinates": [ 536751.184362552710809, 788666.351912577520125 ] } },
{ "type": "Feature", "properties": { "Layer": "ABEOKUTA_SPECIAL_PRIME", "Linetype": null, "EntityHand": "239", "Text": "S", "AREA_DEL": "SPECIAL_PRIME", "polygon": null, "x": 538156.501, "y": 787954.26, "distance": 8415.0, "angle": 39.104953124977811 }, "geometry": { "type": "Point", "coordinates": [ 536754.338077017688192, 788670.231871993979439 ] } },
{ "type": "Feature", "properties": { "Layer": "ABEOKUTA_SPECIAL_PRIME", "Linetype": null, "EntityHand": "239", "Text": "S", "AREA_DEL": "SPECIAL_PRIME", "polygon": null, "x": 538156.501, "y": 787954.26, "distance": 8420.0, "angle": 39.104953124977811 }, "geometry": { "type": "Point", "coordinates": [ 536757.491791482665576, 788674.111831410438754 ] } },
{ "type": "Feature", "properties": { "Layer": "ABEOKUTA_SPECIAL_PRIME", "Linetype": null, "EntityHand": "239", "Text": "S", "AREA_DEL": "SPECIAL_PRIME", "polygon": null, "x": 538156.501, "y": 787954.26, "distance": 8425.0, "angle": 39.104953124977811 }, "geometry": { "type": "Point", "coordinates": [ 536760.64550594764296, 788677.991790826898068 ] } },
{ "type": "Feature", "properties": { "Layer": "ABEOKUTA_SPECIAL_PRIME", "Linetype": null, "EntityHand": "239", "Text": "S", "AREA_DEL": "SPECIAL_PRIME", "polygon": null, "x": 538156.501, "y": 787954.26, "distance": 8430.0, "angle": 43.717053276825212 }, "geometry": { "type": "Point", "coordinates": [ 536763.826034206780605, 788681.848101550596766 ] } },
{ "type": "Feature", "properties": { "Layer": "ABEOKUTA_SPECIAL_PRIME", "Linetype": null, "EntityHand": "239", "Text": "S", "AREA_DEL": "SPECIAL_PRIME", "polygon": null, "x": 538156.501, "y": 787954.26, "distance": 8435.0, "angle": 43.717053276825212 }, "geometry": { "type": "Point", "coordinates": [ 536767.28152201382909, 788685.461908963276073 ] } },
{ "type": "Feature", "properties": { "Layer": "ABEOKUTA_SPECIAL_PRIME", "Linetype": null, "EntityHand": "239", "Text": "S", "AREA_DEL": "SPECIAL_PRIME", "polygon": null, "x": 538156.501, "y": 787954.26, "distance": 8440.0, "angle": 43.717053276825212 }, "geometry": { "type": "Point", "coordinates": [ 536770.737009820761159, 788689.07571637595538 ] } },
{ "type": "Feature", "properties": { "Layer": "ABEOKUTA_SPECIAL_PRIME", "Linetype": null, "EntityHand": "239", "Text": "S", "AREA_DEL": "SPECIAL_PRIME", "polygon": null, "x": 538156.501, "y": 787954.26, "distance": 8445.0, "angle": 43.717053276825212 }, "geometry": { "type": "Point", "coordinates": [ 536774.192497627809644, 788692.689523788518272 ] } },
{ "type": "Feature", "properties": { "Layer": "ABEOKUTA_SPECIAL_PRIME", "Linetype": null, "EntityHand": "239", "Text": "S", "AREA_DEL": "SPECIAL_PRIME", "polygon": null, "x": 538156.501, "y": 787954.26, "distance": 8450.0, "angle": 43.717053276825212 }, "geometry": { "type": "Point", "coordinates": [ 536777.647985434741713, 788696.30333120119758 ] } },
{ "type": "Feature", "properties": { "Layer": "ABEOKUTA_SPECIAL_PRIME", "Linetype": null, "EntityHand": "239", "Text": "S", "AREA_DEL": "SPECIAL_PRIME", "polygon": null, "x": 538156.501, "y": 787954.26, "distance": 8455.0, "angle": 43.717053276825212 }, "geometry": { "type": "Point", "coordinates": [ 536781.103473241790198, 788699.917138613876887 ] } },
{ "type": "Feature", "properties": { "Layer": "ABEOKUTA_SPECIAL_PRIME", "Linetype": null, "EntityHand": "239", "Text": "S", "AREA_DEL": "SPECIAL_PRIME", "polygon": null, "x": 538156.501, "y": 787954.26, "distance": 8460.0, "angle": 43.717053276825212 }, "geometry": { "type": "Point", "coordinates": [ 536784.558961048722267, 788703.530946026556194 ] } },
{ "type": "Feature", "properties": { "Layer": "ABEOKUTA_SPECIAL_PRIME", "Linetype": null, "EntityHand": "239", "Text": "S", "AREA_DEL": "SPECIAL_PRIME", "polygon": null, "x": 538156.501, "y": 787954.26, "distance": 8465.0, "angle": 43.717053276825212 }, "geometry": { "type": "Point", "coordinates": [ 536788.014448855654337, 788707.144753439235501 ] } },
{ "type": "Feature", "properties": { "Layer": "ABEOKUTA_SPECIAL_PRIME", "Linetype": null, "EntityHand": "239", "Text": "S", "AREA_DEL": "SPECIAL_PRIME", "polygon": null, "x": 538156.501, "y": 787954.26, "distance": 8470.0, "angle": 43.717053276825212 }, "geometry": { "type": "Point", "coordinates": [ 536791.469936662702821, 788710.758560851798393 ] } },
{ "type": "Feature", "properties": { "Layer": "ABEOKUTA_SPECIAL_PRIME", "Linetype": null, "EntityHand": "239", "Text": "S", "AREA_DEL": "SPECIAL_PRIME", "polygon": null, "x": 538156.501, "y": 787954.26, "distance": 8475.0, "angle": 43.717053276825212 }, "geometry": { "type": "Point", "coordinates": [ 536794.925424469634891, 788714.3723682644777 ] } },
{ "type": "Feature", "properties": { "Layer": "ABEOKUTA_SPECIAL_PRIME", "Linetype": null, "EntityHand": "239", "Text": "S", "AREA_DEL": "SPECIAL_PRIME", "polygon": null, "x": 538156.501, "y": 787954.26, "distance": 8480.0, "angle": 43.717053276825212 }, "geometry": { "type": "Point", "coordinates": [ 536798.380912276683375, 788717.986175677157007 ] } },
{ "type": "Feature", "properties": { "Layer": "ABEOKUTA_SPECIAL_PRIME", "Linetype": null, "EntityHand": "239", "Text": "S", "AREA_DEL": "SPECIAL_PRIME", "polygon": null, "x": 538156.501, "y": 787954.26, "distance": 8485.0, "angle": 43.717053276825212 }, "geometry": { "type": "Point", "coordinates": [ 536801.836400083615445, 788721.599983089836314 ] } },
{ "type": "Feature", "properties": { "Layer": "ABEOKUTA_SPECIAL_PRIME", "Linetype": null, "EntityHand": "239", "Text": "S", "AREA_DEL": "SPECIAL_PRIME", "polygon": null, "x": 538156.501, "y": 787954.26, "distance": 8490.0, "angle": 43.717053276825212 }, "geometry": { "type": "Point", "coordinates": [ 536805.291887890663929, 788725.213790502515621 ] } },
{ "type": "Feature", "properties": { "Layer": "ABEOKUTA_SPECIAL_PRIME", "Linetype": null, "EntityHand": "239", "Text": "S", "AREA_DEL": "SPECIAL_PRIME", "polygon": null, "x": 538156.501, "y": 787954.26, "distance": 8495.0, "angle": 43.717053276825212 }, "geometry": { "type": "Point", "coordinates": [ 536808.747375697595999, 788728.827597915078513 ] } },
{ "type": "Feature", "properties": { "Layer": "ABEOKUTA_SPECIAL_PRIME", "Linetype": null, "EntityHand": "239", "Text": "S", "AREA_DEL": "SPECIAL_PRIME", "polygon": null, "x": 538156.501, "y": 787954.26, "distance": 8500.0, "angle": 43.717053276825212 }, "geometry": { "type": "Point", "coordinates": [ 536812.202863504644483, 788732.44140532775782 ] } },
{ "type": "Feature", "properties": { "Layer": "ABEOKUTA_SPECIAL_PRIME", "Linetype": null, "EntityHand": "239", "Text": "S", "AREA_DEL": "SPECIAL_PRIME", "polygon": null, "x": 538156.501, "y": 787954.26, "distance": 8505.0, "angle": 43.717053276825212 }, "geometry": { "type": "Point", "coordinates": [ 536815.658351311576553, 788736.055212740437128 ] } },
{ "type": "Feature", "properties": { "Layer": "ABEOKUTA_SPECIAL_PRIME", "Linetype": null, "EntityHand": "239", "Text": "S", "AREA_DEL": "SPECIAL_PRIME", "polygon": null, "x": 538156.501, "y": 787954.26, "distance": 8510.0, "angle": 43.717053276825212 }, "geometry": { "type": "Point", "coordinates": [ 536819.113839118625037, 788739.669020153116435 ] } },
{ "type": "Feature", "properties": { "Layer": "ABEOKUTA_SPECIAL_PRIME", "Linetype": null, "EntityHand": "239", "Text": "S", "AREA_DEL": "SPECIAL_PRIME", "polygon": null, "x": 538156.501, "y": 787954.26, "distance": 8515.0, "angle": 43.717053276825212 }, "geometry": { "type": "Point", "coordinates": [ 536822.569326925557107, 788743.282827565679327 ] } },
{ "type": "Feature", "properties": { "Layer": "ABEOKUTA_SPECIAL_PRIME", "Linetype": null, "EntityHand": "239", "Text": "S", "AREA_DEL": "SPECIAL_PRIME", "polygon": null, "x": 538156.501, "y": 787954.26, "distance": 8520.0, "angle": 43.717053276825212 }, "geometry": { "type": "Point", "coordinates": [ 536826.024814732605591, 788746.896634978358634 ] } },
{ "type": "Feature", "properties": { "Layer": "ABEOKUTA_SPECIAL_PRIME", "Linetype": null, "EntityHand": "239", "Text": "S", "AREA_DEL": "SPECIAL_PRIME", "polygon": null, "x": 538156.501, "y": 787954.26, "distance": 8525.0, "angle": 43.717053276825212 }, "geometry": { "type": "Point", "coordinates": [ 536829.480302539537661, 788750.510442391037941 ] } },
{ "type": "Feature", "properties": { "Layer": "ABEOKUTA_SPECIAL_PRIME", "Linetype": null, "EntityHand": "239", "Text": "S", "AREA_DEL": "SPECIAL_PRIME", "polygon": null, "x": 538156.501, "y": 787954.26, "distance": 8530.0, "angle": 43.717053276825212 }, "geometry": { "type": "Point", "coordinates": [ 536832.935790346586145, 788754.124249803717248 ] } },
{ "type": "Feature", "properties": { "Layer": "ABEOKUTA_SPECIAL_PRIME", "Linetype": null, "EntityHand": "239", "Text": "S", "AREA_DEL": "SPECIAL_PRIME", "polygon": null, "x": 538156.501, "y": 787954.26, "distance": 8535.0, "angle": 43.717053276825212 }, "geometry": { "type": "Point", "coordinates": [ 536836.391278153518215, 788757.738057216396555 ] } },
{ "type": "Feature", "properties": { "Layer": "ABEOKUTA_SPECIAL_PRIME", "Linetype": null, "EntityHand": "239", "Text": "S", "AREA_DEL": "SPECIAL_PRIME", "polygon": null, "x": 538156.501, "y": 787954.26, "distance": 8540.0, "angle": 43.717053276825212 }, "geometry": { "type": "Point", "coordinates": [ 536839.8467659605667, 788761.351864628959447 ] } },
{ "type": "Feature", "properties": { "Layer": "ABEOKUTA_SPECIAL_PRIME", "Linetype": null, "EntityHand": "239", "Text": "S", "AREA_DEL": "SPECIAL_PRIME", "polygon": null, "x": 538156.501, "y": 787954.26, "distance": 8545.0, "angle": 38.234049933003334 }, "geometry": { "type": "Point", "coordinates": [ 536843.080052377656102, 788765.158662362839095 ] } },
{ "type": "Feature", "properties": { "Layer": "ABEOKUTA_SPECIAL_PRIME", "Linetype": null, "EntityHand": "239", "Text": "S", "AREA_DEL": "SPECIAL_PRIME", "polygon": null, "x": 538156.501, "y": 787954.26, "distance": 8550.0, "angle": 38.234049933003334 }, "geometry": { "type": "Point", "coordinates": [ 536846.174428917001933, 788769.086108585586771 ] } },
{ "type": "Feature", "properties": { "Layer": "ABEOKUTA_SPECIAL_PRIME", "Linetype": null, "EntityHand": "239", "Text": "S", "AREA_DEL": "SPECIAL_PRIME", "polygon": null, "x": 538156.501, "y": 787954.26, "distance": 8555.0, "angle": 38.234049933003334 }, "geometry": { "type": "Point", "coordinates": [ 536849.268805456347764, 788773.013554808334447 ] } },
{ "type": "Feature", "properties": { "Layer": "ABEOKUTA_SPECIAL_PRIME", "Linetype": null, "EntityHand": "239", "Text": "S", "AREA_DEL": "SPECIAL_PRIME", "polygon": null, "x": 538156.501, "y": 787954.26, "distance": 8560.0, "angle": 38.234049933003334 }, "geometry": { "type": "Point", "coordinates": [ 536852.363181995693594, 788776.941001031198539 ] } },
{ "type": "Feature", "properties": { "Layer": "ABEOKUTA_SPECIAL_PRIME", "Linetype": null, "EntityHand": "239", "Text": "S", "AREA_DEL": "SPECIAL_PRIME", "polygon": null, "x": 538156.501, "y": 787954.26, "distance": 8565.0, "angle": 38.234049933003334 }, "geometry": { "type": "Point", "coordinates": [ 536855.457558535039425, 788780.868447253946215 ] } },
{ "type": "Feature", "properties": { "Layer": "ABEOKUTA_SPECIAL_PRIME", "Linetype": null, "EntityHand": "239", "Text": "S", "AREA_DEL": "SPECIAL_PRIME", "polygon": null, "x": 538156.501, "y": 787954.26, "distance": 8570.0, "angle": 38.234049933003334 }, "geometry": { "type": "Point", "coordinates": [ 536858.55193507426884, 788784.795893476693891 ] } },
{ "type": "Feature", "properties": { "Layer": "ABEOKUTA_SPECIAL_PRIME", "Linetype": null, "EntityHand": "239", "Text": "S", "AREA_DEL": "SPECIAL_PRIME", "polygon": null, "x": 538156.501, "y": 787954.26, "distance": 8575.0, "angle": 38.234049933003334 }, "geometry": { "type": "Point", "coordinates": [ 536861.646311613614671, 788788.723339699557982 ] } },
{ "type": "Feature", "properties": { "Layer": "ABEOKUTA_SPECIAL_PRIME", "Linetype": null, "EntityHand": "239", "Text": "S", "AREA_DEL": "SPECIAL_PRIME", "polygon": null, "x": 538156.501, "y": 787954.26, "distance": 8580.0, "angle": 38.234049933003334 }, "geometry": { "type": "Point", "coordinates": [ 536864.740688152960502, 788792.650785922305658 ] } },
{ "type": "Feature", "properties": { "Layer": "ABEOKUTA_SPECIAL_PRIME", "Linetype": null, "EntityHand": "239", "Text": "S", "AREA_DEL": "SPECIAL_PRIME", "polygon": null, "x": 538156.501, "y": 787954.26, "distance": 8585.0, "angle": 38.234049933003334 }, "geometry": { "type": "Point", "coordinates": [ 536867.835064692306332, 788796.578232145053335 ] } },
{ "type": "Feature", "properties": { "Layer": "ABEOKUTA_SPECIAL_PRIME", "Linetype": null, "EntityHand": "239", "Text": "S", "AREA_DEL": "SPECIAL_PRIME", "polygon": null, "x": 538156.501, "y": 787954.26, "distance": 8590.0, "angle": 38.234049933003334 }, "geometry": { "type": "Point", "coordinates": [ 536870.929441231652163, 788800.505678367801011 ] } },
{ "type": "Feature", "properties": { "Layer": "ABEOKUTA_SPECIAL_PRIME", "Linetype": null, "EntityHand": "239", "Text": "S", "AREA_DEL": "SPECIAL_PRIME", "polygon": null, "x": 538156.501, "y": 787954.26, "distance": 8595.0, "angle": 38.234049933003334 }, "geometry": { "type": "Point", "coordinates": [ 536874.023817770997994, 788804.433124590665102 ] } },
{ "type": "Feature", "properties": { "Layer": "ABEOKUTA_SPECIAL_PRIME", "Linetype": null, "EntityHand": "239", "Text": "S", "AREA_DEL": "SPECIAL_PRIME", "polygon": null, "x": 538156.501, "y": 787954.26, "distance": 8600.0, "angle": 38.234049933003334 }, "geometry": { "type": "Point", "coordinates": [ 536877.118194310343824, 788808.360570813412778 ] } },
{ "type": "Feature", "properties": { "Layer": "ABEOKUTA_SPECIAL_PRIME", "Linetype": null, "EntityHand": "239", "Text": "S", "AREA_DEL": "SPECIAL_PRIME", "polygon": null, "x": 538156.501, "y": 787954.26, "distance": 8605.0, "angle": 38.234049933003334 }, "geometry": { "type": "Point", "coordinates": [ 536880.212570849689655, 788812.288017036160454 ] } },
{ "type": "Feature", "properties": { "Layer": "ABEOKUTA_SPECIAL_PRIME", "Linetype": null, "EntityHand": "239", "Text": "S", "AREA_DEL": "SPECIAL_PRIME", "polygon": null, "x": 538156.501, "y": 787954.26, "distance": 8610.0, "angle": 38.234049933003334 }, "geometry": { "type": "Point", "coordinates": [ 536883.30694738891907, 788816.215463259024546 ] } },
{ "type": "Feature", "properties": { "Layer": "ABEOKUTA_SPECIAL_PRIME", "Linetype": null, "EntityHand": "239", "Text": "S", "AREA_DEL": "SPECIAL_PRIME", "polygon": null, "x": 538156.501, "y": 787954.26, "distance": 8615.0, "angle": 38.234049933003334 }, "geometry": { "type": "Point", "coordinates": [ 536886.401323928264901, 788820.142909481772222 ] } },
{ "type": "Feature", "properties": { "Layer": "ABEOKUTA_SPECIAL_PRIME", "Linetype": null, "EntityHand": "239", "Text": "S", "AREA_DEL": "SPECIAL_PRIME", "polygon": null, "x": 538156.501, "y": 787954.26, "distance": 8620.0, "angle": 38.234049933003334 }, "geometry": { "type": "Point", "coordinates": [ 536889.495700467610732, 788824.070355704519898 ] } },
{ "type": "Feature", "properties": { "Layer": "ABEOKUTA_SPECIAL_PRIME", "Linetype": null, "EntityHand": "239", "Text": "S", "AREA_DEL": "SPECIAL_PRIME", "polygon": null, "x": 538156.501, "y": 787954.26, "distance": 8625.0, "angle": 38.234049933003334 }, "geometry": { "type": "Point", "coordinates": [ 536892.590077006956562, 788827.997801927383989 ] } },
{ "type": "Feature", "properties": { "Layer": "ABEOKUTA_SPECIAL_PRIME", "Linetype": null, "EntityHand": "239", "Text": "S", "AREA_DEL": "SPECIAL_PRIME", "polygon": null, "x": 538156.501, "y": 787954.26, "distance": 8630.0, "angle": 38.234049933003334 }, "geometry": { "type": "Point", "coordinates": [ 536895.684453546302393, 788831.925248150131665 ] } },
{ "type": "Feature", "properties": { "Layer": "ABEOKUTA_SPECIAL_PRIME", "Linetype": null, "EntityHand": "239", "Text": "S", "AREA_DEL": "SPECIAL_PRIME", "polygon": null, "x": 538156.501, "y": 787954.26, "distance": 8635.0, "angle": 38.234049933003334 }, "geometry": { "type": "Point", "coordinates": [ 536898.778830085648224, 788835.852694372879341 ] } },
{ "type": "Feature", "properties": { "Layer": "ABEOKUTA_SPECIAL_PRIME", "Linetype": null, "EntityHand": "239", "Text": "S", "AREA_DEL": "SPECIAL_PRIME", "polygon": null, "x": 538156.501, "y": 787954.26, "distance": 8640.0, "angle": 38.234049933003334 }, "geometry": { "type": "Point", "coordinates": [ 536901.873206624994054, 788839.780140595627017 ] } },
{ "type": "Feature", "properties": { "Layer": "ABEOKUTA_SPECIAL_PRIME", "Linetype": null, "EntityHand": "239", "Text": "S", "AREA_DEL": "SPECIAL_PRIME", "polygon": null, "x": 538156.501, "y": 787954.26, "distance": 8645.0, "angle": 38.234049933003334 }, "geometry": { "type": "Point", "coordinates": [ 536904.967583164339885, 788843.707586818491109 ] } },
{ "type": "Feature", "properties": { "Layer": "ABEOKUTA_SPECIAL_PRIME", "Linetype": null, "EntityHand": "239", "Text": "S", "AREA_DEL": "SPECIAL_PRIME", "polygon": null, "x": 538156.501, "y": 787954.26, "distance": 8650.0, "angle": 38.234049933003334 }, "geometry": { "type": "Point", "coordinates": [ 536908.0619597035693, 788847.635033041238785 ] } },
{ "type": "Feature", "properties": { "Layer": "ABEOKUTA_SPECIAL_PRIME", "Linetype": null, "EntityHand": "239", "Text": "S", "AREA_DEL": "SPECIAL_PRIME", "polygon": null, "x": 538156.501, "y": 787954.26, "distance": 8655.0, "angle": 38.234049933003334 }, "geometry": { "type": "Point", "coordinates": [ 536911.156336242915131, 788851.562479263986461 ] } },
{ "type": "Feature", "properties": { "Layer": "ABEOKUTA_SPECIAL_PRIME", "Linetype": null, "EntityHand": "239", "Text": "S", "AREA_DEL": "SPECIAL_PRIME", "polygon": null, "x": 538156.501, "y": 787954.26, "distance": 8660.0, "angle": 38.234049933003334 }, "geometry": { "type": "Point", "coordinates": [ 536914.250712782260962, 788855.489925486850552 ] } },
{ "type": "Feature", "properties": { "Layer": "ABEOKUTA_SPECIAL_PRIME", "Linetype": null, "EntityHand": "239", "Text": "S", "AREA_DEL": "SPECIAL_PRIME", "polygon": null, "x": 538156.501, "y": 787954.26, "distance": 8665.0, "angle": 38.234049933003334 }, "geometry": { "type": "Point", "coordinates": [ 536917.345089321606793, 788859.417371709598228 ] } },
{ "type": "Feature", "properties": { "Layer": "ABEOKUTA_SPECIAL_PRIME", "Linetype": null, "EntityHand": "239", "Text": "S", "AREA_DEL": "SPECIAL_PRIME", "polygon": null, "x": 538156.501, "y": 787954.26, "distance": 8670.0, "angle": 50.674186511914023 }, "geometry": { "type": "Point", "coordinates": [ 536920.540056728990749, 788863.246125777601264 ] } },
{ "type": "Feature", "properties": { "Layer": "ABEOKUTA_SPECIAL_PRIME", "Linetype": null, "EntityHand": "239", "Text": "S", "AREA_DEL": "SPECIAL_PRIME", "polygon": null, "x": 538156.501, "y": 787954.26, "distance": 8675.0, "angle": 50.674186511914023 }, "geometry": { "type": "Point", "coordinates": [ 536924.407830598531291, 788866.41477301181294 ] } },
{ "type": "Feature", "properties": { "Layer": "ABEOKUTA_SPECIAL_PRIME", "Linetype": null, "EntityHand": "239", "Text": "S", "AREA_DEL": "SPECIAL_PRIME", "polygon": null, "x": 538156.501, "y": 787954.26, "distance": 8680.0, "angle": 50.674186511914023 }, "geometry": { "type": "Point", "coordinates": [ 536928.275604467955418, 788869.583420246024616 ] } },
{ "type": "Feature", "properties": { "Layer": "ABEOKUTA_SPECIAL_PRIME", "Linetype": null, "EntityHand": "239", "Text": "S", "AREA_DEL": "SPECIAL_PRIME", "polygon": null, "x": 538156.501, "y": 787954.26, "distance": 8685.0, "angle": 50.674186511914023 }, "geometry": { "type": "Point", "coordinates": [ 536932.143378337379545, 788872.752067480236292 ] } },
{ "type": "Feature", "properties": { "Layer": "ABEOKUTA_SPECIAL_PRIME", "Linetype": null, "EntityHand": "239", "Text": "S", "AREA_DEL": "SPECIAL_PRIME", "polygon": null, "x": 538156.501, "y": 787954.26, "distance": 8690.0, "angle": 50.674186511914023 }, "geometry": { "type": "Point", "coordinates": [ 536936.011152206803672, 788875.920714714447968 ] } },
{ "type": "Feature", "properties": { "Layer": "ABEOKUTA_SPECIAL_PRIME", "Linetype": null, "EntityHand": "239", "Text": "S", "AREA_DEL": "SPECIAL_PRIME", "polygon": null, "x": 538156.501, "y": 787954.26, "distance": 8695.0, "angle": 50.674186511914023 }, "geometry": { "type": "Point", "coordinates": [ 536939.878926076227799, 788879.089361948659644 ] } },
{ "type": "Feature", "properties": { "Layer": "ABEOKUTA_SPECIAL_PRIME", "Linetype": null, "EntityHand": "239", "Text": "S", "AREA_DEL": "SPECIAL_PRIME", "polygon": null, "x": 538156.501, "y": 787954.26, "distance": 8700.0, "angle": 50.674186511914023 }, "geometry": { "type": "Point", "coordinates": [ 536943.746699945651926, 788882.258009182871319 ] } },
{ "type": "Feature", "properties": { "Layer": "ABEOKUTA_SPECIAL_PRIME", "Linetype": null, "EntityHand": "239", "Text": "S", "AREA_DEL": "SPECIAL_PRIME", "polygon": null, "x": 538156.501, "y": 787954.26, "distance": 8705.0, "angle": 50.674186511914023 }, "geometry": { "type": "Point", "coordinates": [ 536947.614473815076053, 788885.426656417082995 ] } },
{ "type": "Feature", "properties": { "Layer": "ABEOKUTA_SPECIAL_PRIME", "Linetype": null, "EntityHand": "239", "Text": "S", "AREA_DEL": "SPECIAL_PRIME", "polygon": null, "x": 538156.501, "y": 787954.26, "distance": 8710.0, "angle": 50.674186511914023 }, "geometry": { "type": "Point", "coordinates": [ 536951.482247684616596, 788888.595303651294671 ] } },
{ "type": "Feature", "properties": { "Layer": "ABEOKUTA_SPECIAL_PRIME", "Linetype": null, "EntityHand": "239", "Text": "S", "AREA_DEL": "SPECIAL_PRIME", "polygon": null, "x": 538156.501, "y": 787954.26, "distance": 8715.0, "angle": 50.674186511914023 }, "geometry": { "type": "Point", "coordinates": [ 536955.350021554040723, 788891.763950885506347 ] } },
{ "type": "Feature", "properties": { "Layer": "ABEOKUTA_SPECIAL_PRIME", "Linetype": null, "EntityHand": "239", "Text": "S", "AREA_DEL": "SPECIAL_PRIME", "polygon": null, "x": 538156.501, "y": 787954.26, "distance": 8720.0, "angle": 50.674186511914023 }, "geometry": { "type": "Point", "coordinates": [ 536959.21779542346485, 788894.932598119718023 ] } },
{ "type": "Feature", "properties": { "Layer": "ABEOKUTA_SPECIAL_PRIME", "Linetype": null, "EntityHand": "239", "Text": "S", "AREA_DEL": "SPECIAL_PRIME", "polygon": null, "x": 538156.501, "y": 787954.26, "distance": 8725.0, "angle": 50.674186511914023 }, "geometry": { "type": "Point", "coordinates": [ 536963.085569292888977, 788898.101245353929698 ] } },
{ "type": "Feature", "properties": { "Layer": "ABEOKUTA_SPECIAL_PRIME", "Linetype": null, "EntityHand": "239", "Text": "S", "AREA_DEL": "SPECIAL_PRIME", "polygon": null, "x": 538156.501, "y": 787954.26, "distance": 8730.0, "angle": 50.674186511914023 }, "geometry": { "type": "Point", "coordinates": [ 536966.953343162313104, 788901.269892588141374 ] } },
{ "type": "Feature", "properties": { "Layer": "ABEOKUTA_SPECIAL_PRIME", "Linetype": null, "EntityHand": "239", "Text": "S", "AREA_DEL": "SPECIAL_PRIME", "polygon": null, "x": 538156.501, "y": 787954.26, "distance": 8735.0, "angle": 50.674186511914023 }, "geometry": { "type": "Point", "coordinates": [ 536970.821117031737231, 788904.43853982235305 ] } },
{ "type": "Feature", "properties": { "Layer": "ABEOKUTA_SPECIAL_PRIME", "Linetype": null, "EntityHand": "239", "Text": "S", "AREA_DEL": "SPECIAL_PRIME", "polygon": null, "x": 538156.501, "y": 787954.26, "distance": 8740.0, "angle": 50.674186511914023 }, "geometry": { "type": "Point", "coordinates": [ 536974.688890901277773, 788907.607187056564726 ] } },
{ "type": "Feature", "properties": { "Layer": "ABEOKUTA_SPECIAL_PRIME", "Linetype": null, "EntityHand": "239", "Text": "S", "AREA_DEL": "SPECIAL_PRIME", "polygon": null, "x": 538156.501, "y": 787954.26, "distance": 8745.0, "angle": 50.674186511914023 }, "geometry": { "type": "Point", "coordinates": [ 536978.5566647707019, 788910.775834290776402 ] } },
{ "type": "Feature", "properties": { "Layer": "ABEOKUTA_SPECIAL_PRIME", "Linetype": null, "EntityHand": "239", "Text": "S", "AREA_DEL": "SPECIAL_PRIME", "polygon": null, "x": 538156.501, "y": 787954.26, "distance": 8750.0, "angle": 50.674186511914023 }, "geometry": { "type": "Point", "coordinates": [ 536982.424438640126027, 788913.944481524988078 ] } },
{ "type": "Feature", "properties": { "Layer": "ABEOKUTA_SPECIAL_PRIME", "Linetype": null, "EntityHand": "239", "Text": "S", "AREA_DEL": "SPECIAL_PRIME", "polygon": null, "x": 538156.501, "y": 787954.26, "distance": 8755.0, "angle": 50.674186511914023 }, "geometry": { "type": "Point", "coordinates": [ 536986.292212509550154, 788917.113128759199753 ] } },
{ "type": "Feature", "properties": { "Layer": "ABEOKUTA_SPECIAL_PRIME", "Linetype": null, "EntityHand": "239", "Text": "S", "AREA_DEL": "SPECIAL_PRIME", "polygon": null, "x": 538156.501, "y": 787954.26, "distance": 8760.0, "angle": 50.674186511914023 }, "geometry": { "type": "Point", "coordinates": [ 536990.159986378974281, 788920.281775993411429 ] } },
{ "type": "Feature", "properties": { "Layer": "ABEOKUTA_SPECIAL_PRIME", "Linetype": null, "EntityHand": "239", "Text": "S", "AREA_DEL": "SPECIAL_PRIME", "polygon": null, "x": 538156.501, "y": 787954.26, "distance": 8765.0, "angle": 50.674186511914023 }, "geometry": { "type": "Point", "coordinates": [ 536994.027760248398408, 788923.450423227623105 ] } },
{ "type": "Feature", "properties": { "Layer": "ABEOKUTA_SPECIAL_PRIME", "Linetype": null, "EntityHand": "239", "Text": "S", "AREA_DEL": "SPECIAL_PRIME", "polygon": null, "x": 538156.501, "y": 787954.26, "distance": 8770.0, "angle": 50.674186511914023 }, "geometry": { "type": "Point", "coordinates": [ 536997.895534117822535, 788926.619070461834781 ] } },
{ "type": "Feature", "properties": { "Layer": "ABEOKUTA_SPECIAL_PRIME", "Linetype": null, "EntityHand": "239", "Text": "S", "AREA_DEL": "SPECIAL_PRIME", "polygon": null, "x": 538156.501, "y": 787954.26, "distance": 8775.0, "angle": 50.674186511914023 }, "geometry": { "type": "Point", "coordinates": [ 537001.763307987363078, 788929.787717696046457 ] } },
{ "type": "Feature", "properties": { "Layer": "ABEOKUTA_SPECIAL_PRIME", "Linetype": null, "EntityHand": "239", "Text": "S", "AREA_DEL": "SPECIAL_PRIME", "polygon": null, "x": 538156.501, "y": 787954.26, "distance": 8780.0, "angle": 50.674186511914023 }, "geometry": { "type": "Point", "coordinates": [ 537005.631081856787205, 788932.956364930258133 ] } },
{ "type": "Feature", "properties": { "Layer": "ABEOKUTA_SPECIAL_PRIME", "Linetype": null, "EntityHand": "239", "Text": "S", "AREA_DEL": "SPECIAL_PRIME", "polygon": null, "x": 538156.501, "y": 787954.26, "distance": 8785.0, "angle": 50.674186511914023 }, "geometry": { "type": "Point", "coordinates": [ 537009.498855726211332, 788936.125012164469808 ] } },
{ "type": "Feature", "properties": { "Layer": "ABEOKUTA_SPECIAL_PRIME", "Linetype": null, "EntityHand": "239", "Text": "S", "AREA_DEL": "SPECIAL_PRIME", "polygon": null, "x": 538156.501, "y": 787954.26, "distance": 8790.0, "angle": 50.674186511914023 }, "geometry": { "type": "Point", "coordinates": [ 537013.366629595635459, 788939.293659398681484 ] } },
{ "type": "Feature", "properties": { "Layer": "ABEOKUTA_SPECIAL_PRIME", "Linetype": null, "EntityHand": "239", "Text": "S", "AREA_DEL": "SPECIAL_PRIME", "polygon": null, "x": 538156.501, "y": 787954.26, "distance": 8795.0, "angle": 50.674186511914023 }, "geometry": { "type": "Point", "coordinates": [ 537017.234403465059586, 788942.46230663289316 ] } },
{ "type": "Feature", "properties": { "Layer": "ABEOKUTA_SPECIAL_PRIME", "Linetype": null, "EntityHand": "239", "Text": "S", "AREA_DEL": "SPECIAL_PRIME", "polygon": null, "x": 538156.501, "y": 787954.26, "distance": 8800.0, "angle": 50.674186511914023 }, "geometry": { "type": "Point", "coordinates": [ 537021.102177334483713, 788945.630953867104836 ] } },
{ "type": "Feature", "properties": { "Layer": "ABEOKUTA_SPECIAL_PRIME", "Linetype": null, "EntityHand": "239", "Text": "S", "AREA_DEL": "SPECIAL_PRIME", "polygon": null, "x": 538156.501, "y": 787954.26, "distance": 8805.0, "angle": 50.674186511914023 }, "geometry": { "type": "Point", "coordinates": [ 537024.969951204024255, 788948.799601101316512 ] } },
{ "type": "Feature", "properties": { "Layer": "ABEOKUTA_SPECIAL_PRIME", "Linetype": null, "EntityHand": "239", "Text": "S", "AREA_DEL": "SPECIAL_PRIME", "polygon": null, "x": 538156.501, "y": 787954.26, "distance": 8810.0, "angle": 50.674186511914023 }, "geometry": { "type": "Point", "coordinates": [ 537028.837725073448382, 788951.968248335528187 ] } },
{ "type": "Feature", "properties": { "Layer": "ABEOKUTA_SPECIAL_PRIME", "Linetype": null, "EntityHand": "239", "Text": "S", "AREA_DEL": "SPECIAL_PRIME", "polygon": null, "x": 538156.501, "y": 787954.26, "distance": 8815.0, "angle": 50.674186511914023 }, "geometry": { "type": "Point", "coordinates": [ 537032.705498942872509, 788955.136895569739863 ] } },
{ "type": "Feature", "properties": { "Layer": "ABEOKUTA_SPECIAL_PRIME", "Linetype": null, "EntityHand": "239", "Text": "S", "AREA_DEL": "SPECIAL_PRIME", "polygon": null, "x": 538156.501, "y": 787954.26, "distance": 8820.0, "angle": 50.674186511914023 }, "geometry": { "type": "Point", "coordinates": [ 537036.573272812296636, 788958.305542803951539 ] } },
{ "type": "Feature", "properties": { "Layer": "ABEOKUTA_SPECIAL_PRIME", "Linetype": null, "EntityHand": "239", "Text": "S", "AREA_DEL": "SPECIAL_PRIME", "polygon": null, "x": 538156.501, "y": 787954.26, "distance": 8825.0, "angle": 50.674186511914023 }, "geometry": { "type": "Point", "coordinates": [ 537040.441046681720763, 788961.474190038163215 ] } },
{ "type": "Feature", "properties": { "Layer": "ABEOKUTA_SPECIAL_PRIME", "Linetype": null, "EntityHand": "239", "Text": "S", "AREA_DEL": "SPECIAL_PRIME", "polygon": null, "x": 538156.501, "y": 787954.26, "distance": 8830.0, "angle": 50.674186511914023 }, "geometry": { "type": "Point", "coordinates": [ 537044.30882055114489, 788964.642837272374891 ] } },
{ "type": "Feature", "properties": { "Layer": "ABEOKUTA_SPECIAL_PRIME", "Linetype": null, "EntityHand": "239", "Text": "S", "AREA_DEL": "SPECIAL_PRIME", "polygon": null, "x": 538156.501, "y": 787954.26, "distance": 8835.0, "angle": 50.674186511914023 }, "geometry": { "type": "Point", "coordinates": [ 537048.176594420569018, 788967.811484506586567 ] } },
{ "type": "Feature", "properties": { "Layer": "ABEOKUTA_SPECIAL_PRIME", "Linetype": null, "EntityHand": "239", "Text": "S", "AREA_DEL": "SPECIAL_PRIME", "polygon": null, "x": 538156.501, "y": 787954.26, "distance": 8840.0, "angle": 50.674186511914023 }, "geometry": { "type": "Point", "coordinates": [ 537052.04436829010956, 788970.980131740798242 ] } },
{ "type": "Feature", "properties": { "Layer": "ABEOKUTA_SPECIAL_PRIME", "Linetype": null, "EntityHand": "239", "Text": "S", "AREA_DEL": "SPECIAL_PRIME", "polygon": null, "x": 538156.501, "y": 787954.26, "distance": 8845.0, "angle": 50.674186511914023 }, "geometry": { "type": "Point", "coordinates": [ 537055.912142159533687, 788974.148778974893503 ] } },
{ "type": "Feature", "properties": { "Layer": "ABEOKUTA_SPECIAL_PRIME", "Linetype": null, "EntityHand": "239", "Text": "S", "AREA_DEL": "SPECIAL_PRIME", "polygon": null, "x": 538156.501, "y": 787954.26, "distance": 8850.0, "angle": 50.674186511914023 }, "geometry": { "type": "Point", "coordinates": [ 537059.779916028957814, 788977.317426209105179 ] } },
{ "type": "Feature", "properties": { "Layer": "ABEOKUTA_SPECIAL_PRIME", "Linetype": null, "EntityHand": "239", "Text": "S", "AREA_DEL": "SPECIAL_PRIME", "polygon": null, "x": 538156.501, "y": 787954.26, "distance": 8855.0, "angle": 50.674186511914023 }, "geometry": { "type": "Point", "coordinates": [ 537063.647689898381941, 788980.486073443316855 ] } },
{ "type": "Feature", "properties": { "Layer": "ABEOKUTA_SPECIAL_PRIME", "Linetype": null, "EntityHand": "239", "Text": "S", "AREA_DEL": "SPECIAL_PRIME", "polygon": null, "x": 538156.501, "y": 787954.26, "distance": 8860.0, "angle": 50.674186511914023 }, "geometry": { "type": "Point", "coordinates": [ 537067.515463767806068, 788983.65472067752853 ] } },
{ "type": "Feature", "properties": { "Layer": "ABEOKUTA_SPECIAL_PRIME", "Linetype": null, "EntityHand": "239", "Text": "S", "AREA_DEL": "SPECIAL_PRIME", "polygon": null, "x": 538156.501, "y": 787954.26, "distance": 8865.0, "angle": 50.674186511914023 }, "geometry": { "type": "Point", "coordinates": [ 537071.383237637230195, 788986.823367911740206 ] } },
{ "type": "Feature", "properties": { "Layer": "ABEOKUTA_SPECIAL_PRIME", "Linetype": null, "EntityHand": "239", "Text": "S", "AREA_DEL": "SPECIAL_PRIME", "polygon": null, "x": 538156.501, "y": 787954.26, "distance": 8870.0, "angle": 50.674186511914023 }, "geometry": { "type": "Point", "coordinates": [ 537075.251011506770737, 788989.992015145951882 ] } },
{ "type": "Feature", "properties": { "Layer": "ABEOKUTA_SPECIAL_PRIME", "Linetype": null, "EntityHand": "239", "Text": "S", "AREA_DEL": "SPECIAL_PRIME", "polygon": null, "x": 538156.501, "y": 787954.26, "distance": 8875.0, "angle": 50.674186511914023 }, "geometry": { "type": "Point", "coordinates": [ 537079.118785376194865, 788993.160662380163558 ] } },
{ "type": "Feature", "properties": { "Layer": "ABEOKUTA_SPECIAL_PRIME", "Linetype": null, "EntityHand": "239", "Text": "S", "AREA_DEL": "SPECIAL_PRIME", "polygon": null, "x": 538156.501, "y": 787954.26, "distance": 8880.0, "angle": 50.674186511914023 }, "geometry": { "type": "Point", "coordinates": [ 537082.986559245618992, 788996.329309614375234 ] } },
{ "type": "Feature", "properties": { "Layer": "ABEOKUTA_SPECIAL_PRIME", "Linetype": null, "EntityHand": "239", "Text": "S", "AREA_DEL": "SPECIAL_PRIME", "polygon": null, "x": 538156.501, "y": 787954.26, "distance": 8885.0, "angle": 50.674186511914023 }, "geometry": { "type": "Point", "coordinates": [ 537086.854333115043119, 788999.497956848586909 ] } },
{ "type": "Feature", "properties": { "Layer": "ABEOKUTA_SPECIAL_PRIME", "Linetype": null, "EntityHand": "239", "Text": "S", "AREA_DEL": "SPECIAL_PRIME", "polygon": null, "x": 538156.501, "y": 787954.26, "distance": 8890.0, "angle": 50.674186511914023 }, "geometry": { "type": "Point", "coordinates": [ 537090.722106984467246, 789002.666604082798585 ] } },
{ "type": "Feature", "properties": { "Layer": "ABEOKUTA_SPECIAL_PRIME", "Linetype": null, "EntityHand": "239", "Text": "S", "AREA_DEL": "SPECIAL_PRIME", "polygon": null, "x": 538156.501, "y": 787954.26, "distance": 8895.0, "angle": 50.674186511914023 }, "geometry": { "type": "Point", "coordinates": [ 537094.589880853891373, 789005.835251317010261 ] } },
{ "type": "Feature", "properties": { "Layer": "ABEOKUTA_SPECIAL_PRIME", "Linetype": null, "EntityHand": "239", "Text": "S", "AREA_DEL": "SPECIAL_PRIME", "polygon": null, "x": 538156.501, "y": 787954.26, "distance": 8900.0, "angle": 50.674186511914023 }, "geometry": { "type": "Point", "coordinates": [ 537098.4576547233155, 789009.003898551221937 ] } },
{ "type": "Feature", "properties": { "Layer": "ABEOKUTA_SPECIAL_PRIME", "Linetype": null, "EntityHand": "239", "Text": "S", "AREA_DEL": "SPECIAL_PRIME", "polygon": null, "x": 538156.501, "y": 787954.26, "distance": 8905.0, "angle": 50.674186511914023 }, "geometry": { "type": "Point", "coordinates": [ 537102.325428592856042, 789012.172545785433613 ] } },
{ "type": "Feature", "properties": { "Layer": "ABEOKUTA_SPECIAL_PRIME", "Linetype": null, "EntityHand": "239", "Text": "S", "AREA_DEL": "SPECIAL_PRIME", "polygon": null, "x": 538156.501, "y": 787954.26, "distance": 8910.0, "angle": 50.674186511914023 }, "geometry": { "type": "Point", "coordinates": [ 537106.193202462280169, 789015.341193019645289 ] } },
{ "type": "Feature", "properties": { "Layer": "ABEOKUTA_SPECIAL_PRIME", "Linetype": null, "EntityHand": "239", "Text": "S", "AREA_DEL": "SPECIAL_PRIME", "polygon": null, "x": 538156.501, "y": 787954.26, "distance": 8915.0, "angle": 50.674186511914023 }, "geometry": { "type": "Point", "coordinates": [ 537110.060976331704296, 789018.509840253856964 ] } },
{ "type": "Feature", "properties": { "Layer": "ABEOKUTA_SPECIAL_PRIME", "Linetype": null, "EntityHand": "239", "Text": "S", "AREA_DEL": "SPECIAL_PRIME", "polygon": null, "x": 538156.501, "y": 787954.26, "distance": 8920.0, "angle": 50.674186511914023 }, "geometry": { "type": "Point", "coordinates": [ 537113.928750201128423, 789021.67848748806864 ] } },
{ "type": "Feature", "properties": { "Layer": "ABEOKUTA_SPECIAL_PRIME", "Linetype": null, "EntityHand": "239", "Text": "S", "AREA_DEL": "SPECIAL_PRIME", "polygon": null, "x": 538156.501, "y": 787954.26, "distance": 8925.0, "angle": 50.674186511914023 }, "geometry": { "type": "Point", "coordinates": [ 537117.79652407055255, 789024.847134722280316 ] } },
{ "type": "Feature", "properties": { "Layer": "ABEOKUTA_SPECIAL_PRIME", "Linetype": null, "EntityHand": "239", "Text": "S", "AREA_DEL": "SPECIAL_PRIME", "polygon": null, "x": 538156.501, "y": 787954.26, "distance": 8930.0, "angle": 50.674186511914023 }, "geometry": { "type": "Point", "coordinates": [ 537121.664297939976677, 789028.015781956491992 ] } },
{ "type": "Feature", "properties": { "Layer": "ABEOKUTA_SPECIAL_PRIME", "Linetype": null, "EntityHand": "239", "Text": "S", "AREA_DEL": "SPECIAL_PRIME", "polygon": null, "x": 538156.501, "y": 787954.26, "distance": 8935.0, "angle": 50.674186511914023 }, "geometry": { "type": "Point", "coordinates": [ 537125.53207180951722, 789031.184429190703668 ] } },
{ "type": "Feature", "properties": { "Layer": "ABEOKUTA_SPECIAL_PRIME", "Linetype": null, "EntityHand": "239", "Text": "S", "AREA_DEL": "SPECIAL_PRIME", "polygon": null, "x": 538156.501, "y": 787954.26, "distance": 8940.0, "angle": 50.674186511914023 }, "geometry": { "type": "Point", "coordinates": [ 537129.399845678941347, 789034.353076424915344 ] } },
{ "type": "Feature", "properties": { "Layer": "ABEOKUTA_SPECIAL_PRIME", "Linetype": null, "EntityHand": "239", "Text": "S", "AREA_DEL": "SPECIAL_PRIME", "polygon": null, "x": 538156.501, "y": 787954.26, "distance": 8945.0, "angle": 50.674186511914023 }, "geometry": { "type": "Point", "coordinates": [ 537133.267619548365474, 789037.521723659127019 ] } },
{ "type": "Feature", "properties": { "Layer": "ABEOKUTA_SPECIAL_PRIME", "Linetype": null, "EntityHand": "239", "Text": "S", "AREA_DEL": "SPECIAL_PRIME", "polygon": null, "x": 538156.501, "y": 787954.26, "distance": 8950.0, "angle": 50.674186511914023 }, "geometry": { "type": "Point", "coordinates": [ 537137.135393417789601, 789040.690370893338695 ] } },
{ "type": "Feature", "properties": { "Layer": "ABEOKUTA_SPECIAL_PRIME", "Linetype": null, "EntityHand": "239", "Text": "S", "AREA_DEL": "SPECIAL_PRIME", "polygon": null, "x": 538156.501, "y": 787954.26, "distance": 8955.0, "angle": 50.674186511914023 }, "geometry": { "type": "Point", "coordinates": [ 537141.003167287213728, 789043.859018127550371 ] } },
{ "type": "Feature", "properties": { "Layer": "ABEOKUTA_SPECIAL_PRIME", "Linetype": null, "EntityHand": "239", "Text": "S", "AREA_DEL": "SPECIAL_PRIME", "polygon": null, "x": 538156.501, "y": 787954.26, "distance": 8960.0, "angle": 50.674186511914023 }, "geometry": { "type": "Point", "coordinates": [ 537144.870941156637855, 789047.027665361762047 ] } },
{ "type": "Feature", "properties": { "Layer": "ABEOKUTA_SPECIAL_PRIME", "Linetype": null, "EntityHand": "239", "Text": "S", "AREA_DEL": "SPECIAL_PRIME", "polygon": null, "x": 538156.501, "y": 787954.26, "distance": 8965.0, "angle": 50.674186511914023 }, "geometry": { "type": "Point", "coordinates": [ 537148.738715026061982, 789050.196312595973723 ] } },
{ "type": "Feature", "properties": { "Layer": "ABEOKUTA_SPECIAL_PRIME", "Linetype": null, "EntityHand": "239", "Text": "S", "AREA_DEL": "SPECIAL_PRIME", "polygon": null, "x": 538156.501, "y": 787954.26, "distance": 8970.0, "angle": 50.674186511914023 }, "geometry": { "type": "Point", "coordinates": [ 537152.606488895602524, 789053.364959830185398 ] } },
{ "type": "Feature", "properties": { "Layer": "ABEOKUTA_SPECIAL_PRIME", "Linetype": null, "EntityHand": "239", "Text": "S", "AREA_DEL": "SPECIAL_PRIME", "polygon": null, "x": 538156.501, "y": 787954.26, "distance": 8975.0, "angle": 50.674186511914023 }, "geometry": { "type": "Point", "coordinates": [ 537156.474262765026651, 789056.533607064397074 ] } },
{ "type": "Feature", "properties": { "Layer": "ABEOKUTA_SPECIAL_PRIME", "Linetype": null, "EntityHand": "239", "Text": "S", "AREA_DEL": "SPECIAL_PRIME", "polygon": null, "x": 538156.501, "y": 787954.26, "distance": 8980.0, "angle": 50.674186511914023 }, "geometry": { "type": "Point", "coordinates": [ 537160.342036634450778, 789059.70225429860875 ] } },
{ "type": "Feature", "properties": { "Layer": "ABEOKUTA_SPECIAL_PRIME", "Linetype": null, "EntityHand": "239", "Text": "S", "AREA_DEL": "SPECIAL_PRIME", "polygon": null, "x": 538156.501, "y": 787954.26, "distance": 8985.0, "angle": 50.674186511914023 }, "geometry": { "type": "Point", "coordinates": [ 537164.209810503874905, 789062.870901532820426 ] } },
{ "type": "Feature", "properties": { "Layer": "ABEOKUTA_SPECIAL_PRIME", "Linetype": null, "EntityHand": "239", "Text": "S", "AREA_DEL": "SPECIAL_PRIME", "polygon": null, "x": 538156.501, "y": 787954.26, "distance": 8990.0, "angle": 56.412734635707082 }, "geometry": { "type": "Point", "coordinates": [ 537168.273734472575597, 789065.774046170525253 ] } },
{ "type": "Feature", "properties": { "Layer": "ABEOKUTA_SPECIAL_PRIME", "Linetype": null, "EntityHand": "239", "Text": "S", "AREA_DEL": "SPECIAL_PRIME", "polygon": null, "x": 538156.501, "y": 787954.26, "distance": 8995.0, "angle": 56.412734635707082 }, "geometry": { "type": "Point", "coordinates": [ 537172.438955561025068, 789068.540078217512928 ] } },
{ "type": "Feature", "properties": { "Layer": "ABEOKUTA_SPECIAL_PRIME", "Linetype": null, "EntityHand": "239", "Text": "S", "AREA_DEL": "SPECIAL_PRIME", "polygon": null, "x": 538156.501, "y": 787954.26, "distance": 9000.0, "angle": 56.412734635707082 }, "geometry": { "type": "Point", "coordinates": [ 537176.604176649358124, 789071.306110264500603 ] } },
{ "type": "Feature", "properties": { "Layer": "ABEOKUTA_SPECIAL_PRIME", "Linetype": null, "EntityHand": "239", "Text": "S", "AREA_DEL": "SPECIAL_PRIME", "polygon": null, "x": 538156.501, "y": 787954.26, "distance": 9005.0, "angle": 56.412734635707082 }, "geometry": { "type": "Point", "coordinates": [ 537180.769397737691179, 789074.072142311488278 ] } },
{ "type": "Feature", "properties": { "Layer": "ABEOKUTA_SPECIAL_PRIME", "Linetype": null, "EntityHand": "239", "Text": "S", "AREA_DEL": "SPECIAL_PRIME", "polygon": null, "x": 538156.501, "y": 787954.26, "distance": 9010.0, "angle": 56.412734635707082 }, "geometry": { "type": "Point", "coordinates": [ 537184.934618826024234, 789076.838174358475953 ] } },
{ "type": "Feature", "properties": { "Layer": "ABEOKUTA_SPECIAL_PRIME", "Linetype": null, "EntityHand": "239", "Text": "S", "AREA_DEL": "SPECIAL_PRIME", "polygon": null, "x": 538156.501, "y": 787954.26, "distance": 9015.0, "angle": 56.412734635707082 }, "geometry": { "type": "Point", "coordinates": [ 537189.099839914473705, 789079.604206405580044 ] } },
{ "type": "Feature", "properties": { "Layer": "ABEOKUTA_SPECIAL_PRIME", "Linetype": null, "EntityHand": "239", "Text": "S", "AREA_DEL": "SPECIAL_PRIME", "polygon": null, "x": 538156.501, "y": 787954.26, "distance": 9020.0, "angle": 56.412734635707082 }, "geometry": { "type": "Point", "coordinates": [ 537193.26506100280676, 789082.370238452567719 ] } },
{ "type": "Feature", "properties": { "Layer": "ABEOKUTA_SPECIAL_PRIME", "Linetype": null, "EntityHand": "239", "Text": "S", "AREA_DEL": "SPECIAL_PRIME", "polygon": null, "x": 538156.501, "y": 787954.26, "distance": 9025.0, "angle": 56.412734635707082 }, "geometry": { "type": "Point", "coordinates": [ 537197.430282091139816, 789085.136270499555394 ] } },
{ "type": "Feature", "properties": { "Layer": "ABEOKUTA_SPECIAL_PRIME", "Linetype": null, "EntityHand": "239", "Text": "S", "AREA_DEL": "SPECIAL_PRIME", "polygon": null, "x": 538156.501, "y": 787954.26, "distance": 9030.0, "angle": 56.412734635707082 }, "geometry": { "type": "Point", "coordinates": [ 537201.595503179589286, 789087.902302546543069 ] } },
{ "type": "Feature", "properties": { "Layer": "ABEOKUTA_SPECIAL_PRIME", "Linetype": null, "EntityHand": "239", "Text": "S", "AREA_DEL": "SPECIAL_PRIME", "polygon": null, "x": 538156.501, "y": 787954.26, "distance": 9035.0, "angle": 56.412734635707082 }, "geometry": { "type": "Point", "coordinates": [ 537205.760724267922342, 789090.668334593530744 ] } },
{ "type": "Feature", "properties": { "Layer": "ABEOKUTA_SPECIAL_PRIME", "Linetype": null, "EntityHand": "239", "Text": "S", "AREA_DEL": "SPECIAL_PRIME", "polygon": null, "x": 538156.501, "y": 787954.26, "distance": 9040.0, "angle": 56.412734635707082 }, "geometry": { "type": "Point", "coordinates": [ 537209.925945356255397, 789093.434366640518419 ] } },
{ "type": "Feature", "properties": { "Layer": "ABEOKUTA_SPECIAL_PRIME", "Linetype": null, "EntityHand": "239", "Text": "S", "AREA_DEL": "SPECIAL_PRIME", "polygon": null, "x": 538156.501, "y": 787954.26, "distance": 9045.0, "angle": 56.412734635707082 }, "geometry": { "type": "Point", "coordinates": [ 537214.091166444588453, 789096.200398687506095 ] } },
{ "type": "Feature", "properties": { "Layer": "ABEOKUTA_SPECIAL_PRIME", "Linetype": null, "EntityHand": "239", "Text": "S", "AREA_DEL": "SPECIAL_PRIME", "polygon": null, "x": 538156.501, "y": 787954.26, "distance": 9050.0, "angle": 56.412734635707082 }, "geometry": { "type": "Point", "coordinates": [ 537218.256387533037923, 789098.96643073449377 ] } },
{ "type": "Feature", "properties": { "Layer": "ABEOKUTA_SPECIAL_PRIME", "Linetype": null, "EntityHand": "239", "Text": "S", "AREA_DEL": "SPECIAL_PRIME", "polygon": null, "x": 538156.501, "y": 787954.26, "distance": 9055.0, "angle": 56.412734635707082 }, "geometry": { "type": "Point", "coordinates": [ 537222.421608621370979, 789101.732462781481445 ] } },
{ "type": "Feature", "properties": { "Layer": "ABEOKUTA_SPECIAL_PRIME", "Linetype": null, "EntityHand": "239", "Text": "S", "AREA_DEL": "SPECIAL_PRIME", "polygon": null, "x": 538156.501, "y": 787954.26, "distance": 9060.0, "angle": 56.412734635707082 }, "geometry": { "type": "Point", "coordinates": [ 537226.586829709704034, 789104.49849482846912 ] } },
{ "type": "Feature", "properties": { "Layer": "ABEOKUTA_SPECIAL_PRIME", "Linetype": null, "EntityHand": "239", "Text": "S", "AREA_DEL": "SPECIAL_PRIME", "polygon": null, "x": 538156.501, "y": 787954.26, "distance": 9065.0, "angle": 56.412734635707082 }, "geometry": { "type": "Point", "coordinates": [ 537230.752050798153505, 789107.26452687557321 ] } },
{ "type": "Feature", "properties": { "Layer": "ABEOKUTA_SPECIAL_PRIME", "Linetype": null, "EntityHand": "239", "Text": "S", "AREA_DEL": "SPECIAL_PRIME", "polygon": null, "x": 538156.501, "y": 787954.26, "distance": 9070.0, "angle": 56.412734635707082 }, "geometry": { "type": "Point", "coordinates": [ 537234.91727188648656, 789110.030558922560886 ] } },
{ "type": "Feature", "properties": { "Layer": "ABEOKUTA_SPECIAL_PRIME", "Linetype": null, "EntityHand": "239", "Text": "S", "AREA_DEL": "SPECIAL_PRIME", "polygon": null, "x": 538156.501, "y": 787954.26, "distance": 9075.0, "angle": 56.412734635707082 }, "geometry": { "type": "Point", "coordinates": [ 537239.082492974819615, 789112.796590969548561 ] } },
{ "type": "Feature", "properties": { "Layer": "ABEOKUTA_SPECIAL_PRIME", "Linetype": null, "EntityHand": "239", "Text": "S", "AREA_DEL": "SPECIAL_PRIME", "polygon": null, "x": 538156.501, "y": 787954.26, "distance": 9080.0, "angle": 56.412734635707082 }, "geometry": { "type": "Point", "coordinates": [ 537243.247714063152671, 789115.562623016536236 ] } },
{ "type": "Feature", "properties": { "Layer": "ABEOKUTA_SPECIAL_PRIME", "Linetype": null, "EntityHand": "239", "Text": "S", "AREA_DEL": "SPECIAL_PRIME", "polygon": null, "x": 538156.501, "y": 787954.26, "distance": 9085.0, "angle": 56.412734635707082 }, "geometry": { "type": "Point", "coordinates": [ 537247.412935151602142, 789118.328655063523911 ] } },
{ "type": "Feature", "properties": { "Layer": "ABEOKUTA_SPECIAL_PRIME", "Linetype": null, "EntityHand": "239", "Text": "S", "AREA_DEL": "SPECIAL_PRIME", "polygon": null, "x": 538156.501, "y": 787954.26, "distance": 9090.0, "angle": 56.412734635707082 }, "geometry": { "type": "Point", "coordinates": [ 537251.578156239935197, 789121.094687110511586 ] } },
{ "type": "Feature", "properties": { "Layer": "ABEOKUTA_SPECIAL_PRIME", "Linetype": null, "EntityHand": "239", "Text": "S", "AREA_DEL": "SPECIAL_PRIME", "polygon": null, "x": 538156.501, "y": 787954.26, "distance": 9095.0, "angle": 86.334439054399965 }, "geometry": { "type": "Point", "coordinates": [ 537255.137582386727445, 789123.748114874353632 ] } },
{ "type": "Feature", "properties": { "Layer": "ABEOKUTA_SPECIAL_PRIME", "Linetype": null, "EntityHand": "239", "Text": "S", "AREA_DEL": "SPECIAL_PRIME", "polygon": null, "x": 538156.501, "y": 787954.26, "distance": 9100.0, "angle": 86.334439054399965 }, "geometry": { "type": "Point", "coordinates": [ 537260.127353520481847, 789124.067777247400954 ] } },
{ "type": "Feature", "properties": { "Layer": "ABEOKUTA_SPECIAL_PRIME", "Linetype": null, "EntityHand": "239", "Text": "S", "AREA_DEL": "SPECIAL_PRIME", "polygon": null, "x": 538156.501, "y": 787954.26, "distance": 9105.0, "angle": 58.761770641126098 }, "geometry": { "type": "Point", "coordinates": [ 537264.630988209275529, 789125.933793279225938 ] } },
{ "type": "Feature", "properties": { "Layer": "ABEOKUTA_SPECIAL_PRIME", "Linetype": null, "EntityHand": "239", "Text": "S", "AREA_DEL": "SPECIAL_PRIME", "polygon": null, "x": 538156.501, "y": 787954.26, "distance": 9110.0, "angle": 58.761770641126098 }, "geometry": { "type": "Point", "coordinates": [ 537268.906080347136594, 789128.526781365042552 ] } },
{ "type": "Feature", "properties": { "Layer": "ABEOKUTA_SPECIAL_PRIME", "Linetype": null, "EntityHand": "239", "Text": "S", "AREA_DEL": "SPECIAL_PRIME", "polygon": null, "x": 538156.501, "y": 787954.26, "distance": 9115.0, "angle": 58.761770641126098 }, "geometry": { "type": "Point", "coordinates": [ 537273.18117248499766, 789131.119769450859167 ] } },
{ "type": "Feature", "properties": { "Layer": "ABEOKUTA_SPECIAL_PRIME", "Linetype": null, "EntityHand": "239", "Text": "S", "AREA_DEL": "SPECIAL_PRIME", "polygon": null, "x": 538156.501, "y": 787954.26, "distance": 9120.0, "angle": 58.761770641126098 }, "geometry": { "type": "Point", "coordinates": [ 537277.45626462274231, 789133.712757536559366 ] } },
{ "type": "Feature", "properties": { "Layer": "ABEOKUTA_SPECIAL_PRIME", "Linetype": null, "EntityHand": "239", "Text": "S", "AREA_DEL": "SPECIAL_PRIME", "polygon": null, "x": 538156.501, "y": 787954.26, "distance": 9125.0, "angle": 58.761770641126098 }, "geometry": { "type": "Point", "coordinates": [ 537281.731356760603376, 789136.30574562237598 ] } },
{ "type": "Feature", "properties": { "Layer": "ABEOKUTA_SPECIAL_PRIME", "Linetype": null, "EntityHand": "239", "Text": "S", "AREA_DEL": "SPECIAL_PRIME", "polygon": null, "x": 538156.501, "y": 787954.26, "distance": 9130.0, "angle": 58.761770641126098 }, "geometry": { "type": "Point", "coordinates": [ 537286.006448898464441, 789138.898733708192594 ] } },
{ "type": "Feature", "properties": { "Layer": "ABEOKUTA_SPECIAL_PRIME", "Linetype": null, "EntityHand": "239", "Text": "S", "AREA_DEL": "SPECIAL_PRIME", "polygon": null, "x": 538156.501, "y": 787954.26, "distance": 9135.0, "angle": 58.761770641126098 }, "geometry": { "type": "Point", "coordinates": [ 537290.281541036209092, 789141.491721794009209 ] } },
{ "type": "Feature", "properties": { "Layer": "ABEOKUTA_SPECIAL_PRIME", "Linetype": null, "EntityHand": "239", "Text": "S", "AREA_DEL": "SPECIAL_PRIME", "polygon": null, "x": 538156.501, "y": 787954.26, "distance": 9140.0, "angle": 63.176324650325959 }, "geometry": { "type": "Point", "coordinates": [ 537294.7127395888092, 789143.803444900899194 ] } },
{ "type": "Feature", "properties": { "Layer": "ABEOKUTA_SPECIAL_PRIME", "Linetype": null, "EntityHand": "239", "Text": "S", "AREA_DEL": "SPECIAL_PRIME", "polygon": null, "x": 538156.501, "y": 787954.26, "distance": 9145.0, "angle": 63.176324650325959 }, "geometry": { "type": "Point", "coordinates": [ 537299.174736758228391, 789146.059676551260054 ] } },
{ "type": "Feature", "properties": { "Layer": "ABEOKUTA_SPECIAL_PRIME", "Linetype": null, "EntityHand": "239", "Text": "S", "AREA_DEL": "SPECIAL_PRIME", "polygon": null, "x": 538156.501, "y": 787954.26, "distance": 9150.0, "angle": 63.176324650325959 }, "geometry": { "type": "Point", "coordinates": [ 537303.636733927647583, 789148.315908201620914 ] } },
{ "type": "Feature", "properties": { "Layer": "ABEOKUTA_SPECIAL_PRIME", "Linetype": null, "EntityHand": "239", "Text": "S", "AREA_DEL": "SPECIAL_PRIME", "polygon": null, "x": 538156.501, "y": 787954.26, "distance": 9155.0, "angle": 63.176324650325959 }, "geometry": { "type": "Point", "coordinates": [ 537308.098731097066775, 789150.572139852098189 ] } },
{ "type": "Feature", "properties": { "Layer": "ABEOKUTA_SPECIAL_PRIME", "Linetype": null, "EntityHand": "239", "Text": "S", "AREA_DEL": "SPECIAL_PRIME", "polygon": null, "x": 538156.501, "y": 787954.26, "distance": 9160.0, "angle": 63.176324650325959 }, "geometry": { "type": "Point", "coordinates": [ 537312.560728266485967, 789152.828371502459049 ] } },
{ "type": "Feature", "properties": { "Layer": "ABEOKUTA_SPECIAL_PRIME", "Linetype": null, "EntityHand": "239", "Text": "S", "AREA_DEL": "SPECIAL_PRIME", "polygon": null, "x": 538156.501, "y": 787954.26, "distance": 9165.0, "angle": 63.176324650325959 }, "geometry": { "type": "Point", "coordinates": [ 537317.022725435905159, 789155.084603152819909 ] } },
{ "type": "Feature", "properties": { "Layer": "ABEOKUTA_SPECIAL_PRIME", "Linetype": null, "EntityHand": "239", "Text": "S", "AREA_DEL": "SPECIAL_PRIME", "polygon": null, "x": 538156.501, "y": 787954.26, "distance": 9170.0, "angle": 63.176324650325959 }, "geometry": { "type": "Point", "coordinates": [ 537321.48472260532435, 789157.340834803180769 ] } },
{ "type": "Feature", "properties": { "Layer": "ABEOKUTA_SPECIAL_PRIME", "Linetype": null, "EntityHand": "239", "Text": "S", "AREA_DEL": "SPECIAL_PRIME", "polygon": null, "x": 538156.501, "y": 787954.26, "distance": 9175.0, "angle": 63.176324650325959 }, "geometry": { "type": "Point", "coordinates": [ 537325.946719774627127, 789159.597066453541629 ] } },
{ "type": "Feature", "properties": { "Layer": "ABEOKUTA_SPECIAL_PRIME", "Linetype": null, "EntityHand": "239", "Text": "S", "AREA_DEL": "SPECIAL_PRIME", "polygon": null, "x": 538156.501, "y": 787954.26, "distance": 9180.0, "angle": 58.065435586227807 }, "geometry": { "type": "Point", "coordinates": [ 537330.300883694784716, 789162.044834465603344 ] } },
{ "type": "Feature", "properties": { "Layer": "ABEOKUTA_SPECIAL_PRIME", "Linetype": null, "EntityHand": "239", "Text": "S", "AREA_DEL": "SPECIAL_PRIME", "polygon": null, "x": 538156.501, "y": 787954.26, "distance": 9185.0, "angle": 58.065435586227807 }, "geometry": { "type": "Point", "coordinates": [ 537334.544147424632683, 789164.68958642357029 ] } },
{ "type": "Feature", "properties": { "Layer": "ABEOKUTA_SPECIAL_PRIME", "Linetype": null, "EntityHand": "239", "Text": "S", "AREA_DEL": "SPECIAL_PRIME", "polygon": null, "x": 538156.501, "y": 787954.26, "distance": 9190.0, "angle": 58.065435586227807 }, "geometry": { "type": "Point", "coordinates": [ 537338.787411154364236, 789167.334338381537236 ] } },
{ "type": "Feature", "properties": { "Layer": "ABEOKUTA_SPECIAL_PRIME", "Linetype": null, "EntityHand": "239", "Text": "S", "AREA_DEL": "SPECIAL_PRIME", "polygon": null, "x": 538156.501, "y": 787954.26, "distance": 9195.0, "angle": 58.065435586227807 }, "geometry": { "type": "Point", "coordinates": [ 537343.030674884212203, 789169.979090339504182 ] } },
{ "type": "Feature", "properties": { "Layer": "ABEOKUTA_SPECIAL_PRIME", "Linetype": null, "EntityHand": "239", "Text": "S", "AREA_DEL": "SPECIAL_PRIME", "polygon": null, "x": 538156.501, "y": 787954.26, "distance": 9200.0, "angle": 58.065435586227807 }, "geometry": { "type": "Point", "coordinates": [ 537347.273938614060171, 789172.623842297471128 ] } },
{ "type": "Feature", "properties": { "Layer": "ABEOKUTA_SPECIAL_PRIME", "Linetype": null, "EntityHand": "239", "Text": "S", "AREA_DEL": "SPECIAL_PRIME", "polygon": null, "x": 538156.501, "y": 787954.26, "distance": 9205.0, "angle": 58.065435586227807 }, "geometry": { "type": "Point", "coordinates": [ 537351.517202343908139, 789175.268594255438074 ] } },
{ "type": "Feature", "properties": { "Layer": "ABEOKUTA_SPECIAL_PRIME", "Linetype": null, "EntityHand": "239", "Text": "S", "AREA_DEL": "SPECIAL_PRIME", "polygon": null, "x": 538156.501, "y": 787954.26, "distance": 9210.0, "angle": 58.065435586227807 }, "geometry": { "type": "Point", "coordinates": [ 537355.760466073756106, 789177.913346213405021 ] } },
{ "type": "Feature", "properties": { "Layer": "ABEOKUTA_SPECIAL_PRIME", "Linetype": null, "EntityHand": "239", "Text": "S", "AREA_DEL": "SPECIAL_PRIME", "polygon": null, "x": 538156.501, "y": 787954.26, "distance": 9215.0, "angle": 58.065435586227807 }, "geometry": { "type": "Point", "coordinates": [ 537360.003729803487659, 789180.558098171371967 ] } },
{ "type": "Feature", "properties": { "Layer": "ABEOKUTA_SPECIAL_PRIME", "Linetype": null, "EntityHand": "239", "Text": "S", "AREA_DEL": "SPECIAL_PRIME", "polygon": null, "x": 538156.501, "y": 787954.26, "distance": 9220.0, "angle": 58.065435586227807 }, "geometry": { "type": "Point", "coordinates": [ 537364.246993533335626, 789183.202850129338913 ] } },
{ "type": "Feature", "properties": { "Layer": "ABEOKUTA_SPECIAL_PRIME", "Linetype": null, "EntityHand": "239", "Text": "S", "AREA_DEL": "SPECIAL_PRIME", "polygon": null, "x": 538156.501, "y": 787954.26, "distance": 9225.0, "angle": 58.065435586227807 }, "geometry": { "type": "Point", "coordinates": [ 537368.490257263183594, 789185.847602087305859 ] } },
{ "type": "Feature", "properties": { "Layer": "ABEOKUTA_SPECIAL_PRIME", "Linetype": null, "EntityHand": "239", "Text": "S", "AREA_DEL": "SPECIAL_PRIME", "polygon": null, "x": 538156.501, "y": 787954.26, "distance": 9230.0, "angle": 58.065435586227807 }, "geometry": { "type": "Point", "coordinates": [ 537372.733520993031561, 789188.492354045272805 ] } },
{ "type": "Feature", "properties": { "Layer": "ABEOKUTA_SPECIAL_PRIME", "Linetype": null, "EntityHand": "239", "Text": "S", "AREA_DEL": "SPECIAL_PRIME", "polygon": null, "x": 538156.501, "y": 787954.26, "distance": 9235.0, "angle": 49.228808166209255 }, "geometry": { "type": "Point", "coordinates": [ 537376.702062335098162, 789191.510372712044045 ] } },
{ "type": "Feature", "properties": { "Layer": "ABEOKUTA_SPECIAL_PRIME", "Linetype": null, "EntityHand": "239", "Text": "S", "AREA_DEL": "SPECIAL_PRIME", "polygon": null, "x": 538156.501, "y": 787954.26, "distance": 9240.0, "angle": 49.228808166209255 }, "geometry": { "type": "Point", "coordinates": [ 537380.488679825677536, 789194.77557224361226 ] } },
{ "type": "Feature", "properties": { "Layer": "ABEOKUTA_SPECIAL_PRIME", "Linetype": null, "EntityHand": "239", "Text": "S", "AREA_DEL": "SPECIAL_PRIME", "polygon": null, "x": 538156.501, "y": 787954.26, "distance": 9245.0, "angle": 49.228808166209255 }, "geometry": { "type": "Point", "coordinates": [ 537384.275297316140495, 789198.040771775064059 ] } },
{ "type": "Feature", "properties": { "Layer": "ABEOKUTA_SPECIAL_PRIME", "Linetype": null, "EntityHand": "239", "Text": "S", "AREA_DEL": "SPECIAL_PRIME", "polygon": null, "x": 538156.501, "y": 787954.26, "distance": 9250.0, "angle": 49.228808166209255 }, "geometry": { "type": "Point", "coordinates": [ 537388.061914806603454, 789201.305971306632273 ] } },
{ "type": "Feature", "properties": { "Layer": "ABEOKUTA_SPECIAL_PRIME", "Linetype": null, "EntityHand": "239", "Text": "S", "AREA_DEL": "SPECIAL_PRIME", "polygon": null, "x": 538156.501, "y": 787954.26, "distance": 9255.0, "angle": 49.228808166209255 }, "geometry": { "type": "Point", "coordinates": [ 537391.848532297182828, 789204.571170838084072 ] } },
{ "type": "Feature", "properties": { "Layer": "ABEOKUTA_SPECIAL_PRIME", "Linetype": null, "EntityHand": "239", "Text": "S", "AREA_DEL": "SPECIAL_PRIME", "polygon": null, "x": 538156.501, "y": 787954.26, "distance": 9260.0, "angle": 49.228808166209255 }, "geometry": { "type": "Point", "coordinates": [ 537395.635149787645787, 789207.836370369652286 ] } },
{ "type": "Feature", "properties": { "Layer": "ABEOKUTA_SPECIAL_PRIME", "Linetype": null, "EntityHand": "239", "Text": "S", "AREA_DEL": "SPECIAL_PRIME", "polygon": null, "x": 538156.501, "y": 787954.26, "distance": 9265.0, "angle": 49.228808166209255 }, "geometry": { "type": "Point", "coordinates": [ 537399.421767278108746, 789211.101569901104085 ] } },
{ "type": "Feature", "properties": { "Layer": "ABEOKUTA_SPECIAL_PRIME", "Linetype": null, "EntityHand": "239", "Text": "S", "AREA_DEL": "SPECIAL_PRIME", "polygon": null, "x": 538156.501, "y": 787954.26, "distance": 9270.0, "angle": 49.228808166209255 }, "geometry": { "type": "Point", "coordinates": [ 537403.20838476868812, 789214.366769432672299 ] } },
{ "type": "Feature", "properties": { "Layer": "ABEOKUTA_SPECIAL_PRIME", "Linetype": null, "EntityHand": "239", "Text": "S", "AREA_DEL": "SPECIAL_PRIME", "polygon": null, "x": 538156.501, "y": 787954.26, "distance": 9275.0, "angle": 49.228808166209255 }, "geometry": { "type": "Point", "coordinates": [ 537406.995002259151079, 789217.631968964124098 ] } },
{ "type": "Feature", "properties": { "Layer": "ABEOKUTA_SPECIAL_PRIME", "Linetype": null, "EntityHand": "239", "Text": "S", "AREA_DEL": "SPECIAL_PRIME", "polygon": null, "x": 538156.501, "y": 787954.26, "distance": 9280.0, "angle": 49.228808166209255 }, "geometry": { "type": "Point", "coordinates": [ 537410.781619749730453, 789220.897168495692313 ] } },
{ "type": "Feature", "properties": { "Layer": "ABEOKUTA_SPECIAL_PRIME", "Linetype": null, "EntityHand": "239", "Text": "S", "AREA_DEL": "SPECIAL_PRIME", "polygon": null, "x": 538156.501, "y": 787954.26, "distance": 9285.0, "angle": 49.228808166209255 }, "geometry": { "type": "Point", "coordinates": [ 537414.568237240193412, 789224.162368027144112 ] } },
{ "type": "Feature", "properties": { "Layer": "ABEOKUTA_SPECIAL_PRIME", "Linetype": null, "EntityHand": "239", "Text": "S", "AREA_DEL": "SPECIAL_PRIME", "polygon": null, "x": 538156.501, "y": 787954.26, "distance": 9290.0, "angle": 57.794781874194591 }, "geometry": { "type": "Point", "coordinates": [ 537418.461565177189186, 789227.283294561668299 ] } },
{ "type": "Feature", "properties": { "Layer": "ABEOKUTA_SPECIAL_PRIME", "Linetype": null, "EntityHand": "239", "Text": "S", "AREA_DEL": "SPECIAL_PRIME", "polygon": null, "x": 538156.501, "y": 787954.26, "distance": 9295.0, "angle": 57.794781874194591 }, "geometry": { "type": "Point", "coordinates": [ 537422.692288335761987, 789229.94806125969626 ] } },
{ "type": "Feature", "properties": { "Layer": "ABEOKUTA_SPECIAL_PRIME", "Linetype": null, "EntityHand": "239", "Text": "S", "AREA_DEL": "SPECIAL_PRIME", "polygon": null, "x": 538156.501, "y": 787954.26, "distance": 9300.0, "angle": 57.794781874194591 }, "geometry": { "type": "Point", "coordinates": [ 537426.923011494451202, 789232.612827957840636 ] } },
{ "type": "Feature", "properties": { "Layer": "ABEOKUTA_SPECIAL_PRIME", "Linetype": null, "EntityHand": "239", "Text": "S", "AREA_DEL": "SPECIAL_PRIME", "polygon": null, "x": 538156.501, "y": 787954.26, "distance": 9305.0, "angle": 57.794781874194591 }, "geometry": { "type": "Point", "coordinates": [ 537431.153734653024003, 789235.277594655868597 ] } },
{ "type": "Feature", "properties": { "Layer": "ABEOKUTA_SPECIAL_PRIME", "Linetype": null, "EntityHand": "239", "Text": "S", "AREA_DEL": "SPECIAL_PRIME", "polygon": null, "x": 538156.501, "y": 787954.26, "distance": 9310.0, "angle": 57.794781874194591 }, "geometry": { "type": "Point", "coordinates": [ 537435.384457811596803, 789237.942361353896558 ] } },
{ "type": "Feature", "properties": { "Layer": "ABEOKUTA_SPECIAL_PRIME", "Linetype": null, "EntityHand": "239", "Text": "S", "AREA_DEL": "SPECIAL_PRIME", "polygon": null, "x": 538156.501, "y": 787954.26, "distance": 9315.0, "angle": 57.794781874194591 }, "geometry": { "type": "Point", "coordinates": [ 537439.615180970286019, 789240.607128052040935 ] } },
{ "type": "Feature", "properties": { "Layer": "ABEOKUTA_SPECIAL_PRIME", "Linetype": null, "EntityHand": "239", "Text": "S", "AREA_DEL": "SPECIAL_PRIME", "polygon": null, "x": 538156.501, "y": 787954.26, "distance": 9320.0, "angle": 57.794781874194591 }, "geometry": { "type": "Point", "coordinates": [ 537443.84590412885882, 789243.271894750068896 ] } },
{ "type": "Feature", "properties": { "Layer": "ABEOKUTA_SPECIAL_PRIME", "Linetype": null, "EntityHand": "239", "Text": "S", "AREA_DEL": "SPECIAL_PRIME", "polygon": null, "x": 538156.501, "y": 787954.26, "distance": 9325.0, "angle": 57.794781874194591 }, "geometry": { "type": "Point", "coordinates": [ 537448.076627287548035, 789245.936661448096856 ] } },
{ "type": "Feature", "properties": { "Layer": "ABEOKUTA_SPECIAL_PRIME", "Linetype": null, "EntityHand": "239", "Text": "S", "AREA_DEL": "SPECIAL_PRIME", "polygon": null, "x": 538156.501, "y": 787954.26, "distance": 9330.0, "angle": 46.686241033650994 }, "geometry": { "type": "Point", "coordinates": [ 537452.204054860514589, 789248.734790613292716 ] } },
{ "type": "Feature", "properties": { "Layer": "ABEOKUTA_SPECIAL_PRIME", "Linetype": null, "EntityHand": "239", "Text": "S", "AREA_DEL": "SPECIAL_PRIME", "polygon": null, "x": 538156.501, "y": 787954.26, "distance": 9335.0, "angle": 46.686241033650994 }, "geometry": { "type": "Point", "coordinates": [ 537455.842095084255561, 789252.164756113081239 ] } },
{ "type": "Feature", "properties": { "Layer": "ABEOKUTA_SPECIAL_PRIME", "Linetype": null, "EntityHand": "239", "Text": "S", "AREA_DEL": "SPECIAL_PRIME", "polygon": null, "x": 538156.501, "y": 787954.26, "distance": 9340.0, "angle": 46.686241033650994 }, "geometry": { "type": "Point", "coordinates": [ 537459.480135308112949, 789255.594721612986177 ] } },
{ "type": "Feature", "properties": { "Layer": "ABEOKUTA_SPECIAL_PRIME", "Linetype": null, "EntityHand": "239", "Text": "S", "AREA_DEL": "SPECIAL_PRIME", "polygon": null, "x": 538156.501, "y": 787954.26, "distance": 9345.0, "angle": 46.686241033650994 }, "geometry": { "type": "Point", "coordinates": [ 537463.118175531853922, 789259.0246871127747 ] } },
{ "type": "Feature", "properties": { "Layer": "ABEOKUTA_SPECIAL_PRIME", "Linetype": null, "EntityHand": "239", "Text": "S", "AREA_DEL": "SPECIAL_PRIME", "polygon": null, "x": 538156.501, "y": 787954.26, "distance": 9350.0, "angle": 46.686241033650994 }, "geometry": { "type": "Point", "coordinates": [ 537466.756215755594894, 789262.454652612563223 ] } },
{ "type": "Feature", "properties": { "Layer": "ABEOKUTA_SPECIAL_PRIME", "Linetype": null, "EntityHand": "239", "Text": "S", "AREA_DEL": "SPECIAL_PRIME", "polygon": null, "x": 538156.501, "y": 787954.26, "distance": 9355.0, "angle": 46.686241033650994 }, "geometry": { "type": "Point", "coordinates": [ 537470.394255979452282, 789265.884618112468161 ] } },
{ "type": "Feature", "properties": { "Layer": "ABEOKUTA_SPECIAL_PRIME", "Linetype": null, "EntityHand": "239", "Text": "S", "AREA_DEL": "SPECIAL_PRIME", "polygon": null, "x": 538156.501, "y": 787954.26, "distance": 9360.0, "angle": 46.686241033650994 }, "geometry": { "type": "Point", "coordinates": [ 537474.032296203193255, 789269.314583612256683 ] } },
{ "type": "Feature", "properties": { "Layer": "ABEOKUTA_SPECIAL_PRIME", "Linetype": null, "EntityHand": "239", "Text": "S", "AREA_DEL": "SPECIAL_PRIME", "polygon": null, "x": 538156.501, "y": 787954.26, "distance": 9365.0, "angle": 46.686241033650994 }, "geometry": { "type": "Point", "coordinates": [ 537477.670336427050643, 789272.744549112045206 ] } },
{ "type": "Feature", "properties": { "Layer": "ABEOKUTA_SPECIAL_PRIME", "Linetype": null, "EntityHand": "239", "Text": "S", "AREA_DEL": "SPECIAL_PRIME", "polygon": null, "x": 538156.501, "y": 787954.26, "distance": 9370.0, "angle": 46.686241033650994 }, "geometry": { "type": "Point", "coordinates": [ 537481.308376650791615, 789276.174514611950144 ] } },
{ "type": "Feature", "properties": { "Layer": "ABEOKUTA_SPECIAL_PRIME", "Linetype": null, "EntityHand": "239", "Text": "S", "AREA_DEL": "SPECIAL_PRIME", "polygon": null, "x": 538156.501, "y": 787954.26, "distance": 9375.0, "angle": 46.686241033650994 }, "geometry": { "type": "Point", "coordinates": [ 537484.946416874649003, 789279.604480111738667 ] } },
{ "type": "Feature", "properties": { "Layer": "ABEOKUTA_SPECIAL_PRIME", "Linetype": null, "EntityHand": "239", "Text": "S", "AREA_DEL": "SPECIAL_PRIME", "polygon": null, "x": 538156.501, "y": 787954.26, "distance": 9380.0, "angle": 46.686241033650994 }, "geometry": { "type": "Point", "coordinates": [ 537488.584457098389976, 789283.03444561152719 ] } },
{ "type": "Feature", "properties": { "Layer": "ABEOKUTA_SPECIAL_PRIME", "Linetype": null, "EntityHand": "239", "Text": "S", "AREA_DEL": "SPECIAL_PRIME", "polygon": null, "x": 538156.501, "y": 787954.26, "distance": 9385.0, "angle": 53.319518081549361 }, "geometry": { "type": "Point", "coordinates": [ 537492.45140347990673, 789286.191583530395292 ] } },
{ "type": "Feature", "properties": { "Layer": "ABEOKUTA_SPECIAL_PRIME", "Linetype": null, "EntityHand": "239", "Text": "S", "AREA_DEL": "SPECIAL_PRIME", "polygon": null, "x": 538156.501, "y": 787954.26, "distance": 9390.0, "angle": 53.319518081549361 }, "geometry": { "type": "Point", "coordinates": [ 537496.461299387738109, 789289.178343448438682 ] } },
{ "type": "Feature", "properties": { "Layer": "ABEOKUTA_SPECIAL_PRIME", "Linetype": null, "EntityHand": "239", "Text": "S", "AREA_DEL": "SPECIAL_PRIME", "polygon": null, "x": 538156.501, "y": 787954.26, "distance": 9395.0, "angle": 53.319518081549361 }, "geometry": { "type": "Point", "coordinates": [ 537500.471195295685902, 789292.165103366365656 ] } },
{ "type": "Feature", "properties": { "Layer": "ABEOKUTA_SPECIAL_PRIME", "Linetype": null, "EntityHand": "239", "Text": "S", "AREA_DEL": "SPECIAL_PRIME", "polygon": null, "x": 538156.501, "y": 787954.26, "distance": 9400.0, "angle": 53.319518081549361 }, "geometry": { "type": "Point", "coordinates": [ 537504.481091203633696, 789295.151863284292631 ] } },
{ "type": "Feature", "properties": { "Layer": "ABEOKUTA_SPECIAL_PRIME", "Linetype": null, "EntityHand": "239", "Text": "S", "AREA_DEL": "SPECIAL_PRIME", "polygon": null, "x": 538156.501, "y": 787954.26, "distance": 9405.0, "angle": 53.319518081549361 }, "geometry": { "type": "Point", "coordinates": [ 537508.490987111581489, 789298.138623202336021 ] } },
{ "type": "Feature", "properties": { "Layer": "ABEOKUTA_SPECIAL_PRIME", "Linetype": null, "EntityHand": "239", "Text": "S", "AREA_DEL": "SPECIAL_PRIME", "polygon": null, "x": 538156.501, "y": 787954.26, "distance": 9410.0, "angle": 53.319518081549361 }, "geometry": { "type": "Point", "coordinates": [ 537512.500883019529283, 789301.125383120262995 ] } },
{ "type": "Feature", "properties": { "Layer": "ABEOKUTA_SPECIAL_PRIME", "Linetype": null, "EntityHand": "239", "Text": "S", "AREA_DEL": "SPECIAL_PRIME", "polygon": null, "x": 538156.501, "y": 787954.26, "distance": 9415.0, "angle": 53.319518081549361 }, "geometry": { "type": "Point", "coordinates": [ 537516.510778927477077, 789304.11214303818997 ] } },
{ "type": "Feature", "properties": { "Layer": "ABEOKUTA_SPECIAL_PRIME", "Linetype": null, "EntityHand": "239", "Text": "S", "AREA_DEL": "SPECIAL_PRIME", "polygon": null, "x": 538156.501, "y": 787954.26, "distance": 9420.0, "angle": 53.319518081549361 }, "geometry": { "type": "Point", "coordinates": [ 537520.520674835308455, 789307.09890295623336 ] } },
{ "type": "Feature", "properties": { "Layer": "ABEOKUTA_SPECIAL_PRIME", "Linetype": null, "EntityHand": "239", "Text": "S", "AREA_DEL": "SPECIAL_PRIME", "polygon": null, "x": 538156.501, "y": 787954.26, "distance": 9425.0, "angle": 53.319518081549361 }, "geometry": { "type": "Point", "coordinates": [ 537524.530570743256249, 789310.085662874160334 ] } },
{ "type": "Feature", "properties": { "Layer": "ABEOKUTA_SPECIAL_PRIME", "Linetype": null, "EntityHand": "239", "Text": "S", "AREA_DEL": "SPECIAL_PRIME", "polygon": null, "x": 538156.501, "y": 787954.26, "distance": 9430.0, "angle": 53.319518081549361 }, "geometry": { "type": "Point", "coordinates": [ 537528.540466651204042, 789313.072422792087309 ] } },
{ "type": "Feature", "properties": { "Layer": "ABEOKUTA_SPECIAL_PRIME", "Linetype": null, "EntityHand": "239", "Text": "S", "AREA_DEL": "SPECIAL_PRIME", "polygon": null, "x": 538156.501, "y": 787954.26, "distance": 9435.0, "angle": 53.319518081549361 }, "geometry": { "type": "Point", "coordinates": [ 537532.550362559151836, 789316.059182710130699 ] } },
{ "type": "Feature", "properties": { "Layer": "ABEOKUTA_SPECIAL_PRIME", "Linetype": null, "EntityHand": "239", "Text": "S", "AREA_DEL": "SPECIAL_PRIME", "polygon": null, "x": 538156.501, "y": 787954.26, "distance": 9440.0, "angle": 53.319518081549361 }, "geometry": { "type": "Point", "coordinates": [ 537536.560258467099629, 789319.045942628057674 ] } },
{ "type": "Feature", "properties": { "Layer": "ABEOKUTA_SPECIAL_PRIME", "Linetype": null, "EntityHand": "239", "Text": "S", "AREA_DEL": "SPECIAL_PRIME", "polygon": null, "x": 538156.501, "y": 787954.26, "distance": 9445.0, "angle": 53.319518081549361 }, "geometry": { "type": "Point", "coordinates": [ 537540.570154374931008, 789322.032702546101063 ] } },
{ "type": "Feature", "properties": { "Layer": "ABEOKUTA_SPECIAL_PRIME", "Linetype": null, "EntityHand": "239", "Text": "S", "AREA_DEL": "SPECIAL_PRIME", "polygon": null, "x": 538156.501, "y": 787954.26, "distance": 9450.0, "angle": 53.319518081549361 }, "geometry": { "type": "Point", "coordinates": [ 537544.580050282878801, 789325.019462464028038 ] } }
]
}
